#chro	start	end	intro_prob	total_snp_num	intro_snp_num	gt_intro_num	gt_notcomp_num	gt_match_rate	cnv_intro_num	cnv_notcomp_num	cnv_match_rate	weighted_match_rate	mask_flag	ibs_final_flag	ibs_detail	Assembly_ID	Archaic	width_seg	posterior
C021-CHA-S01_2#Pat#chr2	1525396	1543594	0.957	179	59	0	31	0	59	87	0.4041	0.4041	PASS	den	0.568,0.8306,0.6354,0.7883,0.7698,0.8028,0.7948,0.7529,0.7749,0.7997,0.7835,0.7827,0.7745,0.7815,0.7979,0.7918,0.7818,0.8114,0.7419	C021-CHA-S01_2-Pat	Den	18198	0.957
C021-CHA-S01_2#Pat#chr2	3819041	3822093	0.729	34	4	4	0	1	0	34	0	1	PASS	den	0.8571,0.7714,1.0,0.5857,0.6857,0.5857,0.5143,0.5857,0.5571,0.5429,0.5571,0.6857,0.6143,0.6,0.6,0.7571,0.5143,0.5286,0.5429	C021-CHA-S01_2-Pat	Den	3052	0.729
C021-CHA-S01_2#Pat#chr2	5002939	5024583	0.955	189	15	15	26	0.3659	0	88	0	0.3659	PASS	den	0.7842,0.6921,0.8632,0.6211,0.6553,0.6526,0.6447,0.6789,0.6421,0.6579,0.6237,0.6237,0.65,0.6447,0.6579,0.65,0.7921,0.7737,0.7816	C021-CHA-S01_2-Pat	Den	21644	0.955
C021-CHA-S01_2#Pat#chr2	11238145	11373131	0.963	608	23	23	57	0.2875	0	113	0	0.2875	PASS	den	0.7488,0.6281,0.9048,0.6256,0.6626,0.6831,0.6355,0.6527,0.7044,0.6798,0.6617,0.7011,0.6634,0.6182,0.6962,0.642,0.665,0.6453,0.6445	C021-CHA-S01_2-Pat	Den	134986	0.963
C021-CHA-S01_2#Pat#chr2	26329708	26351080	0.913	135	15	5	34	0.1282	11	30	0.2683	0.2245	PASS	den	0.5489,0.7014,0.5912,0.5496,0.5395,0.5263,0.5586,0.5163,0.5676,0.5193,0.5503,0.46,0.5226,0.5183,0.4758,0.5088,0.5623,0.5791,0.5134	C021-CHA-S01_2-Pat	Den	21372	0.913
C021-CHA-S01_2#Pat#chr2	40291075	40296914	0.845	69	5	5	4	0.5556	0	59	0	0.5556	PASS	den	0.8643,0.7357,0.9429,0.65,0.5857,0.5857,0.7143,0.6357,0.6071,0.5786,0.6286,0.6071,0.6,0.6429,0.6429,0.6429,0.6214,0.6286,0.7643	C021-CHA-S01_2-Pat	Den	5839	0.845
C021-CHA-S01_2#Pat#chr2	44453841	44464759	0.817	81	5	5	7	0.4167	0	9	0	0.4167	PASS	den	0.7378,0.628,0.9085,0.5976,0.6037,0.6524,0.622,0.6037,0.5976,0.5854,0.5793,0.5976,0.5854,0.5854,0.5854,0.5854,0.7561,0.6037,0.5976	C021-CHA-S01_2-Pat	Den	10918	0.817
C021-CHA-S01_2#Pat#chr2	45934307	45943424	0.908	77	8	8	9	0.4706	0	11	0	0.4706	PASS	den	0.6538,0.6538,0.8846,0.6218,0.6603,0.641,0.6474,0.6474,0.6667,0.6731,0.6538,0.6282,0.6667,0.8077,0.6603,0.6603,0.8141,0.8077,0.7885	C021-CHA-S01_2-Pat	Den	9117	0.908
C021-CHA-S01_2#Pat#chr2	57289463	57299547	0.913	117	15	7	49	0.125	8	53	0.1311	0.1283	PASS	den	0.5585,0.6928,0.6021,0.5413,0.5525,0.5499,0.5208,0.528,0.5463,0.5255,0.5545,0.489,0.5371,0.5193,0.5934,0.5325,0.6481,0.5634,0.5464	C021-CHA-S01_2-Pat	Den	10084	0.913
C021-CHA-S01_2#Pat#chr2	57335959	57352872	0.947	188	21	21	43	0.3281	0	87	0	0.3281	PASS	den	0.7222,0.664,0.7672,0.5794,0.5767,0.5714,0.582,0.5688,0.5794,0.5661,0.5741,0.5714,0.5899,0.5926,0.7354,0.5741,0.7328,0.5873,0.5847	C021-CHA-S01_2-Pat	Den	16913	0.947
C021-CHA-S01_2#Pat#chr2	62709108	62713154	0.782	27	7	7	3	0.7	0	15	0	0.7	PASS	den	0.7143,0.5714,0.875,0.3393,0.3929,0.4286,0.3571,0.375,0.3393,0.4107,0.3393,0.3929,0.4107,0.3929,0.4107,0.3571,0.3571,0.4107,0.3571	C021-CHA-S01_2-Pat	Den	4046	0.782
C021-CHA-S01_2#Pat#chr2	67409934	67457366	0.972	282	21	21	38	0.3559	0	105	0	0.3559	PASS	den	0.7615,0.7456,0.841,0.7297,0.7049,0.712,0.7297,0.7155,0.7332,0.6996,0.7102,0.7367,0.7244,0.7226,0.8428,0.8322,0.8286,0.8269,0.7155	C021-CHA-S01_2-Pat	Den	47432	0.972
C021-CHA-S01_2#Pat#chr2	80116259	80130510	0.92	89	7	7	2	0.7778	0	15	0	0.7778	PASS	den	0.8389,0.7778,0.9778,0.7667,0.7444,0.7611,0.75,0.7778,0.7278,0.7333,0.7389,0.7111,0.7444,0.75,0.7444,0.6944,0.7444,0.8,0.75	C021-CHA-S01_2-Pat	Den	14251	0.92
C021-CHA-S01_2#Pat#chr2	89099509	89102052	0.889	119	38	0	4	0	38	65	0.3689	0.3689	PASS	den	0.3212,0.4139,0.3586,0.0697,0.0503,0.1531,0.0328,0.1496,0.143,0.043,0.0795,0.0323,0.142,0.1987,0.3911,0.1707,0.2633,0.2061,0.1304	C021-CHA-S01_2-Pat	Den	2543	0.889
C021-CHA-S01_2#Pat#chr2	95447950	95448113	0.517	3	3	3	0	1	0	3	0	1	PASS	den	0.75,0.625,1.0,0.25,0.25,0.125,0.25,0.25,0.25,0.25,0.25,0.25,0.25,0.25,0.25,0.25,0.25,0.25,0.25	C021-CHA-S01_2-Pat	Den	163	0.517
C021-CHA-S01_2#Pat#chr2	98907156	98941302	0.948	224	18	18	10	0.6429	0	37	0	0.6429	PASS	den	0.7711,0.6,0.9533,0.6044,0.4844,0.5956,0.5556,0.5956,0.6222,0.5778,0.5378,0.5644,0.6133,0.5133,0.4933,0.4889,0.56,0.4933,0.4956	C021-CHA-S01_2-Pat	Den	34146	0.948
C021-CHA-S01_2#Pat#chr2	109981759	110004988	0.899	133	10	10	2	0.8333	0	120	0	0.8333	PASS	den	0.9216,0.7276,0.9701,0.541,0.5634,0.6045,0.653,0.653,0.6455,0.5784,0.5933,0.5672,0.5821,0.653,0.6269,0.7052,0.6082,0.6231,0.5933	C021-CHA-S01_2-Pat	Den	23229	0.899
C021-CHA-S01_2#Pat#chr2	110084995	110094731	0.536	53	3	3	2	0.6	0	31	0	0.6	PASS	den	0.8981,0.6481,0.963,0.6296,0.5741,0.6111,0.6204,0.6389,0.6296,0.5278,0.5926,0.537,0.6019,0.5648,0.6296,0.6944,0.537,0.6296,0.537	C021-CHA-S01_2-Pat	Den	9736	0.536
C021-CHA-S01_2#Pat#chr2	129729559	129732972	0.907	112	32	1	14	0.0667	31	45	0.4079	0.3972	PASS	den	0.4566,0.5794,0.5444,0.2246,0.3366,0.2052,0.2159,0.2609,0.2968,0.1999,0.1589,0.29,0.2285,0.1925,0.5172,0.6729,0.6285,0.403,0.5122	C021-CHA-S01_2-Pat	Den	3413	0.907
C021-CHA-S01_2#Pat#chr2	134593502	134613761	0.811	139	15	5	7	0.4167	11	19	0.3667	0.3823	PASS	den	0.5555,0.5947,0.6639,0.6047,0.5451,0.6024,0.613,0.5751,0.555,0.6318,0.5601,0.5581,0.5907,0.5853,0.5845,0.5436,0.5969,0.5918,0.5419	C021-CHA-S01_2-Pat	Den	20259	0.811
C021-CHA-S01_2#Pat#chr2	136475316	136478662	0.55	23	3	3	1	0.75	0	5	0	0.75	PASS	den	0.8333,0.6667,0.9167,0.6667,0.6458,0.6458,0.6875,0.6667,0.6458,0.6458,0.6667,0.6458,0.6667,0.5417,0.5625,0.625,0.6875,0.6875,0.6875	C021-CHA-S01_2-Pat	Den	3346	0.55
C021-CHA-S01_2#Pat#chr2	139684929	139710336	0.965	225	17	17	18	0.4857	0	51	0	0.4857	PASS	den	0.7611,0.6681,0.9204,0.6504,0.6814,0.6881,0.615,0.6726,0.6173,0.6659,0.6394,0.6726,0.6327,0.7832,0.7633,0.6239,0.7743,0.615,0.6195	C021-CHA-S01_2-Pat	Den	25407	0.965
C021-CHA-S01_2#Pat#chr2	153075885	153099447	0.947	116	15	15	47	0.2419	0	32	0	0.2419	PASS	den	0.5556,0.5427,0.594,0.547,0.5128,0.5299,0.5299,0.547,0.5385,0.547,0.547,0.5299,0.5256,0.5427,0.6966,0.7094,0.547,0.7094,0.5256	C021-CHA-S01_2-Pat	Den	23562	0.947
C021-CHA-S01_2#Pat#chr2	182088513	182097715	0.78	71	5	5	13	0.2778	0	44	0	0.2778	PASS	den	0.75,0.5903,0.7917,0.5069,0.5,0.5139,0.4931,0.4931,0.5347,0.4931,0.5417,0.5139,0.4861,0.4861,0.6458,0.5139,0.6528,0.6528,0.6528	C021-CHA-S01_2-Pat	Den	9202	0.78
C021-CHA-S01_2#Pat#chr2	182347133	182360423	0.921	77	17	17	6	0.7391	0	18	0	0.7391	PASS	den	0.6218,0.4936,0.9038,0.5,0.5128,0.4936,0.4744,0.5064,0.5256,0.5,0.5128,0.5192,0.5064,0.6731,0.5256,0.5192,0.5192,0.5192,0.5128	C021-CHA-S01_2-Pat	Den	13290	0.921
C021-CHA-S01_2#Pat#chr2	182405007	182433868	0.917	201	16	16	13	0.5517	0	43	0	0.5517	PASS	den	0.7574,0.5272,0.9282,0.5347,0.5272,0.5495,0.4975,0.5248,0.5396,0.5198,0.5347,0.5396,0.4802,0.646,0.5693,0.6411,0.5223,0.5149,0.5198	C021-CHA-S01_2-Pat	Den	28861	0.917
C021-CHA-S01_2#Pat#chr2	182441301	182486645	0.796	365	18	14	23	0.3784	4	133	0.0292	0.3008	PASS	den	0.7788,0.5926,0.8537,0.54,0.5329,0.5375,0.5541,0.5592,0.5699,0.5285,0.5469,0.5604,0.4879,0.6178,0.5504,0.6233,0.5319,0.5356,0.5191	C021-CHA-S01_2-Pat	Den	45344	0.796
C021-CHA-S01_2#Pat#chr2	193456465	193465421	0.803	114	7	7	24	0.2258	0	95	0	0.2258	PASS	den	0.7348,0.7043,0.7783,0.6478,0.6522,0.6174,0.6739,0.6565,0.7,0.6391,0.5391,0.6348,0.6565,0.6696,0.6522,0.6652,0.6783,0.6783,0.6739	C021-CHA-S01_2-Pat	Den	8956	0.803
C021-CHA-S01_2#Pat#chr2	194525835	194545434	0.963	170	16	16	10	0.6154	0	14	0	0.6154	PASS	den	0.6754,0.5673,0.9357,0.6199,0.5731,0.5994,0.5614,0.5614,0.5263,0.6082,0.576,0.5819,0.6111,0.5906,0.6111,0.7018,0.5906,0.6082,0.5906	C021-CHA-S01_2-Pat	Den	19599	0.963
C021-CHA-S01_2#Pat#chr2	222331862	222336575	0.838	37	5	5	4	0.5556	0	2	0	0.5556	PASS	den	0.7368,0.6711,0.8947,0.6711,0.5789,0.5526,0.6316,0.6316,0.6842,0.6711,0.6579,0.6711,0.6711,0.7763,0.75,0.6842,0.8026,0.8026,0.8026	C021-CHA-S01_2-Pat	Den	4713	0.838
C021-CHA-S01_2#Pat#chr2	225650368	225744976	0.951	715	59	58	21	0.7342	1	159	0.0063	0.7218	PASS	den	0.8604,0.717,0.9571,0.6607,0.6285,0.6563,0.6652,0.6394,0.6573,0.6233,0.647,0.6739,0.6355,0.6685,0.6811,0.6272,0.6629,0.6369,0.6798	C021-CHA-S01_2-Pat	Den	94608	0.951
C021-CHA-S01_2#Pat#chr2	225788336	225867680	0.918	322	20	19	16	0.5429	1	73	0.0135	0.5164	PASS	den	0.8181,0.6819,0.9164,0.6658,0.6338,0.6215,0.6573,0.6046,0.6754,0.5945,0.6522,0.6514,0.6594,0.6601,0.6914,0.6097,0.6758,0.6153,0.6923	C021-CHA-S01_2-Pat	Den	79344	0.918
C021-CHA-S01_2#Pat#chr2	232453085	232503047	0.962	279	21	21	21	0.5	0	46	0	0.5	PASS	den	0.7357,0.6125,0.9214,0.6089,0.6625,0.6071,0.6179,0.6071,0.6375,0.5982,0.6143,0.6161,0.6268,0.6268,0.6054,0.6125,0.6286,0.6089,0.6036	C021-CHA-S01_2-Pat	Den	49962	0.962
C021-CHA-S01_2#Pat#chr1	205907	220579	0.922	85	16	16	10	0.6154	0	59	0	0.6154	PASS	den	0.8235,0.7,0.8765,0.5059,0.4941,0.5412,0.4706,0.5,0.5,0.5118,0.5235,0.5118,0.4941,0.5353,0.5176,0.7,0.5059,0.5118,0.5118	C021-CHA-S01_2-Pat	Den	14672	0.922
C021-CHA-S01_2#Pat#chr1	7511254	7538961	0.94	141	10	10	10	0.5	0	35	0	0.5	PASS	den	0.7993,0.7148,0.9261,0.6725,0.7289,0.669,0.7218,0.6937,0.6901,0.669,0.7289,0.7148,0.7148,0.7254,0.7113,0.7077,0.8063,0.7077,0.8204	C021-CHA-S01_2-Pat	Den	27707	0.94
C021-CHA-S01_2#Pat#chr1	12938387	12939027	0.553	8	3	3	1	0.75	0	6	0	0.75	PASS	den	0.7778,0.8333,0.8889,0.6667,0.5556,0.6667,0.6667,0.3889,0.6111,0.6667,0.6667,0.3889,0.4444,0.7222,0.7222,0.6111,0.7222,0.7222,0.7222	C021-CHA-S01_2-Pat	Den	640	0.553
C021-CHA-S01_2#Pat#chr1	14607135	14633689	0.944	226	41	41	26	0.6119	0	34	0	0.6119	PASS	den	0.8084,0.652,0.8833,0.4537,0.4581,0.4714,0.4317,0.4493,0.4802,0.4471,0.4736,0.4692,0.4515,0.4251,0.4119,0.4604,0.6608,0.4229,0.4295	C021-CHA-S01_2-Pat	Den	26554	0.944
C021-CHA-S01_2#Pat#chr1	15609030	15620392	0.948	228	31	31	39	0.4429	0	166	0	0.4429	PASS	den	0.7795,0.6114,0.8231,0.4192,0.3865,0.3362,0.4105,0.4607,0.4345,0.4061,0.4345,0.4869,0.4258,0.5568,0.5328,0.5218,0.4236,0.3777,0.3712	C021-CHA-S01_2-Pat	Den	11362	0.948
C021-CHA-S01_2#Pat#chr1	21544221	21568351	0.963	180	19	19	18	0.5135	0	69	0	0.5135	PASS	den	0.768,0.6768,0.9006,0.5912,0.5829,0.5801,0.5663,0.605,0.5608,0.5939,0.6022,0.5718,0.5856,0.605,0.6133,0.6077,0.7182,0.5967,0.6022	C021-CHA-S01_2-Pat	Den	24130	0.963
C021-CHA-S01_2#Pat#chr1	28088364	28108459	0.962	172	42	42	15	0.7368	0	69	0	0.7368	PASS	den	0.8382,0.6012,0.9046,0.5549,0.5,0.5058,0.5289,0.5087,0.5289,0.4711,0.5145,0.5491,0.4971,0.5607,0.7023,0.4942,0.5029,0.5,0.6908	C021-CHA-S01_2-Pat	Den	20095	0.962
C021-CHA-S01_2#Pat#chr1	30397881	30431286	0.952	237	17	17	13	0.5667	0	27	0	0.5667	PASS	den	0.8824,0.6828,0.9454,0.666,0.6408,0.6639,0.6618,0.6408,0.6218,0.5861,0.5798,0.6597,0.6261,0.666,0.6576,0.6618,0.6534,0.6239,0.6134	C021-CHA-S01_2-Pat	Den	33405	0.952
C021-CHA-S01_2#Pat#chr1	30942759	30964509	0.894	138	8	8	10	0.4444	0	29	0	0.4444	PASS	den	0.795,0.8058,0.9281,0.7554,0.7734,0.7842,0.7806,0.7734,0.759,0.7482,0.705,0.7086,0.7014,0.7158,0.7626,0.7554,0.7014,0.7626,0.7626	C021-CHA-S01_2-Pat	Den	21750	0.894
C021-CHA-S01_2#Pat#chr1	59632863	59646604	0.914	70	21	21	11	0.6562	0	16	0	0.6562	PASS	den	0.5915,0.4859,0.8451,0.4789,0.4789,0.4718,0.4859,0.5,0.493,0.5141,0.4789,0.493,0.5,0.6901,0.4859,0.4789,0.4648,0.4718,0.4718	C021-CHA-S01_2-Pat	Den	13741	0.914
C021-CHA-S01_2#Pat#chr1	68687200	68737481	0.937	272	20	20	26	0.4348	0	77	0	0.4348	PASS	den	0.8571,0.7399,0.9029,0.7125,0.7216,0.6758,0.6813,0.6832,0.685,0.6868,0.696,0.7308,0.6648,0.7125,0.6923,0.7161,0.7344,0.7326,0.7289	C021-CHA-S01_2-Pat	Den	50281	0.937
C021-CHA-S01_2#Pat#chr1	96612218	96616675	0.84	49	8	8	10	0.4444	0	27	0	0.4444	PASS	den	0.68,0.6,0.8,0.52,0.53,0.5,0.5,0.51,0.52,0.49,0.49,0.5,0.5,0.73,0.54,0.53,0.53,0.52,0.71	C021-CHA-S01_2-Pat	Den	4457	0.84
C021-CHA-S01_2#Pat#chr1	98694455	98696652	0.858	65	5	5	2	0.7143	0	63	0	0.7143	PASS	den	0.8788,0.6667,0.9697,0.4091,0.4924,0.4242,0.3939,0.3939,0.4091,0.4848,0.553,0.447,0.4091,0.4167,0.4394,0.4697,0.6364,0.4167,0.4015	C021-CHA-S01_2-Pat	Den	2197	0.858
C021-CHA-S01_2#Pat#chr1	118888796	118892074	0.637	59	4	4	1	0.8	0	43	0	0.8	PASS	den	0.8917,0.65,0.9833,0.575,0.575,0.575,0.5833,0.625,0.5917,0.6083,0.6167,0.575,0.6083,0.6333,0.6583,0.375,0.6417,0.5833,0.65	C021-CHA-S01_2-Pat	Den	3278	0.637
C021-CHA-S01_2#Pat#chr1	119188292	119222162	0.972	266	90	90	17	0.8411	0	108	0	0.8411	PASS	den	0.824,0.6199,0.9345,0.4532,0.4551,0.4588,0.47,0.47,0.4813,0.4551,0.4757,0.4569,0.4625,0.4757,0.4569,0.4607,0.4794,0.4625,0.4663	C021-CHA-S01_2-Pat	Den	33870	0.972
C021-CHA-S01_2#Pat#chr1	140680990	140703727	0.837	105	24	0	13	0	24	48	0.3333	0.3333	PASS	den	0.5789,0.7962,0.6227,0.3424,0.3734,0.3343,0.4128,0.3806,0.4433,0.4528,0.3746,0.4331,0.4224,0.5021,0.4378,0.4386,0.4268,0.4365,0.4254	C021-CHA-S01_2-Pat	Den	22737	0.837
C021-CHA-S01_2#Pat#chr1	141627256	141646298	0.944	157	20	20	30	0.4	0	79	0	0.4	PASS	den	0.7373,0.6614,0.807,0.6044,0.5981,0.5696,0.6171,0.6044,0.6044,0.6139,0.6108,0.6551,0.6171,0.6392,0.5949,0.5918,0.7152,0.6139,0.7184	C021-CHA-S01_2-Pat	Den	19042	0.944
C021-CHA-S01_2#Pat#chr1	142783050	142904209	0.94	812	158	75	58	0.5639	83	674	0.1096	0.3253	PASS	den	0.7689,0.7355,0.8497,0.4589,0.4542,0.4519,0.4949,0.4926,0.4837,0.4875,0.4991,0.5056,0.5026,0.5546,0.5051,0.4988,0.5123,0.5204,0.4991	C021-CHA-S01_2-Pat	Den	121159	0.94
C021-CHA-S01_2#Pat#chr1	147437220	147440421	0.519	21	3	3	1	0.75	0	8	0	0.75	PASS	den	0.9091,0.75,0.9545,0.7727,0.7273,0.7045,0.6591,0.7045,0.7273,0.6364,0.6818,0.7273,0.7273,0.75,0.7273,0.7045,0.75,0.8409,0.8409	C021-CHA-S01_2-Pat	Den	3201	0.519
C021-CHA-S01_2#Pat#chr1	147779597	147806778	0.821	109	6	6	5	0.5455	0	29	0	0.5455	PASS	den	0.8909,0.8273,0.9364,0.7227,0.7591,0.7,0.7864,0.7636,0.7591,0.7273,0.7591,0.7091,0.7318,0.8636,0.8409,0.7864,0.8318,0.7909,0.7864	C021-CHA-S01_2-Pat	Den	27181	0.821
C021-CHA-S01_2#Pat#chr1	157786054	157818905	0.944	191	20	20	22	0.4762	0	51	0	0.4762	PASS	den	0.724,0.6875,0.8828,0.7083,0.7005,0.7083,0.6901,0.6979,0.6979,0.7135,0.6901,0.7188,0.7031,0.7057,0.7969,0.8255,0.8307,0.7969,0.7943	C021-CHA-S01_2-Pat	Den	32851	0.944
C021-CHA-S01_2#Pat#chr1	166835808	166849894	0.732	70	4	4	11	0.2667	0	24	0	0.2667	PASS	den	0.7254,0.6408,0.8451,0.6056,0.5845,0.6268,0.669,0.5775,0.6268,0.6268,0.6197,0.5915,0.6268,0.5845,0.6761,0.7676,0.6831,0.7465,0.7676	C021-CHA-S01_2-Pat	Den	14086	0.732
C021-CHA-S01_2#Pat#chr1	180343501	180368110	0.957	154	21	21	10	0.6774	0	41	0	0.6774	PASS	den	0.7387,0.7065,0.9323,0.6742,0.6935,0.7065,0.6968,0.6742,0.6677,0.7065,0.6935,0.6871,0.7065,0.6968,0.7065,0.7097,0.7935,0.8161,0.8129	C021-CHA-S01_2-Pat	Den	24609	0.957
C021-CHA-S01_2#Pat#chr1	188983030	189009472	0.941	130	14	14	16	0.4667	0	41	0	0.4667	PASS	den	0.7863,0.6641,0.8779,0.6603,0.6679,0.6412,0.6679,0.6183,0.5992,0.6107,0.6107,0.6221,0.6298,0.6985,0.7023,0.7023,0.7099,0.6183,0.7099	C021-CHA-S01_2-Pat	Den	26442	0.941
C021-CHA-S01_2#Pat#chr1	209779512	209786997	0.927	100	9	9	13	0.4091	0	88	0	0.4091	PASS	den	0.7822,0.5248,0.8663,0.3069,0.495,0.3317,0.4455,0.5,0.3366,0.3416,0.3267,0.505,0.4455,0.3218,0.3168,0.3218,0.5644,0.5941,0.599	C021-CHA-S01_2-Pat	Den	7485	0.927
C021-CHA-S01_2#Pat#chr1	211882164	211885992	0.861	67	8	8	1	0.8889	0	63	0	0.8889	PASS	den	0.8824,0.8456,0.9706,0.75,0.6912,0.7353,0.7279,0.6544,0.7132,0.7353,0.75,0.7647,0.6471,0.7794,0.7721,0.7574,0.7353,0.7353,0.7206	C021-CHA-S01_2-Pat	Den	3828	0.861
C021-CHA-S01_2#Pat#chr1	215765669	215780165	0.723	137	6	6	9	0.4	0	124	0	0.4	PASS	den	0.8804,0.8043,0.9275,0.7029,0.7101,0.6594,0.7862,0.6993,0.7428,0.75,0.779,0.7536,0.7609,0.7645,0.6522,0.8188,0.6739,0.8188,0.6739	C021-CHA-S01_2-Pat	Den	14496	0.723
C021-CHA-S01_2#Pat#chr4	2287977	2388184	0.985	836	58	57	21	0.7308	1	174	0.0057	0.7183	PASS	den	0.8005,0.7091,0.9628,0.6505,0.6755,0.633,0.6261,0.6614,0.633,0.6306,0.6298,0.6516,0.686,0.6553,0.6568,0.6551,0.7348,0.7465,0.6557	C021-CHA-S01_2-Pat	Den	100207	0.985
C021-CHA-S01_2#Pat#chr4	2486300	2506338	0.921	127	8	8	7	0.5333	0	34	0	0.5333	PASS	den	0.8828,0.8047,0.9375,0.7617,0.793,0.7383,0.7734,0.7383,0.7539,0.7266,0.7148,0.7422,0.7852,0.7578,0.75,0.7891,0.7812,0.7734,0.7656	C021-CHA-S01_2-Pat	Den	20038	0.921
C021-CHA-S01_2#Pat#chr4	3473452	3476818	0.725	42	9	2	8	0.2	7	18	0.28	0.2622	PASS	den	0.6253,0.7719,0.6642,0.6447,0.6777,0.6428,0.578,0.6123,0.5966,0.6098,0.6401,0.6359,0.6127,0.6683,0.6093,0.6442,0.6004,0.6155,0.6671	C021-CHA-S01_2-Pat	Den	3366	0.725
C021-CHA-S01_2#Pat#chr4	3946716	3950957	0.677	85	10	3	13	0.1875	7	49	0.125	0.1437	PASS	den	0.6393,0.7934,0.7052,0.3728,0.3964,0.3929,0.3349,0.418,0.3397,0.4262,0.5028,0.4595,0.3541,0.5118,0.4671,0.4257,0.5918,0.6615,0.7252	C021-CHA-S01_2-Pat	Den	4241	0.677
C021-CHA-S01_2#Pat#chr4	4033942	4040261	0.677	90	6	6	5	0.5455	0	60	0	0.5455	PASS	den	0.7637,0.6374,0.9451,0.6209,0.6154,0.456,0.5879,0.5879,0.4505,0.5934,0.456,0.5879,0.6209,0.6758,0.6264,0.6209,0.5989,0.544,0.478	C021-CHA-S01_2-Pat	Den	6319	0.677
C021-CHA-S01_2#Pat#chr4	8917218	8920321	0.78	31	7	7	1	0.875	0	29	0	0.875	PASS	den	0.8594,0.7188,0.9688,0.4531,0.5781,0.5469,0.5625,0.5781,0.5625,0.5,0.5,0.5625,0.4844,0.6094,0.5938,0.5938,0.6094,0.5781,0.5938	C021-CHA-S01_2-Pat	Den	3103	0.78
C021-CHA-S01_2#Pat#chr4	9481381	9494073	0.809	344	55	1	24	0.04	54	207	0.2069	0.2039	PASS	den	0.5704,0.7288,0.6222,0.3054,0.2973,0.2014,0.2602,0.0722,0.1918,0.1443,0.2011,0.4255,0.1554,0.3171,0.3082,0.3025,0.3347,0.3224,0.2612	C021-CHA-S01_2-Pat	Den	12692	0.809
C021-CHA-S01_2#Pat#chr4	9565814	9574769	0.829	110	6	6	19	0.24	0	64	0	0.24	PASS	den	0.7703,0.7162,0.8288,0.6667,0.6622,0.6532,0.6712,0.6712,0.6486,0.6261,0.6261,0.6216,0.7072,0.6802,0.6757,0.6802,0.6802,0.6892,0.6667	C021-CHA-S01_2-Pat	Den	8955	0.829
C021-CHA-S01_2#Pat#chr4	9586713	9607362	0.864	349	14	14	97	0.1261	0	175	0	0.1261	PASS	den	0.6814,0.62,0.7157,0.5143,0.5214,0.5057,0.52,0.54,0.51,0.5186,0.5157,0.5114,0.6229,0.5086,0.5129,0.5443,0.51,0.4971,0.4971	C021-CHA-S01_2-Pat	Den	20649	0.864
C021-CHA-S01_2#Pat#chr4	10285296	10295739	0.652	84	5	5	0	1	0	84	0	1	PASS	den	0.6824,0.6882,0.9882,0.6882,0.7765,0.6941,0.6647,0.7471,0.6941,0.7235,0.6765,0.7588,0.7059,0.7118,0.7824,0.7588,0.7529,0.6765,0.8118	C021-CHA-S01_2-Pat	Den	10443	0.652
C021-CHA-S01_2#Pat#chr4	38900686	38937478	0.975	281	46	46	3	0.9388	0	37	0	0.9388	PASS	den	0.7837,0.6525,0.9752,0.6064,0.6028,0.6064,0.6312,0.6082,0.6117,0.578,0.5869,0.6028,0.5887,0.6046,0.5833,0.6294,0.6082,0.5816,0.5851	C021-CHA-S01_2-Pat	Den	36792	0.975
C021-CHA-S01_2#Pat#chr4	39968272	39991532	0.938	172	23	23	26	0.4694	0	57	0	0.4694	PASS	den	0.6503,0.6821,0.8382,0.5607,0.5896,0.5838,0.5925,0.6272,0.5636,0.5607,0.5665,0.5954,0.6301,0.5954,0.7543,0.6994,0.7197,0.7139,0.7428	C021-CHA-S01_2-Pat	Den	23260	0.938
C021-CHA-S01_2#Pat#chr4	83240021	83266134	0.887	103	7	7	15	0.3182	0	12	0	0.3182	PASS	den	0.7692,0.7212,0.851,0.7452,0.7644,0.774,0.7837,0.7644,0.7644,0.7692,0.7308,0.7933,0.7788,0.8606,0.7788,0.8029,0.7981,0.7596,0.8029	C021-CHA-S01_2-Pat	Den	26113	0.887
C021-CHA-S01_2#Pat#chr4	96546591	96551675	0.876	52	6	6	2	0.75	0	41	0	0.75	PASS	den	0.8396,0.8208,0.9623,0.7642,0.7264,0.6792,0.7547,0.7642,0.7264,0.7547,0.7736,0.7642,0.6509,0.7736,0.7736,0.7453,0.783,0.7736,0.7642	C021-CHA-S01_2-Pat	Den	5084	0.876
C021-CHA-S01_2#Pat#chr4	115288493	115293981	0.747	36	4	4	1	0.8	0	3	0	0.8	PASS	den	0.8784,0.6757,0.9595,0.5405,0.5,0.5405,0.5811,0.5,0.5946,0.5405,0.5405,0.5,0.6081,0.6081,0.5405,0.5946,0.5811,0.5946,0.5811	C021-CHA-S01_2-Pat	Den	5488	0.747
C021-CHA-S01_2#Pat#chr4	118008049	118027046	0.826	167	9	9	14	0.3913	0	54	0	0.3913	PASS	den	0.5476,0.5179,0.9107,0.4792,0.4881,0.4851,0.494,0.4643,0.497,0.4792,0.6071,0.4821,0.4821,0.7024,0.7262,0.4821,0.4851,0.4851,0.7292	C021-CHA-S01_2-Pat	Den	18997	0.826
C021-CHA-S01_2#Pat#chr4	126048399	126059197	0.85	59	5	5	17	0.2273	0	6	0	0.2273	PASS	den	0.6333,0.5167,0.7,0.5417,0.525,0.5667,0.525,0.4917,0.525,0.5083,0.525,0.525,0.5167,0.675,0.6833,0.6833,0.5083,0.5,0.4917	C021-CHA-S01_2-Pat	Den	10798	0.85
C021-CHA-S01_2#Pat#chr4	146723655	146749528	0.654	233	9	9	38	0.1915	0	116	0	0.1915	PASS	den	0.6581,0.6538,0.8312,0.6325,0.5406,0.5577,0.656,0.6944,0.7009,0.5513,0.5598,0.7094,0.5791,0.5534,0.7308,0.7436,0.7457,0.7436,0.7415	C021-CHA-S01_2-Pat	Den	25873	0.654
C021-CHA-S01_2#Pat#chr4	151703467	151724267	0.915	116	8	8	6	0.5714	0	12	0	0.5714	PASS	den	0.7949,0.688,0.9359,0.6795,0.6581,0.688,0.6709,0.6538,0.688,0.6838,0.6752,0.6923,0.6923,0.7094,0.6496,0.641,0.6624,0.6709,0.6923	C021-CHA-S01_2-Pat	Den	20800	0.915
C021-CHA-S01_2#Pat#chr4	164966454	164978725	0.924	78	11	11	9	0.55	0	15	0	0.55	PASS	den	0.6139,0.5823,0.8797,0.5886,0.5949,0.5823,0.6013,0.5949,0.5823,0.5886,0.538,0.5886,0.6076,0.5949,0.5949,0.5696,0.7532,0.7342,0.5633	C021-CHA-S01_2-Pat	Den	12271	0.924
C021-CHA-S01_2#Pat#chr4	171055449	171079564	0.922	118	9	8	10	0.4444	1	28	0.0345	0.3989	PASS	den	0.7239,0.6271,0.8066,0.6544,0.6398,0.6498,0.632,0.6635,0.6199,0.6289,0.622,0.6652,0.6543,0.6054,0.655,0.6594,0.6706,0.6593,0.6763	C021-CHA-S01_2-Pat	Den	24115	0.922
C021-CHA-S01_2#Pat#chr4	177911792	177916376	0.863	56	5	5	3	0.625	0	54	0	0.625	PASS	den	0.8947,0.6579,0.9474,0.614,0.5965,0.614,0.5965,0.6316,0.4474,0.5965,0.614,0.6228,0.5526,0.6842,0.5877,0.6754,0.6842,0.4474,0.6754	C021-CHA-S01_2-Pat	Den	4584	0.863
C021-CHA-S01_2#Pat#chr4	192630962	192652336	0.954	149	16	16	16	0.5	0	95	0	0.5	PASS	den	0.7667,0.6967,0.89,0.59,0.59,0.6133,0.6033,0.6633,0.68,0.6033,0.61,0.65,0.6267,0.6267,0.7333,0.6133,0.75,0.76,0.76	C021-CHA-S01_2-Pat	Den	21374	0.954
C021-CHA-S01_2#Pat#chr3	30428770	30485317	0.929	299	22	22	17	0.5641	0	67	0	0.5641	PASS	den	0.785,0.6817,0.87,0.6567,0.6617,0.6733,0.65,0.6867,0.6517,0.68,0.6717,0.66,0.6633,0.7233,0.66,0.6783,0.7183,0.6717,0.6767	C021-CHA-S01_2-Pat	Den	56547	0.929
C021-CHA-S01_2#Pat#chr3	33182278	33194484	0.926	80	18	18	16	0.5294	0	13	0	0.5294	PASS	den	0.5802,0.5432,0.784,0.5185,0.5185,0.5185,0.5123,0.5247,0.5247,0.5432,0.5,0.5247,0.5309,0.5247,0.5123,0.5,0.716,0.6173,0.716	C021-CHA-S01_2-Pat	Den	12206	0.926
C021-CHA-S01_2#Pat#chr3	38302451	38327928	0.972	215	100	99	15	0.8684	1	48	0.0204	0.8599	PASS	den	0.4617,0.4607,0.927,0.3875,0.3791,0.3835,0.3812,0.3968,0.3898,0.3764,0.3763,0.3784,0.3922,0.3995,0.3974,0.6653,0.393,0.3951,0.3946	C021-CHA-S01_2-Pat	Den	25477	0.972
C021-CHA-S01_2#Pat#chr3	56619439	56625793	0.926	89	11	9	8	0.5294	2	53	0.0364	0.4398	PASS	den	0.7769,0.7041,0.8579,0.6105,0.6242,0.6307,0.6075,0.6275,0.6286,0.6048,0.6174,0.5772,0.5639,0.6312,0.6349,0.6481,0.6089,0.6006,0.6046	C021-CHA-S01_2-Pat	Den	6354	0.926
C021-CHA-S01_2#Pat#chr3	100343723	100356206	0.907	89	20	1	25	0.0385	19	32	0.3725	0.3558	PASS	den	0.4475,0.6449,0.5084,0.534,0.4735,0.483,0.4937,0.4541,0.4909,0.5025,0.5806,0.5491,0.4314,0.3902,0.56,0.405,0.5459,0.5891,0.5163	C021-CHA-S01_2-Pat	Den	12483	0.907
C021-CHA-S01_2#Pat#chr3	108179696	108203936	0.799	154	7	7	15	0.3182	0	33	0	0.3182	PASS	den	0.7968,0.6613,0.8968,0.6548,0.6581,0.6613,0.6839,0.6677,0.6774,0.6581,0.6774,0.6806,0.6387,0.6516,0.6871,0.6419,0.6645,0.7581,0.6903	C021-CHA-S01_2-Pat	Den	24240	0.799
C021-CHA-S01_2#Pat#chr3	115136837	115141778	0.855	63	5	5	3	0.625	0	61	0	0.625	PASS	den	0.8906,0.8672,0.9531,0.6875,0.8203,0.7969,0.6719,0.7656,0.7734,0.8359,0.7344,0.6797,0.6953,0.8125,0.8203,0.8281,0.8203,0.8281,0.8281	C021-CHA-S01_2-Pat	Den	4941	0.855
C021-CHA-S01_2#Pat#chr3	123961841	123979458	0.796	102	7	7	16	0.3043	0	20	0	0.3043	PASS	den	0.7573,0.6699,0.8398,0.6699,0.6505,0.6456,0.665,0.6408,0.6602,0.6602,0.699,0.6748,0.6602,0.6893,0.6408,0.6602,0.7913,0.7864,0.6845	C021-CHA-S01_2-Pat	Den	17617	0.796
C021-CHA-S01_2#Pat#chr3	127624215	127647600	0.877	186	14	12	18	0.4	2	72	0.027	0.3467	PASS	den	0.7135,0.6447,0.8512,0.5551,0.4984,0.5116,0.5704,0.5566,0.5454,0.5366,0.5392,0.5521,0.5789,0.5447,0.6422,0.6591,0.5733,0.6802,0.6056	C021-CHA-S01_2-Pat	Den	23385	0.877
C021-CHA-S01_2#Pat#chr3	136697650	136709304	0.892	124	11	11	22	0.3333	0	74	0	0.3333	PASS	den	0.768,0.664,0.824,0.572,0.58,0.572,0.572,0.588,0.6,0.568,0.58,0.548,0.58,0.736,0.74,0.592,0.748,0.744,0.752	C021-CHA-S01_2-Pat	Den	11654	0.892
C021-CHA-S01_2#Pat#chr3	137732710	137745900	0.733	75	5	5	9	0.3571	0	24	0	0.3571	PASS	den	0.7237,0.6579,0.875,0.6645,0.6776,0.6645,0.6776,0.6842,0.6711,0.6711,0.7105,0.6711,0.6974,0.8092,0.8158,0.8158,0.7763,0.7895,0.7961	C021-CHA-S01_2-Pat	Den	13190	0.733
C021-CHA-S01_2#Pat#chr3	150006686	150006750	0.501	2	2	2	0	1	0	1	0	1	PASS	den	0.3333,0.0,1.0,0.1667,0.1667,0.1667,0.1667,0.1667,0.1667,0.1667,0.1667,0.1667,0.1667,0.1667,0.1667,0.1667,0.5,0.5,0.1667	C021-CHA-S01_2-Pat	Den	64	0.501
C021-CHA-S01_2#Pat#chr3	151172224	151185814	0.95	123	43	43	16	0.7288	0	25	0	0.7288	PASS	den	0.5484,0.5645,0.8629,0.4798,0.4919,0.4919,0.4798,0.4919,0.4839,0.4718,0.4718,0.4798,0.4798,0.4879,0.4919,0.4919,0.4798,0.6774,0.7339	C021-CHA-S01_2-Pat	Den	13590	0.95
C021-CHA-S01_2#Pat#chr3	189633732	189639564	0.905	64	19	16	2	0.8889	3	10	0.2308	0.785	PASS	den	0.6882,0.6569,0.9052,0.6081,0.6177,0.6265,0.6083,0.6196,0.6132,0.5965,0.6087,0.6229,0.6031,0.7067,0.723,0.7085,0.6153,0.6199,0.6962	C021-CHA-S01_2-Pat	Den	5832	0.905
C021-CHA-S01_2#Pat#chr3	197457493	197459924	0.639	30	13	0	18	0	13	6	0.6842	0.6842	PASS	den	0.4347,0.6652,0.5637,0.1993,0.1707,0.2001,0.0467,0.0495,0.178,0.1703,0.3481,0.2022,0.1756,0.5825,0.095,0.3511,0.4809,0.5219,0.5228	C021-CHA-S01_2-Pat	Den	2431	0.639
C021-CHA-S01_2#Pat#chr3	197715801	197747478	0.888	200	10	10	5	0.6667	0	196	0	0.6667	PASS	den	0.9204,0.7313,0.9726,0.6169,0.6144,0.6318,0.6318,0.5896,0.6393,0.6169,0.6443,0.6169,0.6418,0.7114,0.6244,0.6119,0.6791,0.6343,0.7015	C021-CHA-S01_2-Pat	Den	31677	0.888
C021-CHA-S01_2#Pat#chr6	19464444	19477294	0.893	141	7	7	20	0.2593	0	81	0	0.2593	PASS	den	0.7817,0.7359,0.8556,0.6866,0.6725,0.6761,0.7007,0.7218,0.6585,0.7077,0.6725,0.6655,0.6655,0.7923,0.7042,0.6479,0.6866,0.6831,0.6549	C021-CHA-S01_2-Pat	Den	12850	0.893
C021-CHA-S01_2#Pat#chr6	26149061	26159056	0.841	57	5	5	8	0.3846	0	16	0	0.3846	PASS	den	0.6724,0.6983,0.8621,0.6724,0.6897,0.7069,0.6724,0.6897,0.6724,0.681,0.6724,0.6724,0.7155,0.6897,0.6897,0.6466,0.681,0.6983,0.7069	C021-CHA-S01_2-Pat	Den	9995	0.841
C021-CHA-S01_2#Pat#chr6	26812933	26824935	0.643	44	4	4	2	0.6667	0	38	0	0.6667	PASS	den	0.8778,0.8,0.9556,0.7111,0.7333,0.6444,0.7,0.7333,0.6556,0.5889,0.7222,0.7667,0.7556,0.6778,0.6333,0.7333,0.6111,0.6111,0.6333	C021-CHA-S01_2-Pat	Den	12002	0.643
C021-CHA-S01_2#Pat#chr6	27314166	27351110	0.663	129	6	6	18	0.25	0	21	0	0.25	PASS	den	0.8115,0.7077,0.8615,0.6846,0.7192,0.7,0.7269,0.7192,0.6962,0.7038,0.7038,0.7038,0.7115,0.7,0.6885,0.7231,0.6962,0.6962,0.6962	C021-CHA-S01_2-Pat	Den	36944	0.663
C021-CHA-S01_2#Pat#chr6	29757508	29776765	0.973	375	36	29	146	0.1657	7	172	0.0391	0.1411	PASS	den	0.5642,0.505,0.6027,0.3631,0.3854,0.4525,0.4543,0.4325,0.3947,0.3557,0.3592,0.4553,0.4195,0.3726,0.4125,0.4591,0.3764,0.3607,0.3721	C021-CHA-S01_2-Pat	Den	19257	0.973
C021-CHA-S01_2#Pat#chr6	29793114	29798835	0.892	106	6	6	28	0.1765	0	26	0	0.1765	PASS	den	0.5047,0.3645,0.6168,0.3505,0.3832,0.3738,0.4533,0.4393,0.3738,0.4299,0.3551,0.4486,0.4439,0.5888,0.3738,0.4533,0.5981,0.5981,0.5981	C021-CHA-S01_2-Pat	Den	5721	0.892
C021-CHA-S01_2#Pat#chr6	30760189	30788005	0.968	195	73	73	3	0.9605	0	49	0	0.9605	PASS	den	0.5536,0.4796,0.7934,0.3929,0.3776,0.3903,0.3903,0.398,0.398,0.3954,0.3954,0.398,0.398,0.4158,0.3903,0.3776,0.3903,0.3878,0.4005	C021-CHA-S01_2-Pat	Den	27816	0.968
C021-CHA-S01_2#Pat#chr6	31781586	31849777	0.827	233	10	9	7	0.5625	1	56	0.0175	0.508	PASS	den	0.8466,0.7907,0.9045,0.7409,0.7526,0.7432,0.7567,0.7165,0.7436,0.7358,0.7168,0.7461,0.7224,0.8072,0.7703,0.7723,0.7547,0.7184,0.7518	C021-CHA-S01_2-Pat	Den	68191	0.827
C021-CHA-S01_2#Pat#chr6	32237486	32238885	0.568	21	3	3	4	0.4286	0	8	0	0.4286	PASS	den	0.5909,0.5455,0.7273,0.5227,0.5227,0.5227,0.4318,0.5,0.3864,0.4318,0.5227,0.4091,0.4318,0.6591,0.5,0.5,0.6591,0.4773,0.5227	C021-CHA-S01_2-Pat	Den	1399	0.568
C021-CHA-S01_2#Pat#chr6	39524855	39532167	0.905	64	8	8	10	0.4444	0	48	0	0.4444	PASS	den	0.7462,0.7231,0.8308,0.6846,0.6769,0.6923,0.6462,0.6385,0.6923,0.6538,0.6615,0.6615,0.6615,0.6385,0.6615,0.6308,0.6154,0.7,0.6385	C021-CHA-S01_2-Pat	Den	7312	0.905
C021-CHA-S01_2#Pat#chr6	51266660	51276553	0.866	50	9	9	3	0.75	0	8	0	0.75	PASS	den	0.6667,0.5686,0.8039,0.5588,0.549,0.5686,0.5686,0.5196,0.5588,0.549,0.5882,0.5588,0.5882,0.7255,0.5588,0.5294,0.5588,0.7353,0.5686	C021-CHA-S01_2-Pat	Den	9893	0.866
C021-CHA-S01_2#Pat#chr6	51744699	51776702	0.961	174	65	63	4	0.9403	2	31	0.0606	0.9132	PASS	den	0.5772,0.534,0.7923,0.4839,0.4929,0.5008,0.5045,0.4859,0.5045,0.4702,0.4922,0.5089,0.4933,0.4961,0.7006,0.5036,0.4909,0.6951,0.4958	C021-CHA-S01_2-Pat	Den	32003	0.961
C021-CHA-S01_2#Pat#chr6	53667245	53689664	0.964	183	81	81	18	0.8182	0	40	0	0.8182	PASS	den	0.7473,0.6467,0.9022,0.394,0.4076,0.4022,0.394,0.413,0.4022,0.3995,0.4212,0.4185,0.4076,0.4212,0.4239,0.4049,0.413,0.4158,0.4158	C021-CHA-S01_2-Pat	Den	22419	0.964
C021-CHA-S01_2#Pat#chr6	77768042	77862703	0.942	676	38	37	32	0.5362	1	246	0.004	0.5222	PASS	den	0.7858,0.642,0.9348,0.6361,0.6335,0.6401,0.6588,0.5994,0.6453,0.6564,0.6595,0.5935,0.6657,0.597,0.6512,0.6355,0.7245,0.6025,0.6327	C021-CHA-S01_2-Pat	Den	94661	0.942
C021-CHA-S01_2#Pat#chr6	97450901	97504600	0.971	305	23	23	68	0.2527	0	91	0	0.2527	PASS	den	0.6977,0.598,0.7663,0.5458,0.5735,0.5621,0.5703,0.5261,0.5458,0.5801,0.5458,0.5801,0.5654,0.567,0.5474,0.5343,0.5621,0.567,0.5507	C021-CHA-S01_2-Pat	Den	53699	0.971
C021-CHA-S01_2#Pat#chr6	102038000	102043231	0.877	57	6	6	8	0.4286	0	49	0	0.4286	PASS	den	0.7931,0.6638,0.8534,0.5776,0.431,0.4483,0.4397,0.4224,0.431,0.569,0.4397,0.4397,0.4138,0.431,0.4138,0.4483,0.3966,0.4138,0.4483	C021-CHA-S01_2-Pat	Den	5231	0.877
C021-CHA-S01_2#Pat#chr6	106932189	106969416	0.74	112	5	5	9	0.3571	0	31	0	0.3571	PASS	den	0.8451,0.7124,0.9204,0.677,0.7168,0.7168,0.7212,0.6947,0.6858,0.6991,0.6947,0.7212,0.6903,0.708,0.7124,0.6903,0.6726,0.7124,0.7168	C021-CHA-S01_2-Pat	Den	37227	0.74
C021-CHA-S01_2#Pat#chr6	112670577	112688026	0.933	92	14	14	7	0.6667	0	30	0	0.6667	PASS	den	0.871,0.672,0.9247,0.5753,0.5806,0.5699,0.5806,0.5753,0.5806,0.5753,0.5645,0.5753,0.5753,0.5591,0.5484,0.5484,0.586,0.586,0.5645	C021-CHA-S01_2-Pat	Den	17449	0.933
C021-CHA-S01_2#Pat#chr6	165743136	165748459	0.921	79	8	8	4	0.6667	0	66	0	0.6667	PASS	den	0.8313,0.7312,0.95,0.675,0.575,0.5687,0.525,0.55,0.5312,0.55,0.5625,0.5563,0.55,0.5563,0.5687,0.7188,0.5312,0.7188,0.5437	C021-CHA-S01_2-Pat	Den	5323	0.921
C021-CHA-S01_2#Pat#chr6	171427883	171433561	0.913	81	12	12	18	0.4	0	32	0	0.4	PASS	den	0.7256,0.6159,0.7683,0.4817,0.5,0.4939,0.5,0.5122,0.5061,0.5183,0.4878,0.5427,0.5244,0.5122,0.6341,0.5244,0.5793,0.6159,0.6159	C021-CHA-S01_2-Pat	Den	5678	0.913
C021-CHA-S01_2#Pat#chr5	17717589	17754260	0.982	722	275	0	27	0	275	383	0.4179	0.4179	PASS	den	0.237,0.4667,0.3444,0.1095,0.0906,0.0934,0.1024,0.0931,0.086,0.1022,0.0919,0.1252,0.0792,0.0914,0.0917,0.076,0.1553,0.1417,0.0981	C021-CHA-S01_2-Pat	Den	36671	0.982
C021-CHA-S01_2#Pat#chr5	22433267	22466719	0.962	168	14	12	22	0.3529	2	92	0.0213	0.3056	PASS	den	0.7719,0.7704,0.8429,0.6616,0.6143,0.6147,0.662,0.6506,0.6606,0.6406,0.635,0.6328,0.6622,0.714,0.6746,0.725,0.74,0.7523,0.7262	C021-CHA-S01_2-Pat	Den	33452	0.962
C021-CHA-S01_2#Pat#chr5	29671438	29687381	0.642	130	6	6	7	0.4615	0	14	0	0.4615	PASS	den	0.7977,0.7023,0.9427,0.6947,0.6527,0.7443,0.6679,0.6527,0.6832,0.6641,0.6336,0.6565,0.687,0.6756,0.6298,0.7748,0.771,0.7557,0.7634	C021-CHA-S01_2-Pat	Den	15943	0.642
C021-CHA-S01_2#Pat#chr5	38043394	38061221	0.825	127	7	7	17	0.2917	0	66	0	0.2917	PASS	den	0.8203,0.7344,0.8633,0.668,0.6875,0.6719,0.6328,0.6445,0.6289,0.668,0.668,0.6719,0.6484,0.6484,0.7812,0.6992,0.7617,0.6719,0.7812	C021-CHA-S01_2-Pat	Den	17827	0.825
C021-CHA-S01_2#Pat#chr5	65729429	65745513	0.963	162	59	59	16	0.7867	0	49	0	0.7867	PASS	den	0.5767,0.5184,0.8957,0.4294,0.4325,0.4632,0.4141,0.4233,0.454,0.4663,0.4264,0.4417,0.4479,0.6871,0.4479,0.6994,0.4663,0.4509,0.4601	C021-CHA-S01_2-Pat	Den	16084	0.963
C021-CHA-S01_2#Pat#chr5	76183383	76261833	0.841	605	40	40	3	0.9302	0	77	0	0.9302	PASS	den	0.7616,0.6312,0.9884,0.6444,0.6485,0.665,0.6543,0.6551,0.6559,0.6502,0.6328,0.6122,0.6452,0.6419,0.6419,0.6403,0.5941,0.6328,0.5875	C021-CHA-S01_2-Pat	Den	78450	0.841
C021-CHA-S01_2#Pat#chr5	100411256	100412801	0.655	35	4	4	0	1	0	35	0	1	PASS	den	0.8889,0.6111,0.9861,0.4722,0.4861,0.5,0.4583,0.4722,0.5139,0.4583,0.3056,0.5139,0.5,0.4861,0.5139,0.4861,0.5972,0.5972,0.5972	C021-CHA-S01_2-Pat	Den	1545	0.655
C021-CHA-S01_2#Pat#chr5	126478744	126487026	0.918	94	27	27	19	0.587	0	69	0	0.587	PASS	den	0.7211,0.5895,0.8,0.3684,0.3895,0.3947,0.3947,0.3526,0.3895,0.4053,0.3632,0.3526,0.3895,0.6474,0.6474,0.4105,0.6526,0.6526,0.6421	C021-CHA-S01_2-Pat	Den	8282	0.918
C021-CHA-S01_2#Pat#chr5	161380193	161399620	0.783	116	7	7	12	0.3684	0	25	0	0.3684	PASS	den	0.7051,0.7051,0.8248,0.7308,0.7179,0.7051,0.7051,0.7265,0.7265,0.7436,0.7265,0.7778,0.7222,0.7308,0.7436,0.735,0.7137,0.688,0.7094	C021-CHA-S01_2-Pat	Den	19427	0.783
C021-CHA-S01_2#Pat#chr5	168801061	168815463	0.936	96	25	25	4	0.8621	0	17	0	0.8621	PASS	den	0.799,0.5928,0.8763,0.5052,0.4845,0.4845,0.4845,0.4742,0.4897,0.4639,0.5,0.5103,0.5103,0.6907,0.4794,0.701,0.701,0.5103,0.4691	C021-CHA-S01_2-Pat	Den	14402	0.936
C021-CHA-S01_2#Pat#chr5	176509335	176519017	0.816	69	5	5	3	0.625	0	13	0	0.625	PASS	den	0.75,0.6071,0.85,0.6286,0.6357,0.5786,0.6714,0.5786,0.6786,0.5429,0.5786,0.6,0.6071,0.6,0.6357,0.6571,0.6429,0.75,0.5929	C021-CHA-S01_2-Pat	Den	9682	0.816
C021-CHA-S01_2#Pat#chr5	178482927	178506369	0.871	82	6	6	5	0.5455	0	70	0	0.5455	PASS	den	0.8133,0.747,0.9277,0.6807,0.6386,0.6386,0.6566,0.6807,0.6627,0.6084,0.5964,0.6687,0.6325,0.6386,0.6566,0.7289,0.6988,0.6325,0.6928	C021-CHA-S01_2-Pat	Den	23442	0.871
C021-CHA-S01_2#Pat#chr5	183386925	183396634	0.9	70	16	13	8	0.619	3	48	0.0588	0.514	PASS	den	0.7477,0.6531,0.8533,0.5226,0.4994,0.5403,0.4688,0.4743,0.5217,0.4456,0.5414,0.4816,0.5154,0.4712,0.5614,0.5793,0.5784,0.4771,0.4563	C021-CHA-S01_2-Pat	Den	9709	0.9
C021-CHA-S01_2#Pat#chr7	266476	274224	0.838	64	5	5	18	0.2174	0	18	0	0.2174	PASS	den	0.5625,0.5547,0.7109,0.5078,0.5312,0.4219,0.5234,0.5078,0.5156,0.4219,0.5,0.4922,0.5156,0.4609,0.4609,0.4688,0.5234,0.6875,0.5312	C021-CHA-S01_2-Pat	Den	7748	0.838
C021-CHA-S01_2#Pat#chr7	7281480	7300925	0.659	168	9	5	25	0.1667	4	47	0.0784	0.1275	PASS	den	0.6448,0.6971,0.6967,0.6472,0.6133,0.6342,0.6529,0.6535,0.6896,0.6958,0.6466,0.6478,0.6626,0.6442,0.6471,0.6651,0.651,0.6767,0.7258	C021-CHA-S01_2-Pat	Den	19445	0.659
C021-CHA-S01_2#Pat#chr7	9737251	9750390	0.95	139	39	38	12	0.76	1	24	0.04	0.7415	PASS	den	0.5164,0.4441,0.9008,0.4566,0.4669,0.441,0.4471,0.4545,0.4597,0.4528,0.4375,0.4518,0.4423,0.4579,0.4371,0.6607,0.6122,0.6062,0.6805	C021-CHA-S01_2-Pat	Den	13139	0.95
C021-CHA-S01_2#Pat#chr7	19601941	19668493	0.989	617	140	134	33	0.8024	6	151	0.0382	0.7696	PASS	den	0.6605,0.6693,0.9279,0.5255,0.4871,0.496,0.4857,0.477,0.5032,0.4774,0.5003,0.4824,0.4737,0.4807,0.4804,0.4802,0.4817,0.4977,0.4742	C021-CHA-S01_2-Pat	Den	66552	0.989
C021-CHA-S01_2#Pat#chr7	33097472	33129034	0.846	210	12	12	25	0.3243	0	85	0	0.3243	PASS	den	0.8246,0.7654,0.8673,0.6517,0.6469,0.6588,0.7204,0.7109,0.7275,0.737,0.7109,0.7227,0.7275,0.7488,0.7464,0.8152,0.7275,0.7417,0.8081	C021-CHA-S01_2-Pat	Den	31562	0.846
C021-CHA-S01_2#Pat#chr7	44158056	44166051	0.517	35	2	2	1	0.6667	0	33	0	0.6667	PASS	den	0.9028,0.8056,0.9722,0.7639,0.7222,0.75,0.7639,0.6806,0.7639,0.6806,0.75,0.6806,0.7083,0.8056,0.7361,0.7222,0.6944,0.8056,0.8056	C021-CHA-S01_2-Pat	Den	7995	0.517
C021-CHA-S01_2#Pat#chr7	99779906	99914338	0.975	637	96	95	80	0.5429	1	126	0.0079	0.5373	PASS	den	0.7149,0.6742,0.8693,0.6331,0.6268,0.629,0.6282,0.6255,0.6272,0.6424,0.6616,0.6324,0.6369,0.6585,0.6633,0.66,0.6293,0.7599,0.7551	C021-CHA-S01_2-Pat	Den	134432	0.975
C021-CHA-S01_2#Pat#chr7	105704681	105741319	0.967	223	30	30	26	0.5357	0	46	0	0.5357	PASS	den	0.692,0.625,0.8817,0.6116,0.6116,0.625,0.6183,0.6362,0.6362,0.6138,0.6272,0.6317,0.6295,0.6406,0.6384,0.6317,0.6562,0.6339,0.6317	C021-CHA-S01_2-Pat	Den	36638	0.967
C021-CHA-S01_2#Pat#chr7	107573840	107618536	0.98	385	139	133	35	0.7917	14	123	0.1022	0.726	PASS	den	0.6039,0.5694,0.8782,0.4293,0.4114,0.4306,0.442,0.438,0.4352,0.4606,0.4203,0.4427,0.4368,0.4414,0.6624,0.43,0.4396,0.4426,0.6123	C021-CHA-S01_2-Pat	Den	44696	0.98
C021-CHA-S01_2#Pat#chr7	135984441	135995831	0.927	94	10	10	20	0.3333	0	66	0	0.3333	PASS	den	0.7053,0.5526,0.7895,0.3947,0.4053,0.4211,0.4263,0.3947,0.4789,0.3895,0.4053,0.4,0.4263,0.6737,0.6789,0.6684,0.6684,0.6632,0.6105	C021-CHA-S01_2-Pat	Den	11390	0.927
C021-CHA-S01_2#Pat#chr7	147595324	147605017	0.928	96	12	12	11	0.5217	0	72	0	0.5217	PASS	den	0.8093,0.7113,0.8814,0.6649,0.6701,0.5876,0.6031,0.6443,0.5773,0.6495,0.6031,0.5773,0.5722,0.5928,0.5979,0.5928,0.7629,0.7629,0.7629	C021-CHA-S01_2-Pat	Den	9693	0.928
C021-CHA-S01_2#Pat#chr7	149998206	150087007	0.983	755	226	226	51	0.8159	0	161	0	0.8159	PASS	den	0.541,0.4808,0.7474,0.4405,0.4577,0.4597,0.4583,0.4537,0.4524,0.4563,0.4544,0.4802,0.4464,0.4835,0.461,0.4583,0.4643,0.6164,0.4735	C021-CHA-S01_2-Pat	Den	88801	0.983
C021-CHA-S01_2#Pat#chr7	158906635	158943125	0.921	212	15	15	11	0.5769	0	49	0	0.5769	PASS	den	0.8498,0.7535,0.9413,0.6948,0.6479,0.6831,0.6596,0.6221,0.6479,0.6479,0.6549,0.6714,0.6526,0.6761,0.6737,0.7089,0.6948,0.6808,0.669	C021-CHA-S01_2-Pat	Den	36490	0.921
C021-CHA-S01_2#Pat#chr8	1516585	1520164	0.867	51	6	6	6	0.5	0	5	0	0.5	PASS	den	0.7115,0.6154,0.8846,0.5577,0.4712,0.4808,0.5769,0.5288,0.5385,0.5865,0.6154,0.5769,0.625,0.6154,0.7115,0.5865,0.7115,0.7115,0.7115	C021-CHA-S01_2-Pat	Den	3579	0.867
C021-CHA-S01_2#Pat#chr8	7123613	7133355	0.942	141	17	17	10	0.6296	0	107	0	0.6296	PASS	den	0.8627,0.7324,0.9261,0.6232,0.6444,0.6937,0.6514,0.6268,0.6021,0.6338,0.6056,0.6197,0.6268,0.7887,0.7852,0.7042,0.7852,0.7887,0.6268	C021-CHA-S01_2-Pat	Den	9742	0.942
C021-CHA-S01_2#Pat#chr8	7313100	7711443	0.991	3263	1058	39	375	0.0942	1019	2042	0.3329	0.3241	PASS	den	0.4106,0.5991,0.5969,0.1797,0.1551,0.1882,0.1973,0.1473,0.2574,0.1472,0.184,0.1661,0.2572,0.2398,0.2456,0.2297,0.2999,0.3079,0.1731	C021-CHA-S01_2-Pat	Den	398343	0.991
C021-CHA-S01_2#Pat#chr8	7839262	7866976	0.977	423	102	2	59	0.0328	100	279	0.2639	0.2593	PASS	den	0.4961,0.7534,0.6924,0.1478,0.0452,0.0759,0.091,0.0725,0.2052,0.0521,0.1251,0.0789,0.152,0.1699,0.1926,0.1312,0.2139,0.1846,0.1006	C021-CHA-S01_2-Pat	Den	27714	0.977
C021-CHA-S01_2#Pat#chr8	7908786	7923242	0.943	125	47	1	15	0.0625	46	64	0.4182	0.4106	PASS	den	0.482,0.6061,0.6071,0.1419,0.0698,0.0603,0.0872,0.0582,0.1401,0.068,0.0794,0.0598,0.1374,0.1538,0.1547,0.2655,0.3842,0.336,0.4012	C021-CHA-S01_2-Pat	Den	14456	0.943
C021-CHA-S01_2#Pat#chr8	58147501	58149176	0.736	28	4	4	1	0.8	0	23	0	0.8	PASS	den	0.7931,0.6724,0.9655,0.5517,0.5172,0.569,0.5517,0.5862,0.569,0.5517,0.5517,0.5172,0.3621,0.6379,0.5517,0.3966,0.3793,0.3966,0.4138	C021-CHA-S01_2-Pat	Den	1675	0.736
C021-CHA-S01_2#Pat#chr8	73854914	73877764	0.963	171	43	43	7	0.86	0	26	0	0.86	PASS	den	0.4884,0.4302,0.7384,0.4302,0.4128,0.4506,0.436,0.4564,0.4506,0.3401,0.4302,0.3808,0.436,0.4419,0.4302,0.4419,0.439,0.439,0.439	C021-CHA-S01_2-Pat	Den	22850	0.963
C021-CHA-S01_2#Pat#chr8	109587572	109868528	0.987	1494	236	233	146	0.6148	3	258	0.0115	0.6071	PASS	den	0.7168,0.6288,0.8957,0.5912,0.5972,0.5912,0.5752,0.5935,0.5877,0.5916,0.6071,0.6194,0.5871,0.7106,0.7144,0.5991,0.7112,0.6022,0.7003	C021-CHA-S01_2-Pat	Den	280956	0.987
C021-CHA-S01_2#Pat#chr8	116903325	116924827	0.855	130	19	18	16	0.5294	1	17	0.0556	0.5045	PASS	den	0.7155,0.7043,0.8493,0.6386,0.6241,0.6205,0.6498,0.642,0.652,0.639,0.6373,0.6348,0.642,0.7809,0.7852,0.6451,0.7767,0.7701,0.6464	C021-CHA-S01_2-Pat	Den	21502	0.855
C021-CHA-S01_2#Pat#chr8	122821262	122848072	0.855	144	12	12	20	0.375	0	22	0	0.375	PASS	den	0.6897,0.5759,0.8483,0.5862,0.5621,0.5759,0.5379,0.631,0.5621,0.5828,0.6069,0.5586,0.5759,0.6586,0.6586,0.6034,0.5655,0.5862,0.5793	C021-CHA-S01_2-Pat	Den	26810	0.855
C021-CHA-S01_2#Pat#chr8	124369293	124373052	0.81	36	8	8	3	0.7273	0	6	0	0.7273	PASS	den	0.4595,0.4324,0.9189,0.4054,0.4189,0.4189,0.4865,0.4189,0.527,0.4054,0.4459,0.3919,0.4459,0.473,0.527,0.4189,0.6892,0.6892,0.6892	C021-CHA-S01_2-Pat	Den	3759	0.81
C021-CHA-S01_2#Pat#chr8	128992103	128999654	0.831	47	8	8	5	0.6154	0	20	0	0.6154	PASS	den	0.8333,0.6979,0.8854,0.6875,0.6667,0.6875,0.6562,0.6042,0.6875,0.5312,0.6042,0.5729,0.6562,0.6979,0.6875,0.6979,0.6979,0.625,0.6979	C021-CHA-S01_2-Pat	Den	7551	0.831
C021-CHA-S01_2#Pat#chr8	130136235	130161114	0.93	123	15	15	15	0.5	0	13	0	0.5	PASS	den	0.7944,0.6452,0.879,0.5323,0.496,0.496,0.5645,0.5,0.5847,0.5121,0.5242,0.5081,0.5806,0.6895,0.6895,0.6935,0.5121,0.6613,0.6653	C021-CHA-S01_2-Pat	Den	24879	0.93
C021-CHA-S01_2#Pat#chr8	143346068	143365744	0.656	143	5	5	13	0.2778	0	45	0	0.2778	PASS	den	0.7153,0.6528,0.9062,0.6562,0.6736,0.6736,0.6701,0.6597,0.6181,0.6875,0.6875,0.6632,0.6181,0.6528,0.6771,0.6944,0.75,0.7847,0.75	C021-CHA-S01_2-Pat	Den	19676	0.656
C021-CHA-S01_2#Pat#chr10	9545184	9559993	0.803	76	5	5	9	0.3571	0	24	0	0.3571	PASS	den	0.7403,0.6039,0.8766,0.6169,0.7013,0.7208,0.6104,0.6688,0.6558,0.6429,0.6948,0.6039,0.6623,0.6688,0.7727,0.6299,0.7792,0.6234,0.6429	C021-CHA-S01_2-Pat	Den	14809	0.803
C021-CHA-S01_2#Pat#chr10	10549802	10582044	0.903	260	19	19	5	0.7917	0	96	0	0.7917	PASS	den	0.8199,0.6916,0.9789,0.6494,0.6475,0.6533,0.7107,0.7011,0.6628,0.6398,0.6571,0.6648,0.6705,0.6648,0.6648,0.7031,0.6513,0.6628,0.7011	C021-CHA-S01_2-Pat	Den	32242	0.903
C021-CHA-S01_2#Pat#chr10	11807731	11812905	0.656	42	4	4	6	0.4	0	13	0	0.4	PASS	den	0.5698,0.5233,0.8488,0.5349,0.5116,0.5349,0.5116,0.5233,0.5349,0.5349,0.5465,0.5349,0.5233,0.4884,0.5,0.4767,0.5233,0.4884,0.5581	C021-CHA-S01_2-Pat	Den	5174	0.656
C021-CHA-S01_2#Pat#chr10	14044405	14083612	0.901	316	17	14	38	0.2692	3	57	0.05	0.2305	PASS	den	0.7451,0.7348,0.8148,0.6358,0.6314,0.646,0.6341,0.6337,0.6352,0.6332,0.657,0.5945,0.6071,0.6274,0.6083,0.6578,0.6336,0.6665,0.6116	C021-CHA-S01_2-Pat	Den	39207	0.901
C021-CHA-S01_2#Pat#chr10	32876371	32895646	0.921	119	7	7	18	0.28	0	44	0	0.28	PASS	den	0.7708,0.725,0.8417,0.6917,0.725,0.6958,0.7167,0.6708,0.7625,0.6917,0.6958,0.6625,0.7333,0.7542,0.7333,0.7375,0.7208,0.725,0.7125	C021-CHA-S01_2-Pat	Den	19275	0.921
C021-CHA-S01_2#Pat#chr10	44828279	44900466	0.839	377	15	15	73	0.1705	0	78	0	0.1705	PASS	den	0.7288,0.672,0.8029,0.6574,0.6521,0.6548,0.6521,0.6296,0.6019,0.6693,0.6574,0.6548,0.6495,0.6667,0.6799,0.7143,0.6429,0.6627,0.6415	C021-CHA-S01_2-Pat	Den	72187	0.839
C021-CHA-S01_2#Pat#chr10	44926236	44963113	0.946	199	12	11	19	0.3667	2	69	0.0282	0.3146	PASS	den	0.7152,0.7039,0.7892,0.6629,0.6176,0.6199,0.6207,0.6475,0.6618,0.6446,0.6297,0.6423,0.6593,0.6577,0.6706,0.6474,0.6418,0.6885,0.6502	C021-CHA-S01_2-Pat	Den	36877	0.946
C021-CHA-S01_2#Pat#chr10	48941738	48971105	0.894	158	17	11	26	0.2973	6	19	0.24	0.2771	PASS	den	0.6259,0.688,0.7297,0.6277,0.6096,0.6312,0.6226,0.5965,0.6417,0.6227,0.6053,0.6127,0.6218,0.6116,0.6089,0.6803,0.7248,0.6958,0.7206	C021-CHA-S01_2-Pat	Den	29367	0.894
C021-CHA-S01_2#Pat#chr10	52395357	52512337	0.955	739	55	55	56	0.4955	0	522	0	0.4955	PASS	den	0.8534,0.7088,0.8966,0.5993,0.6054,0.6189,0.6257,0.6149,0.6277,0.6209,0.6135,0.623,0.6243,0.6189,0.623,0.7203,0.7345,0.7034,0.7108	C021-CHA-S01_2-Pat	Den	116980	0.955
C021-CHA-S01_2#Pat#chr10	55023764	55067719	0.957	304	54	54	75	0.4186	0	89	0	0.4186	PASS	den	0.6361,0.5656,0.7426,0.5213,0.5328,0.5164,0.5311,0.5295,0.5262,0.5525,0.5738,0.5344,0.5262,0.5197,0.5361,0.7311,0.7246,0.718,0.718	C021-CHA-S01_2-Pat	Den	43955	0.957
C021-CHA-S01_2#Pat#chr10	75415724	75447352	0.62	88	5	5	5	0.5	0	69	0	0.5	PASS	den	0.8539,0.7809,0.927,0.736,0.7416,0.7191,0.7022,0.7135,0.7191,0.7303,0.7303,0.7135,0.6461,0.6854,0.7022,0.6742,0.7079,0.7079,0.6966	C021-CHA-S01_2-Pat	Den	31628	0.62
C021-CHA-S01_2#Pat#chr10	86266111	86301221	0.965	206	19	19	15	0.5588	0	59	0	0.5588	PASS	den	0.8551,0.7681,0.9275,0.7415,0.7343,0.7367,0.7681,0.756,0.7343,0.7343,0.7198,0.7246,0.7391,0.7343,0.8406,0.7391,0.7609,0.7512,0.8285	C021-CHA-S01_2-Pat	Den	35110	0.965
C021-CHA-S01_2#Pat#chr10	90707408	90720633	0.916	93	16	16	21	0.4324	0	22	0	0.4324	PASS	den	0.6702,0.6223,0.7766,0.6117,0.6064,0.5957,0.6223,0.5798,0.6011,0.6223,0.6223,0.5798,0.6064,0.7819,0.6862,0.6862,0.7872,0.6117,0.7926	C021-CHA-S01_2-Pat	Den	13225	0.916
C021-CHA-S01_2#Pat#chr10	96604287	96627550	0.885	232	11	11	29	0.275	0	113	0	0.275	PASS	den	0.779,0.7382,0.8519,0.6631,0.6824,0.6588,0.6416,0.6931,0.6609,0.6438,0.6438,0.6266,0.6245,0.6588,0.6309,0.6245,0.6438,0.6824,0.6395	C021-CHA-S01_2-Pat	Den	23263	0.885
C021-CHA-S01_2#Pat#chr10	113537950	113544962	0.927	93	8	8	3	0.7273	0	88	0	0.7273	PASS	den	0.9202,0.75,0.9681,0.6277,0.6223,0.6064,0.5798,0.617,0.6117,0.617,0.5904,0.6117,0.6117,0.7447,0.7287,0.7394,0.7287,0.7553,0.7606	C021-CHA-S01_2-Pat	Den	7012	0.927
C021-CHA-S01_2#Pat#chr10	125476014	125480768	0.835	35	7	7	4	0.6364	0	5	0	0.6364	PASS	den	0.6111,0.5139,0.8889,0.5694,0.5417,0.4583,0.4583,0.4861,0.5,0.5139,0.5694,0.4722,0.5139,0.5139,0.5278,0.5417,0.5139,0.5278,0.5278	C021-CHA-S01_2-Pat	Den	4754	0.835
C021-CHA-S01_2#Pat#chr10	129385601	129399576	0.908	85	9	6	7	0.4615	3	22	0.12	0.3477	PASS	den	0.6982,0.672,0.7918,0.6337,0.6184,0.623,0.6175,0.6415,0.6197,0.6487,0.6139,0.6683,0.6337,0.6975,0.6829,0.6287,0.6711,0.6705,0.6104	C021-CHA-S01_2-Pat	Den	13975	0.908
C021-CHA-S01_2#Pat#chr9	13477668	13519802	0.938	241	12	12	14	0.4615	0	94	0	0.4615	PASS	den	0.7934,0.7066,0.9318,0.686,0.686,0.7087,0.6488,0.7169,0.719,0.7211,0.6818,0.7149,0.7066,0.7149,0.7335,0.7293,0.7335,0.7335,0.7293	C021-CHA-S01_2-Pat	Den	42134	0.938
C021-CHA-S01_2#Pat#chr9	18855716	18862062	0.918	83	7	7	4	0.6364	0	61	0	0.6364	PASS	den	0.8631,0.869,0.9405,0.75,0.7619,0.7679,0.75,0.7321,0.7679,0.7321,0.7381,0.75,0.744,0.7679,0.7738,0.881,0.7738,0.8095,0.7738	C021-CHA-S01_2-Pat	Den	6346	0.918
C021-CHA-S01_2#Pat#chr9	22109914	22137530	0.72	145	8	8	12	0.4	0	63	0	0.4	PASS	den	0.7979,0.6678,0.9007,0.6062,0.637,0.5993,0.6027,0.5959,0.6096,0.589,0.5788,0.6062,0.6267,0.7397,0.6164,0.7363,0.7226,0.7397,0.613	C021-CHA-S01_2-Pat	Den	27616	0.72
C021-CHA-S01_2#Pat#chr9	27364754	27368815	0.724	39	4	4	5	0.4444	0	35	0	0.4444	PASS	den	0.725,0.725,0.8625,0.6125,0.6125,0.575,0.6,0.575,0.6375,0.5875,0.625,0.6,0.575,0.5875,0.5875,0.65,0.65,0.65,0.6125	C021-CHA-S01_2-Pat	Den	4061	0.724
C021-CHA-S01_2#Pat#chr9	39264158	39281306	0.857	122	8	8	20	0.2857	0	87	0	0.2857	PASS	den	0.7602,0.6911,0.8374,0.6057,0.5366,0.6179,0.5976,0.6098,0.6016,0.5528,0.6423,0.5935,0.5894,0.5976,0.6016,0.7195,0.5935,0.6098,0.622	C021-CHA-S01_2-Pat	Den	17148	0.857
C021-CHA-S01_2#Pat#chr9	67381966	67411834	0.906	202	13	13	45	0.2241	0	116	0	0.2241	PASS	den	0.7118,0.6847,0.7611,0.569,0.5764,0.569,0.5517,0.5739,0.5911,0.5616,0.5837,0.5837,0.5542,0.7685,0.5813,0.5788,0.7685,0.5837,0.5739	C021-CHA-S01_2-Pat	Den	29868	0.906
C021-CHA-S01_2#Pat#chr9	85394661	85435244	0.946	309	79	78	16	0.8298	1	108	0.0092	0.8194	PASS	den	0.8463,0.6906,0.9429,0.5498,0.5231,0.5496,0.5632,0.5703,0.561,0.5432,0.5482,0.5677,0.5415,0.561,0.583,0.5464,0.5849,0.7447,0.5498	C021-CHA-S01_2-Pat	Den	40583	0.946
C021-CHA-S01_2#Pat#chr9	88653575	88663231	0.851	64	7	7	12	0.3684	0	31	0	0.3684	PASS	den	0.5692,0.5154,0.8154,0.4846,0.5385,0.5385,0.5231,0.5077,0.5077,0.5615,0.5231,0.5154,0.5231,0.5385,0.4923,0.5231,0.5154,0.5154,0.7154	C021-CHA-S01_2-Pat	Den	9656	0.851
C021-CHA-S01_2#Pat#chr9	89406681	89413564	0.635	52	4	4	7	0.3636	0	38	0	0.3636	PASS	den	0.7547,0.7075,0.8679,0.6604,0.6698,0.6415,0.6604,0.6981,0.6604,0.6981,0.6415,0.6321,0.6415,0.717,0.717,0.7075,0.7453,0.7264,0.5566	C021-CHA-S01_2-Pat	Den	6883	0.635
C021-CHA-S01_2#Pat#chr9	99322133	99378299	0.957	377	25	25	50	0.3333	0	188	0	0.3333	PASS	den	0.6984,0.6614,0.8598,0.6151,0.6138,0.6164,0.6389,0.6283,0.6058,0.6111,0.5582,0.5913,0.627,0.7553,0.6138,0.6164,0.6257,0.6389,0.6151	C021-CHA-S01_2-Pat	Den	56166	0.957
C021-CHA-S01_2#Pat#chr9	109398607	109528358	0.958	700	91	91	48	0.6547	0	241	0	0.6547	PASS	den	0.8367,0.776,0.9301,0.6434,0.6655,0.6355,0.6369,0.7011,0.632,0.6106,0.6213,0.6234,0.622,0.699,0.6612,0.6284,0.6227,0.6277,0.6519	C021-CHA-S01_2-Pat	Den	129751	0.958
C021-CHA-S01_2#Pat#chr9	115010777	115026577	0.908	147	42	42	35	0.5455	0	74	0	0.5455	PASS	den	0.5541,0.5338,0.7568,0.4291,0.4628,0.3919,0.4662,0.4527,0.4628,0.402,0.3885,0.4696,0.3986,0.6824,0.6689,0.6791,0.3953,0.3953,0.6824	C021-CHA-S01_2-Pat	Den	15800	0.908
C021-CHA-S01_2#Pat#chr9	123881878	123891207	0.844	66	5	5	5	0.5	0	4	0	0.5	PASS	den	0.6866,0.6791,0.9179,0.5299,0.5299,0.5149,0.6269,0.4776,0.4925,0.5448,0.6119,0.6119,0.5373,0.6119,0.5821,0.4925,0.5896,0.4851,0.5896	C021-CHA-S01_2-Pat	Den	9329	0.844
C021-CHA-S01_2#Pat#chr9	123929712	123938440	0.845	55	10	10	1	0.9091	0	14	0	0.9091	PASS	den	0.9286,0.6607,0.9821,0.3839,0.375,0.3839,0.4018,0.5268,0.3571,0.3482,0.3304,0.5446,0.5536,0.3571,0.3482,0.3661,0.5268,0.375,0.3661	C021-CHA-S01_2-Pat	Den	8728	0.845
C021-CHA-S01_2#Pat#chr11	1720771	1731818	0.912	142	8	8	8	0.5	0	83	0	0.5	PASS	den	0.7762,0.7587,0.9161,0.6573,0.6783,0.6503,0.6434,0.6713,0.6364,0.6119,0.6434,0.6748,0.6224,0.6608,0.6923,0.7343,0.6993,0.7727,0.7692	C021-CHA-S01_2-Pat	Den	11047	0.912
C021-CHA-S01_2#Pat#chr11	5901465	5904215	0.903	64	27	0	2	0	27	22	0.551	0.551	PASS	den	0.4019,0.4162,0.4313,0.1778,0.2291,0.1936,0.2239,0.2708,0.252,0.2352,0.2757,0.2442,0.2703,0.1487,0.1356,0.1928,0.1062,0.2357,0.2422	C021-CHA-S01_2-Pat	Den	2750	0.903
C021-CHA-S01_2#Pat#chr11	6091689	6098907	0.943	124	32	32	18	0.64	0	102	0	0.64	PASS	den	0.788,0.652,0.856,0.468,0.448,0.444,0.468,0.46,0.464,0.448,0.444,0.464,0.468,0.664,0.452,0.708,0.708,0.664,0.66	C021-CHA-S01_2-Pat	Den	7218	0.943
C021-CHA-S01_2#Pat#chr11	10555582	10562448	0.961	142	76	49	13	0.7903	62	42	0.5962	0.6819	PASS	den	0.6028,0.6218,0.6376,0.2096,0.2699,0.2139,0.2556,0.2418,0.2299,0.2361,0.2476,0.1904,0.1975,0.1782,0.1957,0.1975,0.2278,0.2601,0.2624	C021-CHA-S01_2-Pat	Den	6866	0.961
C021-CHA-S01_2#Pat#chr11	25512558	25517770	0.869	62	5	5	3	0.625	0	47	0	0.625	PASS	den	0.8889,0.6667,0.9524,0.6429,0.619,0.5556,0.5873,0.5238,0.5873,0.619,0.6746,0.5476,0.627,0.7063,0.7222,0.7063,0.7143,0.6984,0.7143	C021-CHA-S01_2-Pat	Den	5212	0.869
C021-CHA-S01_2#Pat#chr11	25731390	25741272	0.929	159	15	8	12	0.4	7	94	0.0693	0.2457	PASS	den	0.7584,0.7739,0.8045,0.5524,0.5397,0.5246,0.6319,0.5926,0.6212,0.5439,0.6312,0.6213,0.5888,0.5814,0.6075,0.6115,0.6478,0.6759,0.6246	C021-CHA-S01_2-Pat	Den	9882	0.929
C021-CHA-S01_2#Pat#chr11	43070521	43109934	0.963	246	29	28	51	0.3544	1	83	0.0119	0.3426	PASS	den	0.7036,0.7003,0.7723,0.6551,0.6438,0.6437,0.6168,0.6585,0.6631,0.636,0.6467,0.6305,0.617,0.6532,0.6508,0.6504,0.7629,0.6555,0.6408	C021-CHA-S01_2-Pat	Den	39413	0.963
C021-CHA-S01_2#Pat#chr11	43252449	43263876	0.931	113	18	17	11	0.6071	1	24	0.04	0.5756	PASS	den	0.6413,0.6292,0.8727,0.5816,0.5857,0.5837,0.5812,0.581,0.5754,0.5843,0.5988,0.5884,0.5897,0.5862,0.5678,0.5895,0.7684,0.6071,0.6001	C021-CHA-S01_2-Pat	Den	11427	0.931
C021-CHA-S01_2#Pat#chr11	56550444	56552447	0.741	38	4	4	0	1	0	32	0	1	PASS	den	0.9231,0.8974,1.0,0.8462,0.5513,0.859,0.859,0.859,0.859,0.5513,0.8462,0.5,0.859,0.859,0.9103,0.9103,0.6026,0.9231,0.9231	C021-CHA-S01_2-Pat	Den	2003	0.741
C021-CHA-S01_2#Pat#chr11	68757555	68817335	0.9	497	20	20	55	0.2667	0	394	0	0.2667	PASS	den	0.8303,0.7691,0.8815,0.5944,0.7078,0.7098,0.6968,0.7048,0.7038,0.6094,0.6104,0.6857,0.6376,0.744,0.6687,0.7641,0.6988,0.7711,0.761	C021-CHA-S01_2-Pat	Den	59780	0.9
C021-CHA-S01_2#Pat#chr11	82431273	82438824	0.692	56	4	4	6	0.4	0	12	0	0.4	PASS	den	0.7105,0.5702,0.8947,0.5,0.5088,0.5263,0.6053,0.6228,0.5263,0.5877,0.5,0.5088,0.4912,0.5789,0.5789,0.7018,0.7018,0.5614,0.7018	C021-CHA-S01_2-Pat	Den	7551	0.692
C021-CHA-S01_2#Pat#chr11	95242421	95250618	0.811	70	5	5	3	0.625	0	30	0	0.625	PASS	den	0.8099,0.7394,0.9507,0.7113,0.7254,0.6901,0.669,0.7113,0.7324,0.662,0.7465,0.7324,0.7324,0.8099,0.662,0.7394,0.669,0.662,0.669	C021-CHA-S01_2-Pat	Den	8197	0.811
C021-CHA-S01_2#Pat#chr11	102617156	102670680	0.928	308	21	21	40	0.3443	0	56	0	0.3443	PASS	den	0.7605,0.5777,0.8689,0.5275,0.6052,0.5421,0.555,0.5502,0.6003,0.5291,0.5502,0.5405,0.5809,0.6845,0.6861,0.6019,0.61,0.6019,0.5453	C021-CHA-S01_2-Pat	Den	53524	0.928
C021-CHA-S01_2#Pat#chr11	124655415	124673868	0.879	88	8	8	7	0.5333	0	26	0	0.5333	PASS	den	0.6742,0.5899,0.7865,0.5562,0.5899,0.573,0.5449,0.5843,0.6011,0.4831,0.5899,0.6011,0.5281,0.5281,0.5393,0.5843,0.5449,0.5449,0.5225	C021-CHA-S01_2-Pat	Den	18453	0.879
C021-CHA-S01_2#Pat#chr11	133336325	133356493	0.936	106	9	9	17	0.3462	0	20	0	0.3462	PASS	den	0.7757,0.6121,0.8318,0.5935,0.6028,0.5841,0.5981,0.6308,0.5888,0.5935,0.5701,0.5607,0.6355,0.7336,0.6075,0.6168,0.5981,0.6075,0.6121	C021-CHA-S01_2-Pat	Den	20168	0.936
C021-CHA-S01_2#Pat#chr12	29127561	29128774	0.546	27	12	0	3	0	12	7	0.6316	0.6316	PASS	den	0.4805,0.7482,0.5344,0.3068,0.2478,0.3369,0.1708,0.1987,0.2732,0.3436,0.1967,0.2773,0.2568,0.1735,0.1262,0.1215,0.243,0.2961,0.3351	C021-CHA-S01_2-Pat	Den	1213	0.546
C021-CHA-S01_2#Pat#chr12	39914542	40078454	0.921	990	42	35	106	0.2482	7	237	0.0287	0.2116	PASS	den	0.7085,0.667,0.8273,0.6973,0.7072,0.7044,0.7235,0.6934,0.7082,0.6997,0.6942,0.6893,0.7017,0.7031,0.7043,0.7077,0.7818,0.7117,0.7702	C021-CHA-S01_2-Pat	Den	163912	0.921
C021-CHA-S01_2#Pat#chr12	53999790	54052442	0.987	514	81	77	60	0.562	5	167	0.0291	0.5295	PASS	den	0.7211,0.7105,0.8602,0.5827,0.5837,0.5782,0.5825,0.5767,0.5033,0.5561,0.5797,0.5696,0.5796,0.5677,0.6794,0.6846,0.5567,0.5637,0.6777	C021-CHA-S01_2-Pat	Den	52652	0.987
C021-CHA-S01_2#Pat#chr12	54087373	54103419	0.942	118	15	15	10	0.6	0	19	0	0.6	PASS	den	0.8235,0.7815,0.9118,0.6008,0.6345,0.6387,0.6261,0.6429,0.584,0.5966,0.6387,0.6218,0.584,0.7521,0.7563,0.7437,0.6303,0.6303,0.6471	C021-CHA-S01_2-Pat	Den	16046	0.942
C021-CHA-S01_2#Pat#chr12	107520928	107530690	0.928	81	22	22	10	0.6875	0	13	0	0.6875	PASS	den	0.7195,0.4634,0.878,0.4695,0.4451,0.4268,0.4695,0.4329,0.5,0.4634,0.439,0.4329,0.4573,0.3902,0.4329,0.4634,0.3902,0.3841,0.3902	C021-CHA-S01_2-Pat	Den	9762	0.928
C021-CHA-S01_2#Pat#chr12	130885081	130904924	0.92	238	13	13	58	0.1831	0	71	0	0.1831	PASS	den	0.6946,0.6506,0.751,0.5837,0.6297,0.6339,0.5753,0.59,0.6151,0.6213,0.6025,0.6109,0.6318,0.7552,0.6276,0.6192,0.6004,0.5983,0.6213	C021-CHA-S01_2-Pat	Den	19843	0.92
C021-CHA-S01_2#Pat#chr14	13367548	13374964	0.969	242	110	0	11	0	110	117	0.4846	0.4846	PASS	den	0.1961,0.3406,0.3858,0.0682,0.053,0.0869,0.0988,0.0239,0.0358,0.0257,0.0315,0.129,0.0541,0.2406,0.0724,0.0823,0.181,0.1859,0.2153	C021-CHA-S01_2-Pat	Den	7416	0.969
C021-CHA-S01_2#Pat#chr14	33538600	33548102	0.947	139	22	22	28	0.44	0	81	0	0.44	PASS	den	0.6857,0.6357,0.7964,0.5393,0.5357,0.5357,0.55,0.5393,0.5321,0.525,0.5286,0.525,0.5357,0.7393,0.7429,0.5536,0.7429,0.5536,0.5357	C021-CHA-S01_2-Pat	Den	9502	0.947
C021-CHA-S01_2#Pat#chr14	40238736	40286987	0.932	232	17	17	22	0.4359	0	53	0	0.4359	PASS	den	0.7339,0.6524,0.8991,0.6438,0.6631,0.6373,0.6416,0.6567,0.6481,0.6459,0.6416,0.6695,0.6588,0.6695,0.6459,0.6502,0.779,0.7854,0.7833	C021-CHA-S01_2-Pat	Den	48251	0.932
C021-CHA-S01_2#Pat#chr14	81554537	81596572	0.96	353	25	25	35	0.4167	0	98	0	0.4167	PASS	den	0.7924,0.6766,0.8983,0.6455,0.6059,0.6455,0.6582,0.6568,0.6328,0.6469,0.6596,0.6427,0.6469,0.7867,0.7782,0.7627,0.6398,0.6525,0.6412	C021-CHA-S01_2-Pat	Den	42035	0.96
C021-CHA-S01_2#Pat#chr14	92110592	92168625	0.949	362	30	30	27	0.5263	0	68	0	0.5263	PASS	den	0.7851,0.6749,0.9229,0.6873,0.6639,0.7011,0.6901,0.7039,0.6846,0.6694,0.6598,0.6694,0.686,0.6915,0.7039,0.6901,0.6653,0.7039,0.7204	C021-CHA-S01_2-Pat	Den	58033	0.949
C021-CHA-S01_2#Pat#chr13	12233283	12233596	0.555	7	3	3	1	0.75	0	6	0	0.75	PASS	den	0.625,0.6875,0.875,0.3125,0.3125,0.5,0.4375,0.375,0.375,0.375,0.375,0.4375,0.375,0.4375,0.4375,0.4375,0.375,0.3125,0.4375	C021-CHA-S01_2-Pat	Den	313	0.555
C021-CHA-S01_2#Pat#chr13	13060058	13060746	0.55	7	3	3	1	0.75	0	5	0	0.75	PASS	den	0.6875,0.625,0.875,0.25,0.25,0.25,0.25,0.3125,0.3125,0.3125,0.375,0.3125,0.375,0.375,0.3125,0.25,0.3125,0.3125,0.3125	C021-CHA-S01_2-Pat	Den	688	0.55
C021-CHA-S01_2#Pat#chr13	13104751	13106638	0.849	39	7	7	2	0.7778	0	26	0	0.7778	PASS	den	0.725,0.7,0.875,0.625,0.6,0.6,0.6375,0.5875,0.575,0.6125,0.575,0.6,0.575,0.6375,0.55,0.6,0.625,0.6125,0.625	C021-CHA-S01_2-Pat	Den	1887	0.849
C021-CHA-S01_2#Pat#chr13	27047988	27051862	0.744	62	6	4	9	0.3077	2	51	0.0377	0.2177	PASS	den	0.783,0.688,0.834,0.5444,0.5834,0.5571,0.6049,0.583,0.5326,0.5785,0.5599,0.5905,0.577,0.5574,0.4535,0.5705,0.4738,0.6502,0.4602	C021-CHA-S01_2-Pat	Den	3874	0.744
C021-CHA-S01_2#Pat#chr13	40496022	40539834	0.952	168	12	12	33	0.2667	0	26	0	0.2667	PASS	den	0.7456,0.7544,0.8018,0.7485,0.7544,0.7456,0.7604,0.7633,0.7456,0.7278,0.7604,0.7426,0.7485,0.8609,0.8462,0.7663,0.858,0.8491,0.858	C021-CHA-S01_2-Pat	Den	43812	0.952
C021-CHA-S01_2#Pat#chr13	42320293	42334549	0.828	68	5	5	6	0.4545	0	14	0	0.4545	PASS	den	0.8551,0.7681,0.8986,0.7464,0.7464,0.8188,0.7754,0.7826,0.8116,0.7754,0.7319,0.8188,0.7826,0.8623,0.8406,0.8478,0.8841,0.8768,0.8841	C021-CHA-S01_2-Pat	Den	14256	0.828
C021-CHA-S01_2#Pat#chr13	77295903	77320728	0.935	139	14	14	32	0.3043	0	57	0	0.3043	PASS	den	0.6857,0.5821,0.7643,0.5321,0.4643,0.5357,0.5179,0.5286,0.4964,0.4643,0.5607,0.5,0.5393,0.5321,0.4893,0.5429,0.5036,0.675,0.6036	C021-CHA-S01_2-Pat	Den	24825	0.935
C021-CHA-S01_2#Pat#chr13	97226572	97232485	0.873	48	7	7	1	0.875	0	5	0	0.875	PASS	den	0.7959,0.7959,0.9796,0.7449,0.7449,0.7449,0.7245,0.7245,0.7347,0.8061,0.7143,0.7041,0.7551,0.7653,0.7551,0.7551,0.8367,0.8673,0.8776	C021-CHA-S01_2-Pat	Den	5913	0.873
C021-CHA-S01_2#Pat#chr15	11787098	11789046	0.79	45	6	4	1	0.8	2	40	0.0476	0.5492	PASS	den	0.8422,0.7479,0.9058,0.5354,0.5102,0.5341,0.497,0.5021,0.5187,0.5621,0.5017,0.5712,0.5286,0.5849,0.6073,0.6013,0.5431,0.5469,0.5573	C021-CHA-S01_2-Pat	Den	1948	0.79
C021-CHA-S01_2#Pat#chr15	13020862	13052901	0.99	682	203	203	251	0.4471	0	523	0	0.4471	PASS	den	0.5813,0.4619,0.6281,0.202,0.2035,0.2145,0.2086,0.1977,0.2064,0.1977,0.1918,0.2042,0.1962,0.1955,0.202,0.1984,0.2189,0.2101,0.2013	C021-CHA-S01_2-Pat	Den	32039	0.99
C021-CHA-S01_2#Pat#chr15	20918008	20930793	0.84	94	10	4	7	0.3636	6	71	0.0779	0.1922	PASS	den	0.6437,0.7373,0.7211,0.5942,0.4669,0.5073,0.4838,0.4557,0.5279,0.4792,0.5008,0.4674,0.4998,0.4364,0.4222,0.4694,0.5025,0.5044,0.4959	C021-CHA-S01_2-Pat	Den	12785	0.84
C021-CHA-S01_2#Pat#chr15	33475463	33482344	0.924	126	30	1	12	0.0769	29	77	0.2736	0.267	PASS	den	0.3576,0.443,0.3979,0.226,0.1545,0.1118,0.1054,0.1171,0.2246,0.1159,0.1459,0.0912,0.2344,0.5762,0.4771,0.5673,0.2741,0.2847,0.1332	C021-CHA-S01_2-Pat	Den	6881	0.924
C021-CHA-S01_2#Pat#chr15	43180525	43182093	0.729	28	4	4	6	0.4	0	5	0	0.4	PASS	den	0.7241,0.6379,0.7759,0.6379,0.6379,0.5862,0.6379,0.6379,0.6379,0.5862,0.6207,0.6034,0.6207,0.6379,0.7759,0.7931,0.8103,0.8103,0.6379	C021-CHA-S01_2-Pat	Den	1568	0.729
C021-CHA-S01_2#Pat#chr15	66409914	66419287	0.912	180	9	9	5	0.6429	0	102	0	0.6429	PASS	den	0.9088,0.5912,0.9613,0.279,0.2652,0.2845,0.2818,0.2735,0.268,0.5442,0.3564,0.3508,0.5387,0.6022,0.3674,0.2762,0.2845,0.2624,0.3453	C021-CHA-S01_2-Pat	Den	9373	0.912
C021-CHA-S01_2#Pat#chr16	7279491	7292130	0.956	181	15	15	2	0.8824	0	171	0	0.8824	PASS	den	0.8462,0.7308,0.989,0.6566,0.6648,0.6813,0.6868,0.6786,0.7033,0.706,0.6923,0.7033,0.6703,0.8104,0.6731,0.8049,0.7995,0.8104,0.8049	C021-CHA-S01_2-Pat	Den	12639	0.956
C021-CHA-S01_2#Pat#chr16	63432292	63451207	0.952	169	21	21	2	0.913	0	67	0	0.913	PASS	den	0.7882,0.6147,0.9853,0.5324,0.5647,0.5618,0.6324,0.6382,0.5206,0.5912,0.5765,0.5941,0.6294,0.5324,0.5265,0.5265,0.6471,0.6,0.6441	C021-CHA-S01_2-Pat	Den	18915	0.952
C021-CHA-S01_2#Pat#chr16	73682841	73687057	0.905	88	32	1	1	0.5	31	25	0.5536	0.5519	PASS	den	0.3344,0.6995,0.51,0.2186,0.2054,0.1537,0.1768,0.1459,0.2154,0.2389,0.2246,0.2269,0.2061,0.1428,0.0869,0.1563,0.1338,0.2709,0.1618	C021-CHA-S01_2-Pat	Den	4216	0.905
C021-CHA-S01_2#Pat#chr16	82152116	82160237	0.88	118	9	9	17	0.3462	0	32	0	0.3462	PASS	den	0.5966,0.6849,0.8487,0.6303,0.6092,0.6218,0.5966,0.6387,0.6218,0.6176,0.5966,0.4916,0.6176,0.5966,0.5,0.6387,0.6176,0.6513,0.6345	C021-CHA-S01_2-Pat	Den	8121	0.88
C021-CHA-S01_2#Pat#chr16	92791403	92796712	0.913	74	9	9	12	0.4286	0	39	0	0.4286	PASS	den	0.7067,0.66,0.84,0.4733,0.4667,0.4733,0.4867,0.4333,0.46,0.4933,0.4933,0.4733,0.4667,0.6867,0.6867,0.56,0.5533,0.4733,0.56	C021-CHA-S01_2-Pat	Den	5309	0.913
C021-CHA-S01_2#Pat#chr17	8573072	8604868	0.928	165	14	12	22	0.3529	2	55	0.0351	0.3075	PASS	den	0.7302,0.6618,0.8064,0.6443,0.6626,0.6566,0.6578,0.6664,0.6465,0.6394,0.6562,0.6463,0.6463,0.66,0.6431,0.6579,0.6783,0.6706,0.6702	C021-CHA-S01_2-Pat	Den	31796	0.928
C021-CHA-S01_2#Pat#chr17	11879533	11895010	0.876	69	6	6	12	0.3333	0	38	0	0.3333	PASS	den	0.7714,0.6786,0.8143,0.6429,0.5857,0.5571,0.6143,0.6071,0.6143,0.6071,0.5571,0.6143,0.6143,0.7,0.7429,0.7357,0.5571,0.5857,0.6143	C021-CHA-S01_2-Pat	Den	15477	0.876
C021-CHA-S01_2#Pat#chr17	12430403	12450429	0.944	129	30	30	22	0.5769	0	42	0	0.5769	PASS	den	0.7846,0.6115,0.8308,0.5077,0.4923,0.5077,0.4885,0.4769,0.5115,0.4885,0.5,0.5,0.4923,0.5154,0.5577,0.4846,0.5115,0.5385,0.5308	C021-CHA-S01_2-Pat	Den	20026	0.944
C021-CHA-S01_2#Pat#chr17	15743462	15787270	0.648	309	11	9	34	0.2093	2	227	0.0087	0.1728	PASS	den	0.8096,0.7456,0.8519,0.711,0.6412,0.6766,0.7213,0.6528,0.6416,0.6874,0.7067,0.6941,0.7109,0.747,0.7343,0.7467,0.7584,0.7559,0.7413	C021-CHA-S01_2-Pat	Den	43808	0.648
C021-CHA-S01_2#Pat#chr17	21277297	21289901	0.856	55	5	5	3	0.625	0	46	0	0.625	PASS	den	0.8304,0.6429,0.9464,0.5804,0.5179,0.5714,0.5357,0.5893,0.5893,0.5982,0.5714,0.5804,0.5357,0.6161,0.6339,0.6786,0.5536,0.6964,0.4911	C021-CHA-S01_2-Pat	Den	12604	0.856
C021-CHA-S01_2#Pat#chr17	32122374	32127163	0.68	38	4	4	2	0.6667	0	28	0	0.6667	PASS	den	0.859,0.8846,0.9103,0.6154,0.7949,0.6154,0.7564,0.7949,0.7692,0.6795,0.8077,0.6154,0.8077,0.8718,0.8718,0.6923,0.8205,0.8205,0.8205	C021-CHA-S01_2-Pat	Den	4789	0.68
C021-CHA-S01_2#Pat#chr17	33442993	33459337	0.657	81	5	4	4	0.5	1	61	0.0161	0.4032	PASS	den	0.8501,0.8086,0.9095,0.6974,0.7295,0.708,0.7222,0.6176,0.7143,0.6394,0.6404,0.7033,0.7069,0.734,0.7301,0.7153,0.7764,0.7632,0.7774	C021-CHA-S01_2-Pat	Den	16344	0.657
C021-CHA-S01_2#Pat#chr17	70076295	70110512	0.903	169	23	16	20	0.4444	7	49	0.125	0.3472	PASS	den	0.7118,0.6751,0.7784,0.6244,0.6135,0.6116,0.615,0.5898,0.6072,0.6185,0.6175,0.6328,0.6365,0.6035,0.6944,0.6795,0.7207,0.7139,0.7072	C021-CHA-S01_2-Pat	Den	34217	0.903
C021-CHA-S01_2#Pat#chr18	5160942	5173910	0.932	116	8	8	4	0.6667	0	15	0	0.6667	PASS	den	0.7094,0.594,0.9615,0.6496,0.5641,0.6581,0.5897,0.6154,0.6068,0.5983,0.5641,0.6154,0.6068,0.6453,0.6239,0.5855,0.6154,0.6068,0.6026	C021-CHA-S01_2-Pat	Den	12968	0.932
C021-CHA-S01_2#Pat#chr18	14418401	14426128	0.532	53	3	3	2	0.6	0	39	0	0.6	PASS	den	0.8796,0.713,0.963,0.6296,0.713,0.5741,0.6574,0.6389,0.6389,0.6481,0.6204,0.6852,0.6481,0.6667,0.6389,0.6296,0.6389,0.6389,0.6204	C021-CHA-S01_2-Pat	Den	7727	0.532
C021-CHA-S01_2#Pat#chr19	6460009	6462451	0.815	48	18	0	6	0	18	17	0.5143	0.5143	PASS	den	0.5558,0.6087,0.5947,0.3167,0.2603,0.3292,0.2861,0.3168,0.264,0.2297,0.2583,0.2363,0.2353,0.2083,0.1669,0.2284,0.2155,0.3051,0.3404	C021-CHA-S01_2-Pat	Den	2442	0.815
C021-CHA-S01_2#Pat#chr19	40790062	40841212	0.98	294	51	51	45	0.5312	0	71	0	0.5312	PASS	den	0.661,0.6322,0.8424,0.6136,0.6017,0.6136,0.5932,0.6102,0.5983,0.5983,0.6017,0.6017,0.6051,0.7288,0.6271,0.5966,0.6085,0.5983,0.7678	C021-CHA-S01_2-Pat	Den	51150	0.98
C021-CHA-S01_2#Pat#chr19	45094228	45097418	0.825	80	17	0	6	0	17	33	0.34	0.34	PASS	den	0.3985,0.2259,0.4963,0.2369,0.0307,0.2979,0.2721,0.2612,0.2298,0.2285,0.0987,0.271,0.2637,0.157,0.1958,0.2127,0.1844,0.533,0.2357	C021-CHA-S01_2-Pat	Den	3190	0.825
C021-CHA-S01_2#Pat#chr19	53654760	53656366	0.571	13	3	3	1	0.75	0	2	0	0.75	PASS	den	0.6429,0.6429,0.9286,0.5357,0.5714,0.5714,0.5714,0.5714,0.5714,0.5357,0.5714,0.5714,0.5357,0.5714,0.7143,0.7143,0.5357,0.6786,0.75	C021-CHA-S01_2-Pat	Den	1606	0.571
C021-CHA-S01_2#Pat#chr19	57090907	57092544	0.833	36	8	8	2	0.8	0	23	0	0.8	PASS	den	0.7973,0.5135,0.8514,0.4865,0.4054,0.5,0.473,0.5,0.5,0.3919,0.3649,0.3649,0.3919,0.3649,0.5135,0.473,0.4189,0.4189,0.4189	C021-CHA-S01_2-Pat	Den	1637	0.833
C021-CHA-S01_2#Pat#chr19	57114218	57116965	0.779	47	4	4	5	0.4444	0	36	0	0.4444	PASS	den	0.6771,0.6146,0.8854,0.5417,0.5521,0.5312,0.5521,0.5833,0.5833,0.5104,0.5312,0.6042,0.5938,0.5104,0.5833,0.5625,0.6354,0.5729,0.5521	C021-CHA-S01_2-Pat	Den	2747	0.779
C021-CHA-S01_2#Pat#chr19	57988843	57994426	0.925	75	35	35	9	0.7955	0	60	0	0.7955	PASS	den	0.7237,0.5789,0.8816,0.3487,0.3289,0.2697,0.3289,0.3224,0.2961,0.2566,0.3618,0.3684,0.3355,0.2763,0.3684,0.2763,0.3816,0.3618,0.3618	C021-CHA-S01_2-Pat	Den	5583	0.925
C021-CHA-S01_2#Pat#chr19	58492974	58493824	0.592	12	3	3	0	1	0	8	0	1	PASS	den	0.9231,0.5769,1.0,0.4615,0.4231,0.3077,0.4231,0.3077,0.3462,0.4231,0.4615,0.4615,0.4615,0.4231,0.4231,0.4231,0.4615,0.3077,0.3846	C021-CHA-S01_2-Pat	Den	850	0.592
C021-CHA-S01_2#Pat#chr21	13794702	13839518	0.877	285	16	16	70	0.186	0	88	0	0.186	PASS	den	0.6294,0.6031,0.7535,0.6346,0.6469,0.6364,0.6399,0.5787,0.5804,0.6381,0.6276,0.6399,0.6311,0.6364,0.6329,0.6259,0.6364,0.6399,0.6399	C021-CHA-S01_2-Pat	Den	44816	0.877
C021-CHA-S01_2#Pat#chr21	31173122	31187901	0.82	76	5	5	12	0.2941	0	17	0	0.2941	PASS	den	0.7338,0.6234,0.7727,0.6623,0.6558,0.6623,0.6169,0.6494,0.6753,0.6429,0.6494,0.6753,0.6234,0.6039,0.6104,0.6558,0.7662,0.7662,0.7792	C021-CHA-S01_2-Pat	Den	14779	0.82
C021-CHA-S01_2#Pat#chr21	33259150	33259294	0.514	10	9	0	0	0	9	1	0.9	0.9	PASS	den	0.2158,0.1034,0.5532,0.2247,0.1742,0.1554,0.2469,0.1389,0.1679,0.2722,0.1542,0.2229,0.1294,0.1021,0.1103,0.0939,0.0667,0.116,0.2286	C021-CHA-S01_2-Pat	Den	144	0.514
C021-CHA-S01_2#Pat#chr22	24729006	24734773	0.913	84	26	26	10	0.7222	0	41	0	0.7222	PASS	den	0.6294,0.4529,0.8765,0.3412,0.3765,0.3706,0.3824,0.3118,0.3471,0.3471,0.2765,0.3176,0.3765,0.2941,0.3176,0.3529,0.5882,0.5882,0.5765	C021-CHA-S01_2-Pat	Den	5767	0.913
C021-CHA-S01_2#Pat#chr22	38269574	38295807	0.903	247	18	18	11	0.6207	0	122	0	0.6207	PASS	den	0.871,0.6109,0.9516,0.5605,0.5867,0.5625,0.6048,0.5706,0.5645,0.5786,0.5524,0.5706,0.5988,0.621,0.5444,0.5423,0.5565,0.5645,0.5625	C021-CHA-S01_2-Pat	Den	26233	0.903
C021-CHA-S01_2#Pat#chr22	50964707	51015291	0.916	529	29	29	26	0.5273	0	214	0	0.5273	PASS	den	0.7594,0.6858,0.95,0.6434,0.6226,0.6698,0.6783,0.6717,0.6679,0.6443,0.6679,0.6547,0.6604,0.6302,0.6311,0.6292,0.6255,0.6651,0.633	C021-CHA-S01_2-Pat	Den	50584	0.916
C027-CHA-S07#Mat#chr2	1529737	1546042	0.949	152	47	0	34	0	47	71	0.3983	0.3983	PASS	den	0.561,0.847,0.615,0.752,0.7776,0.7656,0.7491,0.7756,0.8068,0.798,0.7754,0.7598,0.7711,0.8142,0.7709,0.8052,0.7184,0.7768,0.7655	C027-CHA-S07-Mat	Den	16305	0.949
C027-CHA-S07#Mat#chr2	3822090	3824976	0.725	35	4	4	0	1	0	35	0	1	PASS	den	0.9028,0.8194,1.0,0.6667,0.6528,0.6944,0.6528,0.6806,0.6528,0.5833,0.6111,0.6667,0.7361,0.6944,0.6806,0.7361,0.6806,0.7917,0.6667	C027-CHA-S07-Mat	Den	2886	0.725
C027-CHA-S07#Mat#chr2	44424261	44435354	0.813	81	5	5	7	0.4167	0	15	0	0.4167	PASS	den	0.7256,0.622,0.9085,0.622,0.5976,0.6341,0.6159,0.5915,0.5976,0.5732,0.5793,0.5854,0.6037,0.5732,0.5793,0.75,0.5854,0.7256,0.5671	C027-CHA-S07-Mat	Den	11093	0.813
C027-CHA-S07#Mat#chr2	49112349	49116542	0.879	63	7	7	4	0.6364	0	56	0	0.6364	PASS	den	0.875,0.7891,0.9375,0.6016,0.7266,0.6172,0.6797,0.7188,0.7266,0.6172,0.6172,0.5859,0.7266,0.7109,0.5859,0.6797,0.7031,0.6562,0.7188	C027-CHA-S07-Mat	Den	4193	0.879
C027-CHA-S07#Mat#chr2	53605044	53611736	0.837	89	6	6	3	0.6667	0	68	0	0.6667	PASS	den	0.8778,0.7556,0.9667,0.6667,0.6278,0.6833,0.6667,0.5833,0.6611,0.6556,0.6611,0.6889,0.6,0.6389,0.65,0.7833,0.7833,0.65,0.7444	C027-CHA-S07-Mat	Den	6692	0.837
C027-CHA-S07#Mat#chr2	55807766	55816758	0.922	86	8	6	9	0.4	2	63	0.0308	0.3077	PASS	den	0.7986,0.7743,0.8457,0.6558,0.7172,0.7014,0.6661,0.6205,0.6341,0.6698,0.6963,0.6749,0.6858,0.6391,0.6303,0.7394,0.7312,0.6859,0.7748	C027-CHA-S07-Mat	Den	8992	0.922
C027-CHA-S07#Mat#chr2	56157942	56164560	0.862	69	6	6	6	0.5	0	47	0	0.5	PASS	den	0.85,0.8071,0.9071,0.7357,0.7429,0.7357,0.7357,0.6643,0.6429,0.7286,0.6286,0.7571,0.7286,0.7857,0.7857,0.7286,0.7786,0.8214,0.7214	C027-CHA-S07-Mat	Den	6618	0.862
C027-CHA-S07#Mat#chr2	70592905	70611582	0.948	133	11	11	8	0.5789	0	14	0	0.5789	PASS	den	0.7836,0.7276,0.9403,0.709,0.7575,0.7201,0.6828,0.7164,0.7015,0.7388,0.7313,0.7425,0.7388,0.7388,0.7351,0.8134,0.7313,0.7388,0.7351	C027-CHA-S07-Mat	Den	18677	0.948
C027-CHA-S07#Mat#chr2	96587846	96788829	0.976	508	26	26	27	0.4906	0	123	0	0.4906	PASS	den	0.8497,0.7652,0.9342,0.7525,0.7289,0.7603,0.7426,0.7308,0.724,0.721,0.7417,0.7289,0.7259,0.7485,0.7328,0.7367,0.7377,0.8173,0.8173	C027-CHA-S07-Mat	Den	200983	0.976
C027-CHA-S07#Mat#chr2	97823778	97885889	0.933	116	31	0	21	0	31	68	0.3131	0.3131	PASS	den	0.4766,0.7025,0.5441,0.2517,0.2043,0.1759,0.2005,0.162,0.2207,0.2122,0.2064,0.1901,0.178,0.2896,0.2259,0.2506,0.2232,0.4207,0.2091	C027-CHA-S07-Mat	Den	62111	0.933
C027-CHA-S07#Mat#chr2	112077645	112089037	0.805	76	5	5	1	0.8333	0	69	0	0.8333	PASS	den	0.9091,0.6623,0.961,0.5844,0.5195,0.5325,0.5714,0.6039,0.5649,0.5649,0.5779,0.539,0.5455,0.6299,0.6104,0.6169,0.5844,0.5974,0.5779	C027-CHA-S07-Mat	Den	11392	0.805
C027-CHA-S07#Mat#chr2	138558858	138572974	0.6	69	4	4	3	0.5714	0	19	0	0.5714	PASS	den	0.8286,0.7,0.9429,0.7429,0.7429,0.7286,0.7429,0.7214,0.7357,0.7143,0.75,0.7429,0.7571,0.6929,0.6929,0.7643,0.6929,0.7429,0.7643	C027-CHA-S07-Mat	Den	14116	0.6
C027-CHA-S07#Mat#chr2	155196238	155220181	0.946	119	18	18	47	0.2769	0	39	0	0.2769	PASS	den	0.5667,0.525,0.5958,0.5208,0.5083,0.5167,0.4875,0.5083,0.5208,0.5167,0.5208,0.4958,0.5042,0.5083,0.5125,0.4958,0.4958,0.4917,0.5292	C027-CHA-S07-Mat	Den	23943	0.946
C027-CHA-S07#Mat#chr2	171127334	171149257	0.845	126	6	6	8	0.4286	0	29	0	0.4286	PASS	den	0.6929,0.6575,0.8465,0.6811,0.685,0.7126,0.689,0.6929,0.6811,0.7087,0.6732,0.7008,0.7165,0.6969,0.811,0.6929,0.8071,0.7795,0.8268	C027-CHA-S07-Mat	Den	21923	0.845
C027-CHA-S07#Mat#chr2	171158292	171178048	0.825	106	6	6	8	0.4286	0	23	0	0.4286	PASS	den	0.7243,0.6168,0.771,0.528,0.5794,0.5421,0.5607,0.5234,0.5794,0.5421,0.5327,0.5187,0.5841,0.5654,0.7196,0.6402,0.7196,0.729,0.7336	C027-CHA-S07-Mat	Den	19756	0.825
C027-CHA-S07#Mat#chr2	200654262	200659808	0.787	43	5	4	4	0.5	1	11	0.0833	0.4167	PASS	den	0.7642,0.6976,0.814,0.6106,0.6379,0.6444,0.627,0.6423,0.6433,0.6081,0.6429,0.6526,0.6343,0.611,0.6319,0.6703,0.6203,0.6598,0.6371	C027-CHA-S07-Mat	Den	5546	0.787
C027-CHA-S07#Mat#chr2	211152442	211153494	0.507	12	2	2	0	1	0	12	0	1	PASS	den	0.9231,0.8077,1.0,0.6538,0.5769,0.6538,0.6538,0.6923,0.6538,0.6538,0.6923,0.6923,0.6538,0.6538,0.6923,0.6154,0.8077,0.8077,0.6154	C027-CHA-S07-Mat	Den	1052	0.507
C027-CHA-S07#Mat#chr2	224451215	224457615	0.867	46	7	7	12	0.3684	0	3	0	0.3684	PASS	den	0.6383,0.5745,0.7447,0.5319,0.5638,0.5851,0.5745,0.5426,0.5638,0.5851,0.5745,0.5957,0.5745,0.6915,0.6489,0.6809,0.734,0.734,0.7234	C027-CHA-S07-Mat	Den	6400	0.867
C027-CHA-S07#Mat#chr1	7638532	7666240	0.935	139	10	10	9	0.5263	0	34	0	0.5263	PASS	den	0.8036,0.7179,0.9321,0.6857,0.6821,0.7071,0.7464,0.7357,0.7071,0.6643,0.7393,0.725,0.7286,0.7321,0.7179,0.7214,0.8286,0.825,0.8357	C027-CHA-S07-Mat	Den	27708	0.935
C027-CHA-S07#Mat#chr1	13548594	13569247	0.894	134	11	11	12	0.4783	0	53	0	0.4783	PASS	den	0.7852,0.7185,0.9,0.6074,0.563,0.5704,0.6519,0.6074,0.6148,0.6074,0.6074,0.6074,0.5963,0.5926,0.6,0.6074,0.5963,0.6037,0.6074	C027-CHA-S07-Mat	Den	20653	0.894
C027-CHA-S07#Mat#chr1	15770571	15776897	0.906	116	8	6	19	0.24	2	95	0.0206	0.1852	PASS	den	0.7712,0.7182,0.812,0.4562,0.4544,0.4527,0.4478,0.4225,0.526,0.4546,0.482,0.4463,0.4922,0.5729,0.5959,0.5776,0.4662,0.4683,0.5177	C027-CHA-S07-Mat	Den	6326	0.906
C027-CHA-S07#Mat#chr1	16263460	16268705	0.645	42	7	3	3	0.5	4	33	0.1081	0.2761	PASS	den	0.7687,0.7567,0.8075,0.5119,0.5637,0.5119,0.4291,0.5184,0.5659,0.5829,0.5302,0.5351,0.481,0.5442,0.5714,0.561,0.5869,0.5278,0.5386	C027-CHA-S07-Mat	Den	5245	0.645
C027-CHA-S07#Mat#chr1	16497800	16546091	0.979	579	175	3	48	0.0588	172	316	0.3525	0.3474	PASS	den	0.1847,0.5405,0.4621,0.274,0.0887,0.1142,0.057,0.0794,0.1368,0.1634,0.1525,0.0806,0.0855,0.1862,0.0962,0.1102,0.5576,0.1791,0.167	C027-CHA-S07-Mat	Den	48291	0.979
C027-CHA-S07#Mat#chr1	16667925	16760488	0.897	846	119	5	109	0.0439	114	459	0.199	0.1924	PASS	den	0.5335,0.6737,0.6612,0.3324,0.4018,0.2494,0.357,0.349,0.2233,0.3833,0.2258,0.1748,0.1559,0.1759,0.2259,0.4393,0.5426,0.5254,0.5337	C027-CHA-S07-Mat	Den	92563	0.897
C027-CHA-S07#Mat#chr1	25252052	25262334	0.851	56	12	12	3	0.8	0	38	0	0.8	PASS	den	0.7456,0.6404,0.9386,0.5175,0.4825,0.5,0.5088,0.5526,0.4561,0.5526,0.5263,0.5614,0.5789,0.4912,0.6579,0.6579,0.6316,0.6754,0.6667	C027-CHA-S07-Mat	Den	10282	0.851
C027-CHA-S07#Mat#chr1	30078698	30112658	0.937	274	17	17	15	0.5312	0	32	0	0.5312	PASS	den	0.8436,0.6818,0.9455,0.6473,0.6709,0.6455,0.6127,0.6309,0.6509,0.5964,0.5891,0.6382,0.6673,0.6255,0.6982,0.6236,0.66,0.6491,0.6291	C027-CHA-S07-Mat	Den	33960	0.937
C027-CHA-S07#Mat#chr1	55449454	55463141	0.861	75	7	7	8	0.4667	0	36	0	0.4667	PASS	den	0.75,0.6842,0.8816,0.6053,0.625,0.5724,0.5789,0.5855,0.6382,0.6316,0.625,0.6118,0.625,0.5592,0.5987,0.7171,0.625,0.6184,0.5592	C027-CHA-S07-Mat	Den	13687	0.861
C027-CHA-S07#Mat#chr1	59311487	59325412	0.914	77	21	21	9	0.7	0	17	0	0.7	PASS	den	0.6154,0.5128,0.8846,0.5385,0.5256,0.5385,0.5449,0.5641,0.5449,0.5449,0.5321,0.5385,0.5256,0.5321,0.7244,0.6923,0.5385,0.5321,0.5256	C027-CHA-S07-Mat	Den	13925	0.914
C027-CHA-S07#Mat#chr1	76878726	76908151	0.966	205	25	25	24	0.5102	0	94	0	0.5102	PASS	den	0.7791,0.699,0.8811,0.6286,0.6311,0.5995,0.6214,0.6311,0.6481,0.6238,0.6626,0.6286,0.6165,0.7694,0.7718,0.7767,0.767,0.7694,0.7743	C027-CHA-S07-Mat	Den	29425	0.966
C027-CHA-S07#Mat#chr1	84332969	84353233	0.893	97	10	10	10	0.5	0	25	0	0.5	PASS	den	0.801,0.7296,0.8776,0.6939,0.6888,0.6888,0.6327,0.6735,0.6888,0.7041,0.6837,0.6582,0.6888,0.7704,0.8316,0.7704,0.7755,0.6939,0.8265	C027-CHA-S07-Mat	Den	20264	0.893
C027-CHA-S07#Mat#chr1	115324274	115334797	0.905	107	19	19	7	0.7308	0	46	0	0.7308	PASS	den	0.8796,0.625,0.9259,0.4954,0.5278,0.537,0.537,0.5139,0.5417,0.5787,0.4954,0.5185,0.5231,0.4954,0.6019,0.6667,0.6574,0.6852,0.6852	C027-CHA-S07-Mat	Den	10523	0.905
C027-CHA-S07#Mat#chr1	146380989	146390560	0.847	94	13	13	13	0.5	0	59	0	0.5	PASS	den	0.7789,0.6526,0.8474,0.5053,0.5421,0.5368,0.5684,0.5368,0.5632,0.5526,0.5421,0.5421,0.5895,0.5737,0.5684,0.5316,0.5316,0.5263,0.7053	C027-CHA-S07-Mat	Den	9571	0.847
C027-CHA-S07#Mat#chr1	152549844	152580191	0.914	135	7	7	6	0.5385	0	38	0	0.5385	PASS	den	0.875,0.8015,0.9265,0.761,0.7279,0.7316,0.7684,0.7316,0.761,0.7279,0.7574,0.7426,0.7206,0.8235,0.8493,0.8346,0.7684,0.7794,0.7647	C027-CHA-S07-Mat	Den	30347	0.914
C027-CHA-S07#Mat#chr1	171541770	171548778	0.55	40	4	4	5	0.4444	0	6	0	0.4444	PASS	den	0.6707,0.5854,0.878,0.6098,0.5732,0.6098,0.6707,0.622,0.6098,0.6098,0.6098,0.622,0.5732,0.7439,0.561,0.561,0.6098,0.7439,0.622	C027-CHA-S07-Mat	Den	7008	0.55
C027-CHA-S07#Mat#chr1	175812111	175823529	0.906	86	7	7	2	0.7778	0	36	0	0.7778	PASS	den	0.7701,0.546,0.8966,0.6034,0.5172,0.592,0.5287,0.5805,0.5805,0.5,0.592,0.5977,0.6034,0.5057,0.5,0.5,0.5115,0.5287,0.5517	C027-CHA-S07-Mat	Den	11418	0.906
C027-CHA-S07#Mat#chr1	185742479	185749518	0.955	164	45	45	6	0.8824	0	134	0	0.8824	PASS	den	0.8485,0.6515,0.9212,0.4273,0.4545,0.4242,0.4697,0.4697,0.4576,0.4485,0.4364,0.4788,0.4515,0.4333,0.4636,0.4606,0.6697,0.4242,0.6758	C027-CHA-S07-Mat	Den	7039	0.955
C027-CHA-S07#Mat#chr1	216550873	216559098	0.886	110	12	12	9	0.5714	0	96	0	0.5714	PASS	den	0.8649,0.7613,0.9189,0.6532,0.6532,0.6802,0.6847,0.6622,0.6261,0.6396,0.6486,0.5991,0.6667,0.6396,0.7207,0.6396,0.6532,0.6486,0.6441	C027-CHA-S07-Mat	Den	8225	0.886
C027-CHA-S07#Mat#chr1	225886636	225894532	0.848	60	5	5	1	0.8333	0	53	0	0.8333	PASS	den	0.9262,0.8361,0.9836,0.6639,0.7131,0.7541,0.7541,0.7131,0.7951,0.8115,0.7541,0.7541,0.7869,0.7705,0.8279,0.7459,0.7705,0.7787,0.7705	C027-CHA-S07-Mat	Den	7896	0.848
C027-CHA-S07#Mat#chr3	3465120	3496667	0.947	275	22	22	15	0.5946	0	74	0	0.5946	PASS	den	0.8714,0.7156,0.9438,0.596,0.5453,0.6123,0.6141,0.596,0.5417,0.6232,0.5743,0.6214,0.5996,0.5562,0.5543,0.6268,0.5978,0.5978,0.6486	C027-CHA-S07-Mat	Den	31547	0.947
C027-CHA-S07#Mat#chr3	23162163	23648666	0.987	2759	245	237	57	0.8061	8	556	0.0142	0.7803	PASS	den	0.7503,0.6542,0.9599,0.671,0.6657,0.6601,0.6584,0.6575,0.6622,0.6462,0.6541,0.6572,0.666,0.622,0.6291,0.6553,0.6579,0.7208,0.7149	C027-CHA-S07-Mat	Den	486503	0.987
C027-CHA-S07#Mat#chr3	30442923	30464749	0.935	139	13	13	5	0.7222	0	50	0	0.7222	PASS	den	0.7821,0.7286,0.8857,0.6786,0.675,0.7071,0.6821,0.6893,0.6786,0.6893,0.6929,0.6786,0.7143,0.6857,0.7714,0.75,0.6714,0.6786,0.7571	C027-CHA-S07-Mat	Den	21826	0.935
C027-CHA-S07#Mat#chr3	56992951	57008473	0.816	145	7	7	26	0.2121	0	67	0	0.2121	PASS	den	0.7329,0.7055,0.8151,0.6062,0.613,0.6267,0.6199,0.6199,0.6164,0.6336,0.5925,0.6849,0.6267,0.637,0.6267,0.613,0.6164,0.6164,0.6473	C027-CHA-S07-Mat	Den	15522	0.816
C027-CHA-S07#Mat#chr3	57498479	57510660	0.907	104	21	21	14	0.6	0	28	0	0.6	PASS	den	0.6762,0.6286,0.7952,0.6048,0.5619,0.6143,0.5952,0.6238,0.6048,0.5667,0.5429,0.5905,0.6095,0.719,0.7333,0.7333,0.7714,0.781,0.781	C027-CHA-S07-Mat	Den	12181	0.907
C027-CHA-S07#Mat#chr3	68369063	68372984	0.841	36	6	6	8	0.4286	0	5	0	0.4286	PASS	den	0.6486,0.5811,0.7838,0.527,0.5405,0.5541,0.527,0.5541,0.5811,0.5676,0.5405,0.5405,0.5541,0.6757,0.5405,0.5405,0.5135,0.5405,0.5405	C027-CHA-S07-Mat	Den	3921	0.841
C027-CHA-S07#Mat#chr3	84845367	84857722	0.93	86	12	12	12	0.5	0	15	0	0.5	PASS	den	0.6149,0.569,0.8448,0.6034,0.5115,0.5747,0.5287,0.5402,0.5862,0.5172,0.523,0.546,0.5172,0.5287,0.5862,0.5517,0.5172,0.7184,0.7011	C027-CHA-S07-Mat	Den	12355	0.93
C027-CHA-S07#Mat#chr3	96604751	96618581	0.824	70	5	5	15	0.25	0	7	0	0.25	PASS	den	0.669,0.5282,0.7887,0.5563,0.5775,0.5775,0.5915,0.493,0.4789,0.5423,0.4859,0.5915,0.4859,0.6479,0.669,0.6479,0.4859,0.5915,0.4859	C027-CHA-S07-Mat	Den	13830	0.824
C027-CHA-S07#Mat#chr3	97600241	97605995	0.899	84	6	6	6	0.5	0	64	0	0.5	PASS	den	0.8294,0.7412,0.9176,0.6529,0.6529,0.6588,0.6765,0.6765,0.6824,0.6235,0.6176,0.6235,0.6706,0.7706,0.6059,0.6118,0.5882,0.5941,0.6	C027-CHA-S07-Mat	Den	5754	0.899
C027-CHA-S07#Mat#chr3	101006871	101016293	0.87	73	19	0	18	0	19	28	0.4043	0.4043	PASS	den	0.3966,0.6067,0.4739,0.5179,0.5202,0.4619,0.4436,0.4969,0.4482,0.4826,0.5321,0.3843,0.4706,0.5372,0.3606,0.4928,0.5158,0.457,0.4732	C027-CHA-S07-Mat	Den	9422	0.87
C027-CHA-S07#Mat#chr3	108856084	108880570	0.866	147	7	7	14	0.3333	0	30	0	0.3333	PASS	den	0.7939,0.6622,0.902,0.7061,0.6723,0.7095,0.652,0.7027,0.6791,0.6689,0.6858,0.652,0.6892,0.6588,0.6588,0.6993,0.6824,0.7365,0.6993	C027-CHA-S07-Mat	Den	24486	0.866
C027-CHA-S07#Mat#chr3	122707577	122722721	0.932	103	16	16	11	0.5926	0	54	0	0.5926	PASS	den	0.8365,0.6731,0.8894,0.5673,0.5577,0.5625,0.5865,0.5673,0.5625,0.524,0.5673,0.5481,0.5433,0.7356,0.5721,0.5673,0.5433,0.7356,0.5337	C027-CHA-S07-Mat	Den	15144	0.932
C027-CHA-S07#Mat#chr3	128301216	128324279	0.889	187	13	12	17	0.4138	1	76	0.013	0.383	PASS	den	0.7235,0.7472,0.8814,0.6733,0.6653,0.5988,0.6689,0.6723,0.6696,0.6352,0.6357,0.6715,0.6417,0.651,0.656,0.7684,0.7753,0.7682,0.7738	C027-CHA-S07-Mat	Den	23063	0.889
C027-CHA-S07#Mat#chr3	137326884	137338635	0.817	108	9	9	17	0.3462	0	72	0	0.3462	PASS	den	0.789,0.6743,0.844,0.5459,0.6009,0.5505,0.5734,0.5688,0.5688,0.5917,0.5642,0.5459,0.5367,0.7294,0.7248,0.7339,0.7248,0.7248,0.7064	C027-CHA-S07-Mat	Den	11751	0.817
C027-CHA-S07#Mat#chr3	141323048	141343501	0.933	97	15	15	16	0.4839	0	23	0	0.4839	PASS	den	0.7092,0.6173,0.8367,0.602,0.5918,0.5918,0.6071,0.602,0.5918,0.6071,0.5969,0.5714,0.5969,0.7398,0.699,0.602,0.6327,0.602,0.5969	C027-CHA-S07-Mat	Den	20453	0.933
C027-CHA-S07#Mat#chr3	142285243	142295062	0.899	82	6	6	7	0.4615	0	19	0	0.4615	PASS	den	0.7831,0.6325,0.9036,0.512,0.4759,0.506,0.506,0.4759,0.4699,0.488,0.488,0.5904,0.6265,0.5422,0.6807,0.6446,0.6928,0.6928,0.4819	C027-CHA-S07-Mat	Den	9819	0.899
C027-CHA-S07#Mat#chr3	151789905	151798128	0.935	97	40	40	11	0.7843	0	25	0	0.7843	PASS	den	0.5051,0.5153,0.8776,0.4388,0.4286,0.4133,0.4337,0.398,0.4235,0.4184,0.4235,0.4133,0.4082,0.4235,0.4184,0.4235,0.6837,0.6582,0.5969	C027-CHA-S07-Mat	Den	8223	0.935
C027-CHA-S07#Mat#chr3	198328501	198376968	0.87	268	12	12	1	0.9231	0	263	0	0.9231	PASS	den	0.9368,0.7491,0.9963,0.632,0.658,0.6245,0.6208,0.6022,0.6097,0.6375,0.6487,0.6357,0.6487,0.6357,0.7268,0.6747,0.7156,0.7249,0.7175	C027-CHA-S07-Mat	Den	48467	0.87
C027-CHA-S07#Mat#chr4	364642	367902	0.818	53	6	6	1	0.8571	0	40	0	0.8571	PASS	den	0.9167,0.6944,0.9815,0.5833,0.5741,0.6296,0.5093,0.5741,0.6019,0.6204,0.5463,0.5278,0.5926,0.6019,0.5926,0.6944,0.7222,0.7037,0.6944	C027-CHA-S07-Mat	Den	3260	0.818
C027-CHA-S07#Mat#chr4	3509090	3542727	0.959	282	15	13	12	0.52	3	217	0.0136	0.4251	PASS	den	0.8237,0.7578,0.9143,0.6249,0.5696,0.5895,0.5932,0.6448,0.5869,0.588,0.581,0.6359,0.6425,0.6979,0.688,0.6773,0.6754,0.705,0.629	C027-CHA-S07-Mat	Den	33637	0.959
C027-CHA-S07#Mat#chr4	9639969	9649244	0.881	99	6	6	20	0.2308	0	63	0	0.2308	PASS	den	0.74,0.73,0.8,0.685,0.67,0.695,0.695,0.69,0.66,0.655,0.655,0.69,0.65,0.695,0.695,0.695,0.685,0.71,0.7	C027-CHA-S07-Mat	Den	9275	0.881
C027-CHA-S07#Mat#chr4	10353131	10365346	0.702	84	5	5	0	1	0	84	0	1	PASS	den	0.9294,0.6941,1.0,0.6588,0.6588,0.6647,0.6765,0.6647,0.6353,0.6588,0.6235,0.6588,0.6765,0.6235,0.6353,0.6412,0.6412,0.5882,0.5529	C027-CHA-S07-Mat	Den	12215	0.702
C027-CHA-S07#Mat#chr4	12860424	12868927	0.905	64	6	6	2	0.75	0	5	0	0.75	PASS	den	0.7538,0.6615,0.8846,0.6,0.6538,0.6154,0.6462,0.6385,0.6462,0.6538,0.7,0.6538,0.6692,0.6462,0.6615,0.6769,0.6769,0.7769,0.7769	C027-CHA-S07-Mat	Den	8503	0.905
C027-CHA-S07#Mat#chr4	59715712	59720328	0.91	60	8	8	1	0.8889	0	52	0	0.8889	PASS	den	0.8279,0.7869,0.9836,0.5902,0.6311,0.6311,0.6803,0.7049,0.6066,0.6066,0.6803,0.6148,0.582,0.6148,0.5984,0.6967,0.6066,0.5984,0.582	C027-CHA-S07-Mat	Den	4616	0.91
C027-CHA-S07#Mat#chr4	79510166	79518890	0.902	58	9	9	10	0.4737	0	9	0	0.4737	PASS	den	0.7458,0.7542,0.8305,0.7203,0.6949,0.7458,0.7119,0.7458,0.6949,0.7627,0.7288,0.7288,0.7712,0.8644,0.8814,0.7458,0.8814,0.8814,0.8729	C027-CHA-S07-Mat	Den	8724	0.902
C027-CHA-S07#Mat#chr4	80428947	80434428	0.926	96	8	8	4	0.6667	0	74	0	0.6667	PASS	den	0.7732,0.7629,0.9588,0.6134,0.732,0.7371,0.6031,0.6134,0.6134,0.5619,0.5928,0.5722,0.6031,0.6082,0.5722,0.6031,0.5825,0.6082,0.6134	C027-CHA-S07-Mat	Den	5481	0.926
C027-CHA-S07#Mat#chr4	82661394	82681885	0.864	89	6	6	14	0.3	0	8	0	0.3	PASS	den	0.7667,0.7333,0.8333,0.7444,0.7667,0.7722,0.7778,0.7889,0.7778,0.7778,0.7556,0.7833,0.8111,0.7833,0.8778,0.8056,0.8,0.8111,0.7833	C027-CHA-S07-Mat	Den	20491	0.864
C027-CHA-S07#Mat#chr4	94748604	94756419	0.916	92	8	8	8	0.5	0	59	0	0.5	PASS	den	0.7957,0.7419,0.914,0.6828,0.6774,0.6344,0.6237,0.6183,0.6882,0.6344,0.6398,0.6667,0.672,0.6505,0.6613,0.672,0.672,0.6505,0.6667	C027-CHA-S07-Mat	Den	7815	0.916
C027-CHA-S07#Mat#chr4	156076540	156081444	0.764	25	4	4	5	0.4444	0	6	0	0.4444	PASS	den	0.5,0.4038,0.8077,0.5,0.5192,0.5192,0.5192,0.5,0.5577,0.4615,0.4808,0.5192,0.5,0.4615,0.7308,0.5192,0.5,0.5,0.5192	C027-CHA-S07-Mat	Den	4904	0.764
C027-CHA-S07#Mat#chr4	158940476	158954043	0.791	71	5	5	14	0.2632	0	9	0	0.2632	PASS	den	0.7014,0.6042,0.8056,0.5556,0.625,0.5486,0.5347,0.5556,0.5625,0.5278,0.5139,0.5208,0.5139,0.5694,0.5625,0.6111,0.5694,0.5694,0.5278	C027-CHA-S07-Mat	Den	13567	0.791
C027-CHA-S07#Mat#chr4	168039699	168063830	0.936	126	12	12	21	0.3636	1	22	0.0435	0.339	PASS	den	0.686,0.6814,0.8013,0.6552,0.6597,0.6259,0.6367,0.6524,0.6321,0.6726,0.6454,0.6758,0.6549,0.7896,0.7638,0.8005,0.7965,0.7805,0.7767	C027-CHA-S07-Mat	Den	24131	0.936
C027-CHA-S07#Mat#chr4	170218482	170218901	0.742	23	4	4	1	0.8	0	22	0	0.8	PASS	den	0.8333,0.8542,0.9375,0.7708,0.75,0.7708,0.75,0.7708,0.7083,0.7708,0.7292,0.7708,0.6458,0.75,0.6042,0.75,0.7708,0.7708,0.7708	C027-CHA-S07-Mat	Den	419	0.742
C027-CHA-S07#Mat#chr4	173668910	173687738	0.939	92	14	13	7	0.65	1	22	0.0435	0.6067	PASS	den	0.7055,0.6623,0.8058,0.6594,0.6158,0.6298,0.6199,0.6073,0.6268,0.6658,0.6042,0.6507,0.6087,0.6266,0.5995,0.606,0.6359,0.6124,0.6352	C027-CHA-S07-Mat	Den	18828	0.939
C027-CHA-S07#Mat#chr4	183809209	183816682	0.894	69	9	9	12	0.4286	0	7	0	0.4286	PASS	den	0.6643,0.5929,0.8071,0.5857,0.5786,0.5857,0.5929,0.6071,0.6143,0.5714,0.6071,0.5857,0.6,0.75,0.7714,0.7643,0.5929,0.6143,0.5786	C027-CHA-S07-Mat	Den	7473	0.894
C027-CHA-S07#Mat#chr5	416540	422822	0.883	69	6	6	13	0.3158	0	33	0	0.3158	PASS	den	0.7319,0.6449,0.8043,0.5725,0.5217,0.5,0.5652,0.5217,0.5362,0.529,0.5,0.5145,0.5362,0.6304,0.5507,0.6087,0.529,0.5507,0.5725	C027-CHA-S07-Mat	Den	6282	0.883
C027-CHA-S07#Mat#chr5	17542246	17560342	0.552	100	18	0	12	0	18	35	0.3396	0.3396	PASS	den	0.4439,0.6008,0.4815,0.3723,0.3629,0.329,0.2921,0.3256,0.2603,0.3216,0.3483,0.3131,0.2914,0.2951,0.2715,0.3251,0.3315,0.3248,0.3006	C027-CHA-S07-Mat	Den	18096	0.552
C027-CHA-S07#Mat#chr5	18160125	18190731	0.97	212	78	78	30	0.7222	0	40	0	0.7222	PASS	den	0.6972,0.5376,0.8545,0.4202,0.4108,0.4272,0.4178,0.4296,0.4061,0.4272,0.4061,0.4038,0.4155,0.6761,0.4272,0.4319,0.4343,0.4272,0.4202	C027-CHA-S07-Mat	Den	30606	0.97
C027-CHA-S07#Mat#chr5	19843821	19849916	0.843	41	5	5	1	0.8333	0	7	0	0.8333	PASS	den	0.7857,0.6548,0.9762,0.7262,0.6786,0.7024,0.6786,0.6548,0.7143,0.7262,0.6548,0.631,0.6429,0.8214,0.8333,0.8214,0.7976,0.8095,0.8095	C027-CHA-S07-Mat	Den	6095	0.843
C027-CHA-S07#Mat#chr5	20824101	20848241	0.591	116	6	5	4	0.5556	1	81	0.0122	0.465	PASS	den	0.8617,0.7704,0.9208,0.6884,0.6535,0.6278,0.681,0.6385,0.6768,0.6535,0.6717,0.601,0.6683,0.6549,0.5749,0.6015,0.7109,0.6104,0.6086	C027-CHA-S07-Mat	Den	24140	0.591
C027-CHA-S07#Mat#chr5	23681311	23691582	0.903	72	20	20	8	0.7143	1	13	0.0714	0.6837	PASS	den	0.6271,0.5637,0.87,0.4788,0.4718,0.4901,0.4631,0.4672,0.4877,0.493,0.5064,0.4316,0.4762,0.6831,0.5084,0.4679,0.6867,0.6774,0.4957	C027-CHA-S07-Mat	Den	10271	0.903
C027-CHA-S07#Mat#chr5	37890253	37907452	0.843	126	7	7	17	0.2917	0	68	0	0.2917	PASS	den	0.8189,0.7362,0.8622,0.6732,0.6693,0.7008,0.6929,0.685,0.6772,0.6732,0.6575,0.6654,0.685,0.6496,0.6535,0.6535,0.7913,0.6575,0.7953	C027-CHA-S07-Mat	Den	17199	0.843
C027-CHA-S07#Mat#chr5	44869132	44920478	0.925	303	15	15	25	0.375	0	87	0	0.375	PASS	den	0.75,0.7928,0.9161,0.6645,0.7039,0.6974,0.7188,0.6793,0.6628,0.7089,0.6809,0.653,0.6809,0.6793,0.6908,0.6809,0.7993,0.6891,0.6908	C027-CHA-S07-Mat	Den	51346	0.925
C027-CHA-S07#Mat#chr5	53812424	53816068	0.605	43	4	4	4	0.5	0	40	0	0.5	PASS	den	0.8295,0.6477,0.9091,0.6136,0.4773,0.4091,0.5,0.4091,0.4773,0.4205,0.4432,0.4545,0.4432,0.4091,0.4091,0.6591,0.4091,0.4773,0.5	C027-CHA-S07-Mat	Den	3644	0.605
C027-CHA-S07#Mat#chr5	68465177	68485744	0.942	210	11	11	2	0.8462	0	85	0	0.8462	PASS	den	0.9313,0.6919,0.9787,0.6659,0.6019,0.545,0.5924,0.59,0.59,0.6445,0.5877,0.6303,0.6232,0.6019,0.6611,0.5782,0.5616,0.5877,0.5616	C027-CHA-S07-Mat	Den	20567	0.942
C027-CHA-S07#Mat#chr5	68510209	68511954	0.505	15	2	2	0	1	0	3	0	1	PASS	den	0.6875,0.625,1.0,0.5625,0.625,0.5625,0.625,0.5625,0.5938,0.6875,0.6875,0.6562,0.6562,0.625,0.75,0.6875,0.75,0.6562,0.75	C027-CHA-S07-Mat	Den	1745	0.505
C027-CHA-S07#Mat#chr5	75498707	75643199	0.914	763	32	32	40	0.4444	0	167	0	0.4444	PASS	den	0.837,0.7336,0.9463,0.7107,0.7192,0.7199,0.7251,0.7448,0.7219,0.7134,0.731,0.7395,0.7323,0.7042,0.7029,0.7487,0.7408,0.75,0.7356	C027-CHA-S07-Mat	Den	144492	0.914
C027-CHA-S07#Mat#chr5	75648994	75749101	0.929	589	29	26	17	0.6047	3	184	0.016	0.5438	PASS	den	0.8493,0.7717,0.9228,0.7189,0.7218,0.7234,0.7277,0.7575,0.7364,0.7161,0.7266,0.7319,0.7353,0.6997,0.697,0.7624,0.7655,0.7625,0.7475	C027-CHA-S07-Mat	Den	100107	0.929
C027-CHA-S07#Mat#chr5	91634573	91665075	0.87	154	7	7	8	0.4667	0	20	0	0.4667	PASS	den	0.8129,0.7129,0.9323,0.7323,0.7097,0.7161,0.7677,0.7323,0.7323,0.7387,0.7161,0.6968,0.7323,0.7484,0.7387,0.7548,0.7355,0.7387,0.7548	C027-CHA-S07-Mat	Den	30502	0.87
C027-CHA-S07#Mat#chr5	92246132	92255397	0.924	84	15	15	6	0.7143	0	61	0	0.7143	PASS	den	0.8647,0.6588,0.9294,0.5235,0.5294,0.5294,0.5353,0.4706,0.5588,0.5235,0.5294,0.5176,0.5353,0.6294,0.5176,0.5471,0.7059,0.5353,0.7118	C027-CHA-S07-Mat	Den	9265	0.924
C027-CHA-S07#Mat#chr5	98640818	98642584	0.715	39	4	4	0	1	0	39	0	1	PASS	den	0.875,0.6125,1.0,0.4875,0.4625,0.5,0.4875,0.45,0.475,0.4625,0.275,0.525,0.525,0.6125,0.5,0.4875,0.6125,0.6125,0.45	C027-CHA-S07-Mat	Den	1766	0.715
C027-CHA-S07#Mat#chr5	120091345	120106034	0.902	162	17	17	41	0.2931	0	86	0	0.2931	PASS	den	0.6503,0.727,0.7485,0.7331,0.7025,0.7393,0.7331,0.7239,0.7423,0.6871,0.7178,0.7055,0.7362,0.8374,0.7423,0.7485,0.7393,0.7485,0.7485	C027-CHA-S07-Mat	Den	14689	0.902
C027-CHA-S07#Mat#chr5	170001753	170011310	0.923	89	35	35	7	0.8333	0	9	0	0.8333	PASS	den	0.3778,0.3778,0.9222,0.3611,0.4278,0.4056,0.3556,0.3722,0.3611,0.3778,0.3944,0.4222,0.4333,0.6611,0.6556,0.6611,0.3722,0.35,0.3778	C027-CHA-S07-Mat	Den	9557	0.923
C027-CHA-S07#Mat#chr6	6160765	6163077	0.696	32	4	4	0	1	0	31	0	1	PASS	den	0.9091,0.7424,1.0,0.5606,0.6061,0.5303,0.5606,0.6515,0.6212,0.6061,0.6061,0.6515,0.6061,0.5909,0.5758,0.5909,0.6061,0.7424,0.7121	C027-CHA-S07-Mat	Den	2312	0.696
C027-CHA-S07#Mat#chr6	7668454	7679298	0.67	55	5	4	8	0.3333	1	18	0.0526	0.2772	PASS	den	0.7044,0.6723,0.7709,0.6204,0.6229,0.6255,0.65,0.6376,0.6323,0.6226,0.613,0.6001,0.6034,0.7187,0.6819,0.7015,0.5967,0.6263,0.6287	C027-CHA-S07-Mat	Den	10844	0.67
C027-CHA-S07#Mat#chr6	9818497	9861853	0.955	342	41	41	106	0.2789	0	144	0	0.2789	PASS	den	0.5481,0.5306,0.6808,0.4825,0.4708,0.4738,0.4942,0.4767,0.4883,0.4694,0.4927,0.4898,0.4738,0.6953,0.6953,0.6953,0.481,0.4781,0.4854	C027-CHA-S07-Mat	Den	43356	0.955
C027-CHA-S07#Mat#chr6	29353238	29370493	0.884	103	17	17	12	0.5862	0	31	0	0.5862	PASS	den	0.6346,0.5337,0.7596,0.4952,0.4712,0.5529,0.5096,0.5481,0.5048,0.5385,0.5288,0.5481,0.5,0.5144,0.6875,0.5,0.7067,0.7067,0.6683	C027-CHA-S07-Mat	Den	17255	0.884
C027-CHA-S07#Mat#chr6	29799535	29834314	0.971	659	90	90	2	0.9783	0	119	0	0.9783	PASS	den	0.6212,0.4864,0.8136,0.397,0.4121,0.4061,0.4917,0.4674,0.4189,0.5038,0.4326,0.4341,0.4629,0.4818,0.5129,0.4674,0.6091,0.6091,0.4061	C027-CHA-S07-Mat	Den	34779	0.971
C027-CHA-S07#Mat#chr6	29841528	29897389	0.933	1645	114	101	4	0.9619	14	495	0.0275	0.8482	PASS	den	0.6393,0.5692,0.797,0.4852,0.567,0.5596,0.4714,0.4831,0.439,0.4512,0.4895,0.4847,0.4619,0.5163,0.5294,0.4894,0.6693,0.631,0.6503	C027-CHA-S07-Mat	Den	55861	0.933
C027-CHA-S07#Mat#chr6	29907960	29929073	0.858	1050	78	78	4	0.9512	0	466	0	0.9512	PASS	den	0.6822,0.5766,0.8858,0.452,0.5538,0.5471,0.5457,0.4572,0.4567,0.4401,0.46,0.509,0.4943,0.5147,0.5076,0.5937,0.656,0.6318,0.5728	C027-CHA-S07-Mat	Den	21113	0.858
C027-CHA-S07#Mat#chr6	29940228	29959446	0.974	439	20	20	1	0.9524	0	107	0	0.9524	PASS	den	0.7807,0.5602,0.8591,0.5773,0.5773,0.5932,0.5182,0.5807,0.5557,0.55,0.5568,0.5568,0.5568,0.6284,0.5591,0.633,0.6716,0.6591,0.5443	C027-CHA-S07-Mat	Den	19218	0.974
C027-CHA-S07#Mat#chr6	31753477	31784959	0.89	95	6	6	4	0.6	0	26	0	0.6	PASS	den	0.8438,0.7656,0.9271,0.7552,0.7188,0.7396,0.7292,0.7448,0.724,0.6719,0.7083,0.7031,0.7292,0.7812,0.7917,0.7708,0.7344,0.7552,0.7396	C027-CHA-S07-Mat	Den	31482	0.89
C027-CHA-S07#Mat#chr6	51832066	51864051	0.957	177	64	63	7	0.9	1	33	0.0294	0.8864	PASS	den	0.5622,0.5212,0.7799,0.4781,0.4724,0.5061,0.5007,0.473,0.4923,0.4647,0.4887,0.5033,0.5026,0.7185,0.4982,0.7213,0.5087,0.4922,0.5036	C027-CHA-S07-Mat	Den	31985	0.957
C027-CHA-S07#Mat#chr6	84860378	84879492	0.923	222	17	17	20	0.4595	0	109	0	0.4595	PASS	den	0.8565,0.6413,0.9058,0.4888,0.4821,0.4574,0.4843,0.5426,0.4507,0.4753,0.4776,0.5426,0.5404,0.4798,0.4978,0.6726,0.6211,0.6143,0.574	C027-CHA-S07-Mat	Den	19114	0.923
C027-CHA-S07#Mat#chr6	94341574	94354282	0.834	71	10	10	13	0.4348	0	14	0	0.4348	PASS	den	0.75,0.7153,0.8194,0.6667,0.6528,0.6875,0.6806,0.6597,0.6736,0.6667,0.6597,0.6667,0.6736,0.6736,0.6667,0.6667,0.6806,0.6528,0.8125	C027-CHA-S07-Mat	Den	12708	0.834
C027-CHA-S07#Mat#chr7	263991	271062	0.87	56	5	5	20	0.2	0	15	0	0.2	PASS	den	0.5357,0.4821,0.6429,0.3839,0.4375,0.3482,0.4018,0.4464,0.4107,0.3929,0.4107,0.4464,0.4464,0.375,0.4018,0.375,0.375,0.6339,0.4196	C027-CHA-S07-Mat	Den	7071	0.87
C027-CHA-S07#Mat#chr7	6951003	6955837	0.751	78	5	5	18	0.2174	0	64	0	0.2174	PASS	den	0.7342,0.6392,0.7722,0.4557,0.5253,0.481,0.6013,0.5127,0.4684,0.5127,0.443,0.5886,0.6139,0.4557,0.6835,0.6899,0.4684,0.4684,0.4684	C027-CHA-S07-Mat	Den	4834	0.751
C027-CHA-S07#Mat#chr7	7013935	7016825	0.854	113	23	0	11	0	23	73	0.2396	0.2396	PASS	den	0.6064,0.7421,0.6631,0.1467,0.1697,0.133,0.257,0.2982,0.1886,0.0475,0.1504,0.1575,0.3074,0.2134,0.4817,0.271,0.3106,0.1747,0.2392	C027-CHA-S07-Mat	Den	2890	0.854
C027-CHA-S07#Mat#chr7	33057621	33119304	0.934	393	21	19	40	0.322	2	187	0.0106	0.2924	PASS	den	0.812,0.7878,0.8622,0.7439,0.695,0.6854,0.7411,0.7346,0.7292,0.7156,0.7164,0.7389,0.7354,0.7456,0.7521,0.7887,0.7316,0.7494,0.7238	C027-CHA-S07-Mat	Den	61683	0.934
C027-CHA-S07#Mat#chr7	47630019	47634830	0.698	39	4	4	1	0.8	0	6	0	0.8	PASS	den	0.85,0.7375,0.975,0.7125,0.65,0.6375,0.6375,0.5875,0.6875,0.725,0.675,0.6625,0.6875,0.8125,0.8125,0.6875,0.6875,0.7,0.7375	C027-CHA-S07-Mat	Den	4811	0.698
C027-CHA-S07#Mat#chr7	52215446	52224338	0.913	78	13	13	3	0.8125	0	34	0	0.8125	PASS	den	0.8797,0.7468,0.962,0.5696,0.5506,0.6456,0.6013,0.6646,0.6456,0.6329,0.6203,0.6329,0.6709,0.6582,0.7785,0.6709,0.7848,0.7911,0.6392	C027-CHA-S07-Mat	Den	8892	0.913
C027-CHA-S07#Mat#chr7	54784840	54793091	0.899	61	10	10	7	0.5882	0	17	0	0.5882	PASS	den	0.8387,0.5726,0.8871,0.4435,0.4839,0.5323,0.5081,0.4839,0.5,0.4839,0.4758,0.5,0.4274,0.6532,0.6613,0.6452,0.5161,0.4435,0.4516	C027-CHA-S07-Mat	Den	8251	0.899
C027-CHA-S07#Mat#chr7	77268864	77290551	0.697	117	6	6	14	0.3	0	34	0	0.3	PASS	den	0.75,0.6568,0.8347,0.5805,0.6186,0.5975,0.5975,0.6653,0.5847,0.6059,0.6186,0.5805,0.5932,0.6356,0.5932,0.5847,0.6568,0.5975,0.6525	C027-CHA-S07-Mat	Den	21687	0.697
C027-CHA-S07#Mat#chr7	78204350	78207529	0.551	44	4	4	1	0.8	0	44	0	0.8	PASS	den	0.8667,0.9,0.9778,0.8444,0.8556,0.8556,0.8111,0.7222,0.7111,0.8111,0.7333,0.8111,0.8444,0.5778,0.7222,0.5889,0.8222,0.8,0.8	C027-CHA-S07-Mat	Den	3179	0.551
C027-CHA-S07#Mat#chr7	81668976	81687503	0.935	118	11	11	10	0.5238	0	27	0	0.5238	PASS	den	0.7815,0.5924,0.8487,0.6008,0.584,0.5378,0.5336,0.6008,0.5756,0.5672,0.563,0.5378,0.5714,0.7059,0.7017,0.6933,0.7059,0.7101,0.6975	C027-CHA-S07-Mat	Den	18527	0.935
C027-CHA-S07#Mat#chr7	135150939	135161492	0.931	92	15	15	19	0.4412	0	64	0	0.4412	PASS	den	0.7097,0.5269,0.7957,0.3656,0.3656,0.3548,0.4032,0.4194,0.371,0.3925,0.3763,0.3925,0.4194,0.6398,0.6344,0.6237,0.6022,0.6344,0.3817	C027-CHA-S07-Mat	Den	10553	0.931
C027-CHA-S07#Mat#chr7	151582683	151596955	0.874	91	10	10	8	0.5556	0	21	0	0.5556	PASS	den	0.7663,0.7174,0.9076,0.587,0.5978,0.5707,0.6304,0.5924,0.587,0.5978,0.587,0.6141,0.6087,0.788,0.5978,0.587,0.6033,0.625,0.6087	C027-CHA-S07-Mat	Den	14272	0.874
C027-CHA-S07#Mat#chr7	159602272	159606984	0.893	61	11	11	5	0.6875	0	29	0	0.6875	PASS	den	0.8629,0.5726,0.9194,0.3468,0.3548,0.3629,0.3387,0.3306,0.3468,0.4032,0.3065,0.379,0.3629,0.379,0.3952,0.3629,0.3145,0.5645,0.371	C027-CHA-S07-Mat	Den	4712	0.893
C027-CHA-S07#Mat#chr8	7039968	7043544	0.556	47	4	4	3	0.5714	0	39	0	0.5714	PASS	den	0.8438,0.8333,0.9062,0.7292,0.8021,0.75,0.7396,0.6771,0.8125,0.6875,0.8021,0.8125,0.8125,0.7188,0.7292,0.7708,0.875,0.8125,0.8125	C027-CHA-S07-Mat	Den	3576	0.556
C027-CHA-S07#Mat#chr8	7062734	7063229	0.555	12	3	3	2	0.6	0	10	0	0.6	PASS	den	0.7692,0.8462,0.8462,0.6538,0.6538,0.6538,0.6154,0.6154,0.6538,0.6538,0.6923,0.6538,0.6923,0.8462,0.8077,0.7308,0.8462,0.8462,0.8462	C027-CHA-S07-Mat	Den	495	0.555
C027-CHA-S07#Mat#chr8	7162923	7166487	0.89	86	6	6	2	0.75	0	86	0	0.75	PASS	den	0.8793,0.7586,0.977,0.6092,0.5345,0.5402,0.7011,0.5747,0.5632,0.5287,0.523,0.6609,0.5575,0.7011,0.6667,0.7184,0.7241,0.7299,0.7241	C027-CHA-S07-Mat	Den	3564	0.89
C027-CHA-S07#Mat#chr8	10662690	10676959	0.952	139	10	10	11	0.4762	0	21	0	0.4762	PASS	den	0.8536,0.7429,0.9214,0.6857,0.6786,0.675,0.6821,0.6893,0.6786,0.6857,0.6679,0.7357,0.7071,0.6857,0.7107,0.7107,0.6893,0.7036,0.6821	C027-CHA-S07-Mat	Den	14269	0.952
C027-CHA-S07#Mat#chr8	11806162	11817433	0.891	93	15	6	2	0.75	9	78	0.1034	0.3621	PASS	den	0.7328,0.784,0.8235,0.3575,0.3576,0.3702,0.3905,0.3396,0.277,0.2861,0.4001,0.4285,0.321,0.5005,0.5848,0.5892,0.4999,0.559,0.5108	C027-CHA-S07-Mat	Den	11271	0.891
C027-CHA-S07#Mat#chr8	15870978	15878080	0.94	102	21	21	23	0.4773	0	15	0	0.4773	PASS	den	0.6165,0.5146,0.7767,0.5485,0.5194,0.5194,0.5388,0.5534,0.5631,0.5437,0.5485,0.5534,0.5291,0.7136,0.7379,0.7476,0.7476,0.7427,0.7476	C027-CHA-S07-Mat	Den	7102	0.94
C027-CHA-S07#Mat#chr8	31646343	31664968	0.93	111	8	8	18	0.3077	0	47	0	0.3077	PASS	den	0.7366,0.683,0.7902,0.5982,0.6473,0.6875,0.625,0.6607,0.6205,0.6161,0.6429,0.6562,0.6205,0.7768,0.6562,0.6652,0.7812,0.7723,0.6607	C027-CHA-S07-Mat	Den	18625	0.93
C027-CHA-S07#Mat#chr8	83379385	83386642	0.882	54	10	10	6	0.625	0	4	0	0.625	PASS	den	0.6727,0.6636,0.8818,0.5909,0.6455,0.6364,0.5727,0.6273,0.6364,0.5909,0.6,0.6273,0.6182,0.6545,0.6455,0.7909,0.7909,0.6455,0.8	C027-CHA-S07-Mat	Den	7257	0.882
C027-CHA-S07#Mat#chr8	101069821	101094693	0.966	178	22	22	25	0.4681	0	43	0	0.4681	PASS	den	0.6536,0.6034,0.8547,0.5782,0.5782,0.5838,0.6034,0.5866,0.5978,0.581,0.5922,0.5698,0.6061,0.6285,0.6313,0.6201,0.648,0.6006,0.6006	C027-CHA-S07-Mat	Den	24872	0.966
C027-CHA-S07#Mat#chr8	109121585	109138697	0.788	94	5	5	10	0.3333	0	18	0	0.3333	PASS	den	0.7579,0.6684,0.8895,0.6895,0.7105,0.6842,0.6368,0.6421,0.6737,0.6158,0.6947,0.6,0.6632,0.7211,0.6368,0.6947,0.7632,0.7684,0.7684	C027-CHA-S07-Mat	Den	17112	0.788
C027-CHA-S07#Mat#chr8	109153150	109171243	0.78	82	5	5	7	0.4167	0	11	0	0.4167	PASS	den	0.7048,0.6627,0.9096,0.5964,0.6205,0.5904,0.6084,0.6446,0.6024,0.5964,0.5964,0.5723,0.6024,0.7108,0.6325,0.6988,0.753,0.759,0.747	C027-CHA-S07-Mat	Den	18093	0.78
C027-CHA-S07#Mat#chr8	119812607	119823255	0.877	72	6	6	8	0.4286	0	16	0	0.4286	PASS	den	0.6986,0.5822,0.8767,0.6096,0.5959,0.6233,0.6301,0.6301,0.5616,0.5753,0.589,0.6164,0.5616,0.5753,0.726,0.5753,0.6027,0.6027,0.637	C027-CHA-S07-Mat	Den	10648	0.877
C027-CHA-S07#Mat#chr8	126661072	126681701	0.93	105	10	10	28	0.2632	0	16	0	0.2632	PASS	den	0.6981,0.6557,0.7358,0.6274,0.6462,0.6368,0.6226,0.6321,0.6509,0.6321,0.6085,0.6509,0.6604,0.6321,0.6415,0.6462,0.6368,0.6321,0.7736	C027-CHA-S07-Mat	Den	20629	0.93
C027-CHA-S07#Mat#chr8	145435778	145498266	0.96	312	18	18	51	0.2609	0	67	0	0.2609	PASS	den	0.7716,0.73,0.8243,0.6949,0.6805,0.7268,0.6821,0.7093,0.6837,0.6741,0.6661,0.6853,0.6805,0.6837,0.6773,0.6853,0.6853,0.6789,0.6789	C027-CHA-S07-Mat	Den	62488	0.96
C027-CHA-S07#Mat#chr10	2754430	2776047	0.843	177	9	7	3	0.7	2	30	0.0625	0.5583	PASS	den	0.7419,0.6776,0.8686,0.6738,0.6764,0.67,0.6857,0.7001,0.6693,0.6791,0.6351,0.6404,0.6444,0.694,0.6684,0.6727,0.6859,0.7099,0.6969	C027-CHA-S07-Mat	Den	21617	0.843
C027-CHA-S07#Mat#chr10	36199848	36212006	0.632	88	5	5	0	1	0	88	0	1	PASS	den	0.6236,0.5056,1.0,0.6348,0.6517,0.5169,0.6461,0.6348,0.6517,0.6461,0.6461,0.5506,0.6292,0.6124,0.6236,0.6461,0.6404,0.6404,0.691	C027-CHA-S07-Mat	Den	12158	0.632
C027-CHA-S07#Mat#chr10	36966627	37015811	0.98	336	41	39	72	0.3514	2	139	0.0142	0.3349	PASS	den	0.6875,0.6814,0.773,0.5932,0.5889,0.5875,0.5992,0.5902,0.5947,0.5815,0.5905,0.5899,0.5903,0.605,0.5966,0.5958,0.7159,0.7626,0.767	C027-CHA-S07-Mat	Den	49184	0.98
C027-CHA-S07#Mat#chr10	37245089	37257052	0.92	122	31	3	27	0.1	28	75	0.2718	0.2552	PASS	den	0.5023,0.56,0.6391,0.3987,0.2388,0.2733,0.3467,0.2377,0.1686,0.2203,0.1803,0.1897,0.304,0.117,0.3171,0.2502,0.2058,0.3242,0.2777	C027-CHA-S07-Mat	Den	11963	0.92
C027-CHA-S07#Mat#chr10	59030330	59045260	0.935	93	11	10	11	0.4762	1	19	0.05	0.4374	PASS	den	0.7641,0.6884,0.8442,0.6196,0.6339,0.6407,0.5987,0.6296,0.6339,0.6136,0.6514,0.6206,0.6188,0.6271,0.6201,0.6219,0.7212,0.7572,0.6203	C027-CHA-S07-Mat	Den	14930	0.935
C027-CHA-S07#Mat#chr10	81706653	81725900	0.906	102	9	9	19	0.3214	0	11	0	0.3214	PASS	den	0.767,0.7427,0.8107,0.7233,0.7039,0.7136,0.7233,0.7136,0.7087,0.7039,0.699,0.6893,0.6942,0.8301,0.7282,0.7476,0.7427,0.7136,0.7039	C027-CHA-S07-Mat	Den	19247	0.906
C027-CHA-S07#Mat#chr10	88940333	88975442	0.966	203	18	18	15	0.5455	0	53	0	0.5455	PASS	den	0.8676,0.7426,0.9265,0.7255,0.7034,0.7181,0.7304,0.7304,0.7353,0.7059,0.6912,0.7059,0.6961,0.6985,0.7206,0.7377,0.8162,0.7034,0.7696	C027-CHA-S07-Mat	Den	35109	0.966
C027-CHA-S07#Mat#chr10	91119477	91148828	0.954	142	15	15	37	0.2885	0	40	0	0.2885	PASS	den	0.6573,0.6853,0.7413,0.5874,0.6224,0.5979,0.6049,0.6049,0.5979,0.5979,0.6189,0.6049,0.6014,0.7797,0.7832,0.7762,0.6189,0.6189,0.6189	C027-CHA-S07-Mat	Den	29351	0.954
C027-CHA-S07#Mat#chr10	93559331	93595603	0.965	175	30	29	26	0.5273	1	43	0.0227	0.5105	PASS	den	0.6979,0.6401,0.8392,0.6197,0.6313,0.6421,0.614,0.6255,0.6425,0.6052,0.6219,0.6207,0.6495,0.6315,0.6084,0.622,0.7778,0.7773,0.776	C027-CHA-S07-Mat	Den	36272	0.965
C027-CHA-S07#Mat#chr10	97907527	97917601	0.894	86	6	6	1	0.8571	0	46	0	0.8571	PASS	den	0.8218,0.7241,0.9885,0.6782,0.6667,0.7241,0.7126,0.6782,0.6609,0.7011,0.6954,0.6667,0.7069,0.7069,0.7126,0.7299,0.7069,0.7069,0.7069	C027-CHA-S07-Mat	Den	10074	0.894
C027-CHA-S07#Mat#chr10	127168919	127203882	0.877	238	11	11	13	0.4583	0	63	0	0.4583	PASS	den	0.7155,0.6715,0.8347,0.6632,0.6548,0.6653,0.682,0.6423,0.7113,0.6778,0.6632,0.6799,0.636,0.6381,0.636,0.6632,0.636,0.6757,0.6862	C027-CHA-S07-Mat	Den	34963	0.877
C027-CHA-S07#Mat#chr10	128148328	128156958	0.911	66	12	12	9	0.5714	0	16	0	0.5714	PASS	den	0.694,0.5821,0.8507,0.5746,0.5299,0.5522,0.5224,0.4851,0.5373,0.5373,0.5522,0.5224,0.4925,0.5149,0.5299,0.7239,0.5224,0.7164,0.5075	C027-CHA-S07-Mat	Den	8630	0.911
C027-CHA-S07#Mat#chr9	15815658	15827846	0.702	94	6	6	11	0.3529	0	43	0	0.3529	PASS	den	0.8211,0.6263,0.8789,0.6053,0.5842,0.6368,0.6263,0.6053,0.6316,0.6368,0.5789,0.6316,0.5684,0.7263,0.7263,0.7263,0.7158,0.5684,0.5632	C027-CHA-S07-Mat	Den	12188	0.702
C027-CHA-S07#Mat#chr9	18873347	18879684	0.911	91	6	6	5	0.5455	0	68	0	0.5455	PASS	den	0.8859,0.8587,0.9457,0.7446,0.7663,0.7826,0.7772,0.7717,0.7228,0.7717,0.7609,0.7554,0.7609,0.7772,0.7989,0.7935,0.7609,0.7663,0.7554	C027-CHA-S07-Mat	Den	6337	0.911
C027-CHA-S07#Mat#chr9	28676479	28681791	0.871	68	7	7	8	0.4667	0	52	0	0.4667	PASS	den	0.7174,0.6377,0.8333,0.5435,0.471,0.5217,0.5217,0.471,0.529,0.5362,0.442,0.5362,0.4855,0.6667,0.5145,0.5145,0.5,0.471,0.5652	C027-CHA-S07-Mat	Den	5312	0.871
C027-CHA-S07#Mat#chr9	28693832	28709325	0.79	83	5	5	5	0.5	0	30	0	0.5	PASS	den	0.8095,0.6369,0.8512,0.6607,0.6131,0.6845,0.6548,0.631,0.6786,0.631,0.6131,0.6488,0.6488,0.75,0.6607,0.6607,0.6845,0.6369,0.7024	C027-CHA-S07-Mat	Den	15493	0.79
C027-CHA-S07#Mat#chr9	39068910	39095683	0.954	317	90	0	28	0	90	193	0.318	0.318	PASS	den	0.463,0.5105,0.6254,0.1156,0.1566,0.1014,0.1308,0.19,0.1791,0.155,0.1914,0.0977,0.1984,0.1578,0.1235,0.1964,0.326,0.3697,0.3317	C027-CHA-S07-Mat	Den	26773	0.954
C027-CHA-S07#Mat#chr9	71459968	71488156	0.951	196	15	15	10	0.6	0	164	0	0.6	PASS	den	0.8883,0.7614,0.9467,0.6421,0.6193,0.6218,0.6878,0.703,0.6878,0.6244,0.6193,0.632,0.6345,0.7538,0.6827,0.736,0.6523,0.7081,0.769	C027-CHA-S07-Mat	Den	28188	0.951
C027-CHA-S07#Mat#chr9	91284572	91304254	0.881	121	7	7	8	0.4667	0	36	0	0.4667	PASS	den	0.877,0.7131,0.9344,0.6639,0.6393,0.623,0.6189,0.6311,0.6639,0.627,0.6434,0.6311,0.6475,0.6885,0.627,0.6557,0.6762,0.6066,0.6721	C027-CHA-S07-Mat	Den	19682	0.881
C027-CHA-S07#Mat#chr9	95275458	95294160	0.913	117	7	7	15	0.3182	0	76	0	0.3182	PASS	den	0.7966,0.6822,0.8686,0.661,0.6483,0.6441,0.6525,0.661,0.6483,0.661,0.6102,0.6314,0.6356,0.7415,0.7203,0.7246,0.7288,0.6314,0.5678	C027-CHA-S07-Mat	Den	18702	0.913
C027-CHA-S07#Mat#chr9	113363203	113392534	0.958	172	14	14	9	0.6087	0	41	0	0.6087	PASS	den	0.8902,0.8121,0.9364,0.7225,0.7341,0.7168,0.7081,0.6994,0.7514,0.685,0.7052,0.7283,0.7428,0.7225,0.8064,0.789,0.7428,0.815,0.8121	C027-CHA-S07-Mat	Den	29331	0.958
C027-CHA-S07#Mat#chr9	113765875	113786067	0.934	106	12	8	12	0.4	5	37	0.119	0.2919	PASS	den	0.636,0.5548,0.7014,0.617,0.6013,0.5867,0.5827,0.62,0.6055,0.6102,0.5761,0.61,0.5958,0.6576,0.6931,0.6721,0.6806,0.6853,0.6025	C027-CHA-S07-Mat	Den	20192	0.934
C027-CHA-S07#Mat#chr9	115291956	115301121	0.902	66	6	6	3	0.6667	0	15	0	0.6667	PASS	den	0.7463,0.6493,0.9552,0.6343,0.597,0.6418,0.5373,0.5373,0.5299,0.6119,0.6194,0.5299,0.5149,0.5149,0.7164,0.597,0.5373,0.597,0.5224	C027-CHA-S07-Mat	Den	9165	0.902
C027-CHA-S07#Mat#chr9	118986912	119094008	0.988	622	71	71	22	0.7634	0	274	0	0.7634	PASS	den	0.7761,0.7263,0.8852,0.6316,0.6461,0.6348,0.6517,0.6356,0.6461,0.6509,0.6469,0.6437,0.6027,0.6549,0.6509,0.6091,0.6533,0.6204,0.6734	C027-CHA-S07-Mat	Den	107096	0.988
C027-CHA-S07#Mat#chr9	132846983	132857673	0.705	63	5	5	4	0.5556	0	12	0	0.5556	PASS	den	0.7656,0.6562,0.9219,0.6406,0.6484,0.6172,0.6094,0.6172,0.6172,0.6172,0.5938,0.625,0.6328,0.6094,0.6094,0.625,0.6016,0.7344,0.7266	C027-CHA-S07-Mat	Den	10690	0.705
C027-CHA-S07#Mat#chr11	1686260	1694001	0.793	103	5	5	6	0.4545	0	65	0	0.4545	PASS	den	0.8398,0.7961,0.9029,0.733,0.6456,0.6408,0.733,0.6942,0.6068,0.6748,0.6262,0.6602,0.7233,0.767,0.6553,0.6942,0.7767,0.7476,0.7136	C027-CHA-S07-Mat	Den	7741	0.793
C027-CHA-S07#Mat#chr11	1701024	1715100	0.693	130	7	5	10	0.3333	2	66	0.0294	0.2465	PASS	den	0.6819,0.7337,0.8277,0.6525,0.6652,0.6657,0.6657,0.6646,0.624,0.6367,0.667,0.6408,0.637,0.7045,0.665,0.6632,0.7275,0.7037,0.7214	C027-CHA-S07-Mat	Den	14076	0.693
C027-CHA-S07#Mat#chr11	3469376	3486107	0.865	232	9	8	13	0.381	1	188	0.0053	0.3392	PASS	den	0.8606,0.7532,0.9107,0.6293,0.6173,0.6537,0.6389,0.662,0.6463,0.642,0.5783,0.6787,0.6805,0.6001,0.6246,0.6229,0.684,0.731,0.6316	C027-CHA-S07-Mat	Den	16731	0.865
C027-CHA-S07#Mat#chr11	3490838	3499110	0.779	125	10	10	28	0.2632	0	98	0	0.2632	PASS	den	0.6667,0.6905,0.7778,0.5595,0.5635,0.5714,0.504,0.5476,0.5278,0.5833,0.627,0.5714,0.5714,0.5317,0.7302,0.7262,0.7262,0.7421,0.7222	C027-CHA-S07-Mat	Den	8272	0.779
C027-CHA-S07#Mat#chr11	24282884	24308094	0.943	141	22	22	16	0.5789	0	53	0	0.5789	PASS	den	0.8169,0.7113,0.8838,0.6056,0.6127,0.6479,0.6268,0.6549,0.6585,0.6197,0.6373,0.6408,0.6021,0.6268,0.6268,0.7782,0.7852,0.6338,0.6303	C027-CHA-S07-Mat	Den	25210	0.943
C027-CHA-S07#Mat#chr11	37683822	37692388	0.892	122	16	16	36	0.3077	0	65	0	0.3077	PASS	den	0.6504,0.6179,0.6992,0.4959,0.5041,0.5,0.5407,0.5041,0.5,0.4756,0.5203,0.4919,0.5203,0.7439,0.7439,0.5081,0.7317,0.5041,0.6951	C027-CHA-S07-Mat	Den	8566	0.892
C027-CHA-S07#Mat#chr11	42936221	42984073	0.962	499	55	55	64	0.4622	0	204	0	0.4622	PASS	den	0.815,0.707,0.862,0.697,0.679,0.681,0.696,0.65,0.693,0.671,0.675,0.652,0.669,0.704,0.721,0.684,0.728,0.731,0.73	C027-CHA-S07-Mat	Den	47852	0.962
C027-CHA-S07#Mat#chr11	43183128	43189592	0.918	80	8	8	6	0.5714	0	10	0	0.5714	PASS	den	0.8148,0.7778,0.9198,0.7654,0.537,0.7716,0.7593,0.7716,0.5617,0.7654,0.7407,0.7469,0.5741,0.8642,0.8642,0.7654,0.7593,0.7716,0.7593	C027-CHA-S07-Mat	Den	6464	0.918
C027-CHA-S07#Mat#chr11	56483764	56486263	0.618	69	4	4	2	0.6667	0	64	0	0.6667	PASS	den	0.9,0.8429,0.9643,0.8286,0.8214,0.8143,0.8071,0.65,0.7286,0.8143,0.8143,0.8357,0.8,0.8786,0.8,0.85,0.8071,0.8071,0.8571	C027-CHA-S07-Mat	Den	2499	0.618
C027-CHA-S07#Mat#chr11	59841107	59879221	0.695	230	8	8	21	0.2759	0	57	0	0.2759	PASS	den	0.8398,0.6645,0.9091,0.5519,0.5584,0.6472,0.6732,0.5541,0.5541,0.5216,0.5173,0.5476,0.5498,0.5563,0.5563,0.5519,0.6905,0.5498,0.6905	C027-CHA-S07-Mat	Den	38114	0.695
C027-CHA-S07#Mat#chr11	68946688	68955269	0.942	136	13	6	17	0.2609	7	83	0.0778	0.1623	PASS	den	0.67,0.8052,0.7333,0.4856,0.5039,0.4617,0.4898,0.5168,0.4928,0.4523,0.4723,0.5021,0.5225,0.4895,0.6459,0.4625,0.5261,0.4758,0.5358	C027-CHA-S07-Mat	Den	8581	0.942
C027-CHA-S07#Mat#chr11	69131909	69176050	0.902	453	18	17	43	0.2833	1	347	0.0029	0.2678	PASS	den	0.8155,0.837,0.8877,0.7423,0.6794,0.7406,0.7486,0.7331,0.7347,0.7155,0.7097,0.751,0.7545,0.7997,0.7808,0.8144,0.7894,0.7929,0.7881	C027-CHA-S07-Mat	Den	44141	0.902
C027-CHA-S07#Mat#chr11	81779190	81969673	0.993	1098	103	101	12	0.8938	2	260	0.0076	0.8766	PASS	den	0.8134,0.6733,0.9664,0.6917,0.6708,0.6771,0.6753,0.6681,0.6677,0.6692,0.673,0.6891,0.6595,0.6642,0.6791,0.6764,0.6578,0.6602,0.6594	C027-CHA-S07-Mat	Den	190483	0.993
C027-CHA-S07#Mat#chr11	124976192	124994952	0.872	91	8	8	7	0.5333	0	28	0	0.5333	PASS	den	0.6902,0.625,0.8043,0.5978,0.5761,0.5924,0.6087,0.5707,0.6087,0.5163,0.6087,0.5543,0.625,0.538,0.5543,0.5543,0.5543,0.5435,0.5489	C027-CHA-S07-Mat	Den	18760	0.872
C027-CHA-S07#Mat#chr12	10896636	10909939	0.945	120	47	47	18	0.7231	0	32	0	0.7231	PASS	den	0.8017,0.5496,0.8512,0.3884,0.3719,0.376,0.376,0.376,0.376,0.3802,0.3719,0.3719,0.3678,0.6198,0.6446,0.6405,0.6488,0.6405,0.6405	C027-CHA-S07-Mat	Den	13303	0.945
C027-CHA-S07#Mat#chr12	20702778	20716127	0.935	102	37	37	6	0.8605	0	30	0	0.8605	PASS	den	0.5,0.5097,0.932,0.5146,0.4709,0.4951,0.4951,0.4757,0.4854,0.5049,0.4757,0.5049,0.4951,0.7233,0.7427,0.7184,0.466,0.4612,0.7184	C027-CHA-S07-Mat	Den	13349	0.935
C027-CHA-S07#Mat#chr12	39383163	39394783	0.871	62	7	5	5	0.5	2	12	0.1429	0.398	PASS	den	0.6352,0.5576,0.7989,0.6561,0.6312,0.6198,0.6528,0.6489,0.6282,0.6847,0.6268,0.6192,0.6399,0.6889,0.6956,0.7043,0.73,0.6761,0.6706	C027-CHA-S07-Mat	Den	11620	0.871
C027-CHA-S07#Mat#chr12	39479129	39489094	0.805	120	6	6	2	0.75	0	111	0	0.75	PASS	den	0.9132,0.8554,0.9835,0.7727,0.7231,0.7686,0.7603,0.719,0.7479,0.7273,0.7479,0.7149,0.6901,0.8182,0.843,0.8388,0.8388,0.7686,0.7851	C027-CHA-S07-Mat	Den	9965	0.805
C027-CHA-S07#Mat#chr12	53345790	53352002	0.876	48	6	6	9	0.4	0	9	0	0.4	PASS	den	0.5408,0.5714,0.6939,0.5102,0.551,0.5204,0.5102,0.5714,0.5102,0.5408,0.4898,0.5204,0.5,0.7551,0.5102,0.7653,0.5,0.5,0.5408	C027-CHA-S07-Mat	Den	6212	0.876
C027-CHA-S07#Mat#chr12	57699219	57774412	0.885	257	18	18	43	0.2951	0	54	0	0.2951	PASS	den	0.7112,0.6802,0.8314,0.6357,0.6357,0.6395,0.6337,0.6298,0.6298,0.6453,0.6473,0.6298,0.6531,0.6415,0.6395,0.6337,0.7733,0.6357,0.6899	C027-CHA-S07-Mat	Den	75193	0.885
C027-CHA-S07#Mat#chr12	67225098	67231376	0.931	108	8	8	15	0.3478	0	90	0	0.3478	PASS	den	0.8119,0.7018,0.8624,0.6055,0.6193,0.6055,0.5229,0.5229,0.5917,0.6101,0.6101,0.6284,0.6147,0.6376,0.6422,0.6101,0.5092,0.5734,0.6193	C027-CHA-S07-Mat	Den	6278	0.931
C027-CHA-S07#Mat#chr12	81747125	81779865	0.923	213	27	27	88	0.2348	0	93	0	0.2348	PASS	den	0.5257,0.521,0.5794,0.4509,0.4486,0.4439,0.4486,0.4252,0.4252,0.4252,0.4322,0.4229,0.4206,0.6822,0.6822,0.6776,0.4463,0.4299,0.4509	C027-CHA-S07-Mat	Den	32740	0.923
C027-CHA-S07#Mat#chr12	92922905	92937777	0.915	77	11	11	18	0.3793	0	21	0	0.3793	PASS	den	0.6795,0.7051,0.7692,0.6346,0.6282,0.641,0.6859,0.6474,0.6667,0.6346,0.641,0.6731,0.6923,0.6603,0.6731,0.6667,0.8333,0.6474,0.6795	C027-CHA-S07-Mat	Den	14872	0.915
C027-CHA-S07#Mat#chr12	106657478	106667213	0.928	81	22	22	10	0.6875	0	11	0	0.6875	PASS	den	0.7256,0.4634,0.878,0.4451,0.4756,0.4695,0.5,0.4695,0.4695,0.4634,0.439,0.4573,0.4329,0.4634,0.3902,0.4329,0.3841,0.4634,0.378	C027-CHA-S07-Mat	Den	9735	0.928
C027-CHA-S07#Mat#chr12	122370939	122387286	0.847	112	6	6	24	0.2	0	40	0	0.2	PASS	den	0.6947,0.6504,0.7522,0.5752,0.5752,0.5265,0.5664,0.5664,0.5752,0.6018,0.5796,0.5619,0.5619,0.5664,0.5664,0.5664,0.5752,0.5531,0.5619	C027-CHA-S07-Mat	Den	16347	0.847
C027-CHA-S07#Mat#chr15	15685061	15702162	0.963	274	161	4	17	0.1905	158	66	0.7054	0.6926	PASS	den	0.3271,0.7423,0.5579,0.0324,0.1389,0.0262,0.1119,0.0676,0.0549,0.0361,0.0203,0.048,0.2353,0.19,0.3501,0.1398,0.1301,0.3638,0.1252	C027-CHA-S07-Mat	Den	17101	0.963
C027-CHA-S07#Mat#chr15	15899738	15901941	0.512	25	4	1	2	0.3333	3	7	0.3	0.3083	PASS	den	0.4153,0.6516,0.6113,0.1809,0.4292,0.1855,0.4198,0.2374,0.2171,0.2038,0.1893,0.2759,0.6453,0.1925,0.3538,0.3786,0.4039,0.5902,0.4283	C027-CHA-S07-Mat	Den	2203	0.512
C027-CHA-S07#Mat#chr15	15995918	16005222	0.915	101	33	0	41	0	33	26	0.5593	0.5593	PASS	den	0.2732,0.5976,0.5811,0.0803,0.0587,0.1028,0.3686,0.0321,0.1136,0.1693,0.0505,0.0391,0.2951,0.0582,0.063,0.1643,0.1018,0.1581,0.0883	C027-CHA-S07-Mat	Den	9304	0.915
C027-CHA-S07#Mat#chr15	19559896	19568446	0.815	69	5	5	7	0.4167	0	14	0	0.4167	PASS	den	0.7429,0.6214,0.8786,0.6286,0.65,0.65,0.65,0.6214,0.5857,0.65,0.55,0.6286,0.6,0.65,0.6429,0.6571,0.65,0.6357,0.6571	C027-CHA-S07-Mat	Den	8550	0.815
C027-CHA-S07#Mat#chr15	35777823	35784498	0.83	43	5	5	5	0.5	0	12	0	0.5	PASS	den	0.7273,0.6932,0.875,0.6705,0.6136,0.625,0.6136,0.625,0.6591,0.6477,0.6364,0.6364,0.6591,0.6136,0.6364,0.6136,0.6477,0.6477,0.6477	C027-CHA-S07-Mat	Den	6675	0.83
C027-CHA-S07#Mat#chr15	38833172	38839589	0.902	109	26	0	11	0	26	66	0.2826	0.2826	PASS	den	0.3125,0.4342,0.3708,0.0779,0.2146,0.0996,0.1809,0.1702,0.2289,0.1033,0.1097,0.2507,0.0752,0.6669,0.5153,0.4855,0.2007,0.1027,0.6538	C027-CHA-S07-Mat	Den	6417	0.902
C027-CHA-S07#Mat#chr15	59617390	59640677	0.839	95	9	8	10	0.4444	1	27	0.0357	0.399	PASS	den	0.7518,0.7212,0.8337,0.6895,0.6585,0.6474,0.6513,0.6685,0.6624,0.6532,0.6602,0.6679,0.68,0.6683,0.6606,0.6531,0.7672,0.7577,0.7795	C027-CHA-S07-Mat	Den	23287	0.839
C027-CHA-S07#Mat#chr15	78064945	78243627	0.987	1638	554	36	74	0.3273	518	830	0.3843	0.3806	PASS	den	0.6065,0.788,0.6752,0.2493,0.275,0.2645,0.2678,0.251,0.2603,0.2755,0.2428,0.2704,0.25,0.5006,0.5022,0.2783,0.2143,0.381,0.2498	C027-CHA-S07-Mat	Den	178682	0.987
C027-CHA-S07#Mat#chr15	90550131	90559882	0.757	53	6	4	1	0.8	2	8	0.2	0.6	PASS	den	0.5923,0.7279,0.8307,0.6148,0.6118,0.6483,0.637,0.6252,0.6361,0.6335,0.6265,0.638,0.6189,0.6169,0.6155,0.5733,0.6127,0.6483,0.6368	C027-CHA-S07-Mat	Den	9751	0.757
C027-CHA-S07#Mat#chr14	16758010	16760409	0.596	40	4	4	6	0.4	0	31	0	0.4	PASS	den	0.7927,0.622,0.8537,0.561,0.5488,0.5366,0.4024,0.5854,0.5488,0.561,0.5976,0.561,0.5488,0.5976,0.5366,0.5732,0.622,0.439,0.6341	C027-CHA-S07-Mat	Den	2399	0.596
C027-CHA-S07#Mat#chr14	19347273	19354978	0.583	42	4	4	2	0.6667	0	7	0	0.6667	PASS	den	0.7674,0.5698,0.8837,0.6395,0.6628,0.6744,0.6628,0.6628,0.686,0.6744,0.6744,0.686,0.6744,0.6395,0.6512,0.686,0.7442,0.7558,0.6047	C027-CHA-S07-Mat	Den	7705	0.583
C027-CHA-S07#Mat#chr14	31460374	31467836	0.74	35	4	4	17	0.1905	0	4	0	0.1905	PASS	den	0.3889,0.2917,0.4861,0.3333,0.3472,0.3333,0.3472,0.3056,0.3056,0.3056,0.3194,0.3333,0.3194,0.3333,0.2778,0.3333,0.3194,0.3472,0.3194	C027-CHA-S07-Mat	Den	7462	0.74
C027-CHA-S07#Mat#chr14	36995880	37014658	0.904	122	8	8	9	0.4706	0	44	0	0.4706	PASS	den	0.8496,0.6951,0.9146,0.7154,0.687,0.7154,0.6951,0.7033,0.7398,0.6911,0.7276,0.7114,0.6992,0.7439,0.8089,0.7927,0.7236,0.7154,0.7195	C027-CHA-S07-Mat	Den	18778	0.904
C027-CHA-S07#Mat#chr14	51195126	51210728	0.927	121	25	25	14	0.641	0	43	0	0.641	PASS	den	0.6967,0.5902,0.8689,0.5164,0.5369,0.541,0.4877,0.4795,0.4713,0.4754,0.4795,0.5123,0.4918,0.7254,0.6967,0.7131,0.7213,0.4754,0.4754	C027-CHA-S07-Mat	Den	15602	0.927
C027-CHA-S07#Mat#chr14	57170225	57183831	0.844	122	8	8	16	0.3333	0	78	0	0.3333	PASS	den	0.813,0.6951,0.8659,0.6423,0.6341,0.6382,0.5935,0.622,0.6382,0.6463,0.622,0.6016,0.622,0.7358,0.6829,0.7561,0.5691,0.7561,0.5894	C027-CHA-S07-Mat	Den	13606	0.844
C027-CHA-S07#Mat#chr14	62975126	62986891	0.875	81	9	9	3	0.75	0	39	0	0.75	PASS	den	0.878,0.7378,0.939,0.622,0.6829,0.5671,0.6037,0.6341,0.5427,0.6341,0.6707,0.6341,0.6585,0.6037,0.7561,0.6037,0.628,0.6524,0.7744	C027-CHA-S07-Mat	Den	11765	0.875
C027-CHA-S07#Mat#chr14	92909241	93061198	0.994	964	109	109	7	0.9397	0	218	0	0.9397	PASS	den	0.7782,0.6762,0.9896,0.6699,0.6762,0.6611,0.6534,0.6518,0.6601,0.6554,0.6497,0.6342,0.6528,0.6663,0.6668,0.6492,0.6679,0.6674,0.6824	C027-CHA-S07-Mat	Den	151957	0.994
C027-CHA-S07#Mat#chr16	7277319	7291100	0.949	191	15	15	3	0.8333	0	176	0	0.8333	PASS	den	0.8482,0.7382,0.9843,0.699,0.6885,0.6806,0.6754,0.7068,0.6885,0.7147,0.6911,0.6885,0.7173,0.7644,0.822,0.822,0.8168,0.8115,0.8063	C027-CHA-S07-Mat	Den	13781	0.949
C027-CHA-S07#Mat#chr16	22619288	22707423	0.905	89	18	13	2	0.8667	5	46	0.098	0.6532	PASS	den	0.7991,0.7189,0.8645,0.6306,0.6238,0.6363,0.6157,0.6281,0.628,0.6032,0.5991,0.6578,0.6091,0.5763,0.6077,0.609,0.5823,0.6001,0.6097	C027-CHA-S07-Mat	Den	88135	0.905
C027-CHA-S07#Mat#chr16	29659490	29907167	0.937	408	23	19	29	0.3958	4	333	0.0119	0.3291	PASS	den	0.8306,0.7344,0.899,0.6252,0.6336,0.6297,0.6393,0.6252,0.6521,0.6453,0.6258,0.6309,0.6426,0.6209,0.626,0.6345,0.6138,0.6164,0.6186	C027-CHA-S07-Mat	Den	247677	0.937
C027-CHA-S07#Mat#chr16	63386594	63443450	0.96	572	64	64	58	0.5246	0	155	0	0.5246	PASS	den	0.7504,0.637,0.8988,0.6195,0.5873,0.6475,0.5288,0.5881,0.6405,0.596,0.6344,0.5698,0.6396,0.5916,0.7321,0.7321,0.7147,0.7304,0.7304	C027-CHA-S07-Mat	Den	56856	0.96
C027-CHA-S07#Mat#chr18	116393	121759	0.584	24	3	3	0	1	0	24	0	1	PASS	den	0.56,0.56,1.0,0.62,0.54,0.4,0.6,0.6,0.58,0.58,0.6,0.6,0.58,0.62,0.54,0.6,0.62,0.52,0.52	C027-CHA-S07-Mat	Den	5366	0.584
C027-CHA-S07#Mat#chr18	1939084	1945019	0.85	86	11	9	18	0.3333	2	21	0.087	0.2885	PASS	den	0.6687,0.5293,0.7532,0.5712,0.5464,0.5433,0.5264,0.5142,0.5443,0.5397,0.5263,0.5231,0.5322,0.6492,0.5469,0.5628,0.5451,0.5533,0.5375	C027-CHA-S07-Mat	Den	5935	0.85
C027-CHA-S07#Mat#chr18	13929018	13949093	0.8	154	7	6	14	0.3	1	42	0.0233	0.2605	PASS	den	0.7803,0.6023,0.8492,0.6243,0.6077,0.6137,0.6165,0.6234,0.6454,0.603,0.5813,0.6393,0.62,0.6237,0.5924,0.6689,0.6948,0.6336,0.6339	C027-CHA-S07-Mat	Den	20075	0.8
C027-CHA-S07#Mat#chr18	14261594	14262709	0.815	50	22	0	4	0	22	20	0.5238	0.5238	PASS	den	0.5659,0.7914,0.6092,0.128,0.2634,0.1519,0.1802,0.1276,0.1565,0.1263,0.3058,0.1212,0.1166,0.1742,0.3392,0.4037,0.1248,0.1572,0.1277	C027-CHA-S07-Mat	Den	1115	0.815
C027-CHA-S07#Mat#chr18	14301438	14318559	0.884	137	7	7	19	0.2692	0	83	0	0.2692	PASS	den	0.8116,0.7862,0.8623,0.6884,0.6812,0.7029,0.7174,0.6957,0.6775,0.6848,0.6703,0.7101,0.6558,0.7754,0.8007,0.7645,0.8188,0.8188,0.8188	C027-CHA-S07-Mat	Den	17121	0.884
C027-CHA-S07#Mat#chr18	53935569	53942758	0.876	54	5	5	1	0.8333	0	52	0	0.8333	PASS	den	0.6,0.5364,0.9818,0.6182,0.6182,0.6273,0.6091,0.6182,0.6273,0.5,0.5364,0.5273,0.5727,0.5273,0.4273,0.4909,0.6909,0.6909,0.6909	C027-CHA-S07-Mat	Den	7189	0.876
C027-CHA-S07#Mat#chr18	54927938	54930610	0.742	22	4	4	2	0.6667	0	16	0	0.6667	PASS	den	0.7826,0.6957,0.8696,0.3696,0.5217,0.3696,0.4348,0.4783,0.3913,0.4783,0.413,0.413,0.3913,0.4565,0.4565,0.4565,0.4565,0.4348,0.6957	C027-CHA-S07-Mat	Den	2672	0.742
C027-CHA-S07#Mat#chr18	55998272	56044593	0.888	173	9	9	24	0.2727	0	20	0	0.2727	PASS	den	0.8046,0.6494,0.8563,0.6034,0.6264,0.6379,0.6379,0.6178,0.6293,0.6351,0.6006,0.6379,0.6293,0.6638,0.6782,0.658,0.592,0.6063,0.7385	C027-CHA-S07-Mat	Den	46321	0.888
C027-CHA-S07#Mat#chr18	62378670	62423135	0.926	317	16	16	31	0.3404	0	54	0	0.3404	PASS	den	0.6934,0.6321,0.8994,0.6305,0.6792,0.6965,0.7028,0.6384,0.7028,0.6808,0.6557,0.6918,0.6289,0.6761,0.7123,0.6761,0.6981,0.695,0.7217	C027-CHA-S07-Mat	Den	44465	0.926
C027-CHA-S07#Mat#chr18	75720651	75733536	0.864	115	8	8	11	0.4211	0	9	0	0.4211	PASS	den	0.7069,0.6466,0.9009,0.6983,0.6897,0.6552,0.6638,0.7241,0.694,0.6681,0.6466,0.6638,0.6638,0.7069,0.6767,0.6897,0.7759,0.806,0.8017	C027-CHA-S07-Mat	Den	12885	0.864
C027-CHA-S07#Mat#chr17	15529983	15538344	0.886	70	6	6	1	0.8571	0	44	0	0.8571	PASS	den	0.831,0.6479,0.9859,0.5915,0.6056,0.4577,0.5211,0.6127,0.4577,0.4577,0.5,0.6268,0.5563,0.4577,0.4507,0.4437,0.6056,0.6127,0.6268	C027-CHA-S07-Mat	Den	8361	0.886
C027-CHA-S07#Mat#chr17	36647586	36660030	0.905	65	8	8	17	0.32	0	10	0	0.32	PASS	den	0.6061,0.5303,0.697,0.553,0.6061,0.5682,0.5606,0.5455,0.5682,0.5833,0.5758,0.5682,0.5682,0.7576,0.75,0.7424,0.5682,0.7576,0.7576	C027-CHA-S07-Mat	Den	12444	0.905
C027-CHA-S07#Mat#chr17	38410665	38480253	0.948	352	120	7	50	0.1228	113	218	0.3414	0.3286	PASS	den	0.5365,0.6521,0.6346,0.1719,0.1818,0.1965,0.2022,0.2154,0.1731,0.1704,0.2193,0.276,0.1427,0.4353,0.5837,0.5556,0.3532,0.6151,0.5284	C027-CHA-S07-Mat	Den	69588	0.948
C027-CHA-S07#Mat#chr17	40502605	40523074	0.91	132	13	13	13	0.5	0	92	0	0.5	PASS	den	0.8195,0.7857,0.8835,0.6917,0.6128,0.6316,0.7105,0.6805,0.7143,0.6992,0.7068,0.703,0.7105,0.7744,0.8158,0.8233,0.8195,0.8195,0.8308	C027-CHA-S07-Mat	Den	20469	0.91
C027-CHA-S07#Mat#chr17	79022297	79028468	0.598	38	4	4	4	0.5	0	9	0	0.5	PASS	den	0.6795,0.6667,0.8718,0.6538,0.6538,0.6538,0.641,0.6923,0.6667,0.7051,0.6538,0.6923,0.6538,0.7949,0.8077,0.7821,0.7949,0.8205,0.8205	C027-CHA-S07-Mat	Den	6171	0.598
C027-CHA-S07#Mat#chr17	82351460	82389883	0.958	277	24	24	10	0.7059	0	63	0	0.7059	PASS	den	0.7122,0.6187,0.964,0.5594,0.5737,0.6079,0.6169,0.6169,0.5576,0.6349,0.5899,0.6079,0.5971,0.6097,0.6205,0.6043,0.6133,0.5971,0.6457	C027-CHA-S07-Mat	Den	38423	0.958
C027-CHA-S07#Mat#chr17	82428579	82441651	0.895	112	8	8	3	0.7273	0	29	0	0.7273	PASS	den	0.792,0.6637,0.9735,0.6327,0.615,0.5929,0.6195,0.5796,0.6372,0.6106,0.6106,0.5796,0.615,0.615,0.6504,0.5841,0.5619,0.6106,0.615	C027-CHA-S07-Mat	Den	13072	0.895
C027-CHA-S07#Mat#chr13	9320447	9324529	0.891	131	30	0	7	0	30	22	0.5769	0.5769	PASS	den	0.5609,0.7244,0.5915,0.2273,0.1893,0.2941,0.2162,0.2639,0.2375,0.2385,0.2147,0.2185,0.2778,0.5863,0.5726,0.2298,0.209,0.2266,0.3415	C027-CHA-S07-Mat	Den	4082	0.891
C027-CHA-S07#Mat#chr13	12109388	12118452	0.851	75	7	7	2	0.7778	0	12	0	0.7778	PASS	den	0.8553,0.6645,0.9671,0.5921,0.6118,0.5526,0.6053,0.5921,0.5329,0.5592,0.5987,0.5987,0.5855,0.5855,0.5921,0.6382,0.5658,0.6513,0.5987	C027-CHA-S07-Mat	Den	9064	0.851
C027-CHA-S07#Mat#chr13	12824126	12835445	0.951	143	12	12	6	0.6667	0	107	0	0.6667	PASS	den	0.8438,0.7917,0.9479,0.7396,0.7743,0.7222,0.6146,0.7396,0.6007,0.7431,0.75,0.7222,0.7639,0.7465,0.7396,0.7465,0.6215,0.6215,0.7465	C027-CHA-S07-Mat	Den	11319	0.951
C027-CHA-S07#Mat#chr13	30047930	30063778	0.93	95	9	9	8	0.5294	0	10	0	0.5294	PASS	den	0.8542,0.7344,0.9062,0.6562,0.6562,0.6615,0.6354,0.6875,0.6146,0.599,0.651,0.6823,0.6719,0.6771,0.6406,0.6458,0.625,0.625,0.6823	C027-CHA-S07-Mat	Den	15848	0.93
C027-CHA-S07#Mat#chr13	33212220	33233364	0.927	84	12	12	5	0.7059	0	13	0	0.7059	PASS	den	0.7294,0.6824,0.8471,0.5882,0.6176,0.6059,0.6412,0.6235,0.6353,0.6353,0.6412,0.6176,0.6294,0.6353,0.6294,0.8059,0.8176,0.8118,0.6294	C027-CHA-S07-Mat	Den	21144	0.927
C027-CHA-S07#Mat#chr13	37624591	37639180	0.966	180	40	37	54	0.4066	3	113	0.0259	0.378	PASS	den	0.6466,0.5807,0.6851,0.3745,0.3626,0.392,0.3702,0.3657,0.3761,0.3853,0.3888,0.3584,0.3734,0.6357,0.649,0.6466,0.6684,0.6727,0.6678	C027-CHA-S07-Mat	Den	14589	0.966
C027-CHA-S07#Mat#chr13	40348904	40378485	0.86	138	16	15	14	0.5172	1	36	0.027	0.4866	PASS	den	0.7096,0.6241,0.8785,0.5958,0.5946,0.6117,0.5896,0.5957,0.6023,0.5991,0.5856,0.5974,0.6218,0.6,0.5933,0.5951,0.6116,0.6171,0.589	C027-CHA-S07-Mat	Den	29581	0.86
C027-CHA-S07#Mat#chr13	41622063	41660601	0.875	162	8	8	30	0.2105	0	21	0	0.2105	PASS	den	0.7669,0.7669,0.8129,0.773,0.7699,0.7607,0.7607,0.7485,0.7546,0.7485,0.773,0.7699,0.7546,0.7761,0.8804,0.7791,0.8742,0.8742,0.8834	C027-CHA-S07-Mat	Den	38538	0.875
C027-CHA-S07#Mat#chr13	45664209	45702148	0.892	192	13	13	12	0.52	0	166	0	0.52	PASS	den	0.8031,0.7358,0.9326,0.7746,0.7228,0.7642,0.7617,0.7435,0.7565,0.7358,0.7332,0.7668,0.7358,0.7694,0.785,0.7642,0.772,0.7668,0.7694	C027-CHA-S07-Mat	Den	37939	0.892
C027-CHA-S07#Mat#chr13	77843800	77873191	0.958	153	12	12	10	0.5455	0	29	0	0.5455	PASS	den	0.7468,0.6883,0.9318,0.7273,0.6948,0.711,0.6981,0.7045,0.7013,0.6721,0.6981,0.7078,0.7208,0.8214,0.8247,0.8279,0.711,0.7143,0.7175	C027-CHA-S07-Mat	Den	29391	0.958
C027-CHA-S07#Mat#chr13	99209920	99218427	0.88	108	18	18	12	0.6	0	50	0	0.6	PASS	den	0.7018,0.6514,0.8853,0.5826,0.5872,0.5321,0.578,0.5734,0.5229,0.5642,0.5688,0.5183,0.5642,0.5367,0.578,0.5413,0.5505,0.5275,0.578	C027-CHA-S07-Mat	Den	8507	0.88
C027-CHA-S07#Mat#chr19	6948755	6972946	0.966	216	26	20	52	0.2778	6	114	0.05	0.2252	PASS	den	0.6445,0.5933,0.6963,0.594,0.6124,0.6145,0.6215,0.5805,0.6021,0.5857,0.5801,0.6127,0.5799,0.6403,0.6707,0.5642,0.6065,0.6022,0.6189	C027-CHA-S07-Mat	Den	24191	0.966
C027-CHA-S07#Mat#chr19	7560692	7637041	0.966	518	39	39	6	0.8667	0	153	0	0.8667	PASS	den	0.6724,0.6474,0.9846,0.6484,0.58,0.5771,0.604,0.5713,0.5925,0.6638,0.5684,0.5819,0.5925,0.6214,0.5848,0.5848,0.6108,0.5992,0.5857	C027-CHA-S07-Mat	Den	76349	0.966
C027-CHA-S07#Mat#chr19	15839856	15844362	0.805	42	9	9	2	0.8182	0	10	0	0.8182	PASS	den	0.7093,0.6279,0.7674,0.5349,0.5465,0.6279,0.6163,0.6047,0.6279,0.5,0.5698,0.6279,0.5349,0.6163,0.6047,0.593,0.6047,0.7326,0.7209	C027-CHA-S07-Mat	Den	4506	0.805
C027-CHA-S07#Mat#chr19	42084887	42092259	0.883	100	9	9	5	0.6429	0	52	0	0.6429	PASS	den	0.8564,0.7079,0.9406,0.6386,0.604,0.6832,0.5347,0.599,0.5644,0.5842,0.5842,0.604,0.5891,0.698,0.5792,0.5891,0.7673,0.7327,0.7475	C027-CHA-S07-Mat	Den	7372	0.883
C027-CHA-S07#Mat#chr20	33370522	33436735	0.972	342	15	15	35	0.3	0	128	0	0.3	PASS	den	0.844,0.7682,0.8863,0.6749,0.7099,0.6983,0.7303,0.7143,0.7405,0.6735,0.7099,0.7216,0.7041,0.8076,0.8207,0.812,0.8178,0.8149,0.8207	C027-CHA-S07-Mat	Den	66213	0.972
C027-CHA-S07#Mat#chr20	49142666	49153350	0.888	100	16	16	11	0.5926	0	22	0	0.5926	PASS	den	0.7228,0.6188,0.8812,0.5297,0.5792,0.5495,0.5396,0.5495,0.5149,0.5248,0.5693,0.5644,0.5495,0.5792,0.5,0.5347,0.5198,0.505,0.5842	C027-CHA-S07-Mat	Den	10684	0.888
C027-CHA-S07#Mat#chr21	9724008	9875608	0.929	936	64	57	41	0.5816	7	251	0.0271	0.521	PASS	den	0.8279,0.6594,0.8783,0.6274,0.6086,0.5957,0.6243,0.6104,0.6255,0.6276,0.5887,0.6028,0.6327,0.6082,0.6261,0.6284,0.617,0.6293,0.5994	C027-CHA-S07-Mat	Den	151600	0.929
C027-CHA-S07#Mat#chr21	10203058	10226223	0.904	222	10	10	12	0.4545	0	37	0	0.4545	PASS	den	0.778,0.6502,0.9417,0.5942,0.6054,0.6233,0.5987,0.6076,0.6457,0.6413,0.63,0.6413,0.6233,0.6143,0.6726,0.648,0.6143,0.6054,0.6166	C027-CHA-S07-Mat	Den	23165	0.904
C027-CHA-S07#Mat#chr21	10253626	10263202	0.747	69	5	5	4	0.5556	0	10	0	0.5556	PASS	den	0.6286,0.6,0.9357,0.6143,0.6643,0.6857,0.6429,0.6929,0.6357,0.6571,0.6714,0.6857,0.6143,0.6786,0.6857,0.65,0.6429,0.6214,0.65	C027-CHA-S07-Mat	Den	9576	0.747
C027-CHA-S07#Mat#chr21	10438511	10474380	0.851	244	9	9	43	0.1731	0	64	0	0.1731	PASS	den	0.7429,0.6612,0.8245,0.6469,0.7,0.6653,0.6694,0.6714,0.6408,0.6735,0.6429,0.6592,0.6837,0.7,0.6592,0.6592,0.6714,0.6735,0.6796	C027-CHA-S07-Mat	Den	35869	0.851
C027-CHA-S07#Mat#chr21	21764861	21817175	0.888	274	14	14	34	0.2917	0	90	0	0.2917	PASS	den	0.8055,0.7673,0.8745,0.7127,0.7309,0.72,0.7291,0.74,0.7255,0.7,0.68,0.6873,0.7327,0.7291,0.7291,0.8145,0.74,0.7327,0.7364	C027-CHA-S07-Mat	Den	52314	0.888
C027-CHA-S07#Mat#chr21	29072252	29080575	0.605	39	4	4	2	0.6667	0	5	0	0.6667	PASS	den	0.775,0.675,0.9375,0.5625,0.6125,0.5875,0.55,0.6375,0.6125,0.6,0.6125,0.575,0.5875,0.6,0.575,0.55,0.5875,0.5875,0.5875	C027-CHA-S07-Mat	Den	8323	0.605
C027-CHA-S07#Mat#chr21	32333632	32336484	0.719	23	4	4	6	0.4	0	10	0	0.4	PASS	den	0.625,0.6875,0.75,0.6458,0.7083,0.7083,0.7292,0.6667,0.6875,0.6875,0.6042,0.6875,0.6667,0.8125,0.5417,0.8125,0.7917,0.7917,0.7917	C027-CHA-S07-Mat	Den	2852	0.719
C027-CHA-S07#Mat#chr22	17856921	17865493	0.914	92	13	13	7	0.65	0	37	0	0.65	PASS	den	0.837,0.6848,0.913,0.5435,0.587,0.5761,0.5652,0.5543,0.587,0.5978,0.587,0.5272,0.5815,0.6304,0.5489,0.5543,0.5652,0.6196,0.625	C027-CHA-S07-Mat	Den	8572	0.914
C027-CHA-S07#Mat#chr22	19420459	19450674	0.989	657	233	0	47	0	233	246	0.4864	0.4864	PASS	den	0.1735,0.8647,0.4311,0.0432,0.0685,0.1037,0.0596,0.3393,0.0987,0.0577,0.1124,0.0504,0.0911,0.2502,0.1981,0.261,0.1415,0.2554,0.0977	C027-CHA-S07-Mat	Den	30215	0.989
C088-CHA-C08#Mat#chr2	1531435	1549611	0.963	173	53	0	31	0	53	80	0.3985	0.3985	PASS	den	0.5774,0.8257,0.6179,0.7871,0.7501,0.7974,0.7687,0.7608,0.7395,0.7935,0.7685,0.7721,0.7698,0.8024,0.7809,0.7714,0.7368,0.787,0.7446	C088-CHA-C08-Mat	Den	18176	0.963
C088-CHA-C08#Mat#chr2	17374655	17418311	0.939	235	23	23	28	0.451	0	67	0	0.451	PASS	den	0.7458,0.6716,0.8708,0.697,0.697,0.6589,0.6631,0.7034,0.7013,0.6568,0.6653,0.6695,0.678,0.7246,0.6822,0.6589,0.7246,0.6843,0.661	C088-CHA-C08-Mat	Den	43656	0.939
C088-CHA-C08#Mat#chr2	20250600	20257277	0.873	47	6	6	3	0.6667	0	7	0	0.6667	PASS	den	0.7396,0.7292,0.8646,0.6562,0.6354,0.6562,0.6042,0.6562,0.6354,0.6562,0.6354,0.625,0.6354,0.6771,0.6458,0.8125,0.6458,0.7917,0.6458	C088-CHA-C08-Mat	Den	6677	0.873
C088-CHA-C08#Mat#chr2	45918415	45923564	0.636	42	4	4	10	0.2857	0	6	0	0.2857	PASS	den	0.6512,0.6279,0.7674,0.6628,0.6977,0.686,0.6744,0.6977,0.6977,0.6977,0.6744,0.6628,0.6977,0.7209,0.686,0.686,0.6744,0.7558,0.7093	C088-CHA-C08-Mat	Den	5149	0.636
C088-CHA-C08#Mat#chr2	62646919	62650965	0.778	27	7	7	3	0.7	0	14	0	0.7	PASS	den	0.6786,0.5714,0.875,0.3929,0.4107,0.4286,0.3393,0.3571,0.375,0.4107,0.3393,0.4107,0.375,0.3929,0.3571,0.375,0.3571,0.4107,0.3571	C088-CHA-C08-Mat	Den	4046	0.778
C088-CHA-C08#Mat#chr2	71093099	71107224	0.925	121	10	10	9	0.5263	0	86	0	0.5263	PASS	den	0.8238,0.6557,0.918,0.5943,0.5861,0.5492,0.5451,0.5082,0.5738,0.5779,0.5533,0.623,0.5943,0.5697,0.5656,0.5451,0.5615,0.5615,0.6885	C088-CHA-C08-Mat	Den	14125	0.925
C088-CHA-C08#Mat#chr2	95965721	95976176	0.9	58	16	3	10	0.2308	13	26	0.3333	0.3141	PASS	den	0.5798,0.7425,0.6381,0.4692,0.4207,0.3996,0.4394,0.4165,0.4181,0.4183,0.4381,0.4069,0.3364,0.5025,0.6134,0.5352,0.4353,0.4002,0.4305	C088-CHA-C08-Mat	Den	10455	0.9
C088-CHA-C08#Mat#chr2	97377058	97400452	0.726	144	13	4	26	0.1333	9	115	0.0726	0.0913	PASS	den	0.7103,0.7871,0.7844,0.4204,0.4454,0.4561,0.3789,0.425,0.4139,0.4111,0.4401,0.4477,0.4389,0.5008,0.4784,0.5163,0.4557,0.4481,0.4147	C088-CHA-C08-Mat	Den	23394	0.726
C088-CHA-C08#Mat#chr2	97726400	97751392	0.928	161	9	9	26	0.2571	0	115	0	0.2571	PASS	den	0.7593,0.6759,0.8241,0.6235,0.5093,0.6296,0.4969,0.5031,0.5,0.6111,0.4938,0.5,0.5,0.7037,0.7068,0.7037,0.5031,0.537,0.4969	C088-CHA-C08-Mat	Den	24992	0.928
C088-CHA-C08#Mat#chr2	104272245	104296413	0.935	148	32	32	19	0.6275	0	45	0	0.6275	PASS	den	0.6711,0.5705,0.8691,0.5369,0.5235,0.5503,0.5336,0.5403,0.5302,0.5302,0.5268,0.5235,0.5336,0.5336,0.5302,0.7248,0.7248,0.7248,0.7248	C088-CHA-C08-Mat	Den	24168	0.935
C088-CHA-C08#Mat#chr2	129596625	129619313	0.9	181	34	34	11	0.7556	0	26	0	0.7556	PASS	den	0.6401,0.5412,0.9341,0.5357,0.511,0.544,0.5357,0.5247,0.511,0.4973,0.5385,0.5055,0.5165,0.5082,0.5577,0.5604,0.5604,0.522,0.5577	C088-CHA-C08-Mat	Den	22688	0.9
C088-CHA-C08#Mat#chr2	139341745	139364436	0.972	211	82	82	24	0.7736	0	43	0	0.7736	PASS	den	0.5189,0.4788,0.8844,0.4481,0.4151,0.4292,0.4505,0.4623,0.4552,0.4528,0.4387,0.4505,0.4481,0.691,0.6958,0.4481,0.4505,0.4481,0.6863	C088-CHA-C08-Mat	Den	22691	0.972
C088-CHA-C08#Mat#chr2	154999797	155024107	0.951	123	18	18	48	0.2727	0	42	0	0.2727	PASS	den	0.5645,0.5282,0.6008,0.4919,0.5121,0.4839,0.4919,0.4718,0.5121,0.5081,0.5081,0.4839,0.5161,0.6855,0.496,0.5,0.4879,0.4919,0.5282	C088-CHA-C08-Mat	Den	24310	0.951
C088-CHA-C08#Mat#chr2	212971385	212973861	0.562	28	3	3	1	0.75	0	21	0	0.75	PASS	den	0.7586,0.8621,0.8621,0.7241,0.7069,0.7414,0.7414,0.7241,0.7931,0.7241,0.7759,0.7759,0.7414,0.7586,0.8103,0.8103,0.8276,0.8276,0.8276	C088-CHA-C08-Mat	Den	2476	0.562
C088-CHA-C08#Mat#chr1	13511567	13536773	0.961	189	19	19	4	0.8261	0	32	0	0.8261	PASS	den	0.85,0.6632,0.9789,0.6026,0.6105,0.5947,0.5342,0.6263,0.6184,0.5974,0.5421,0.6211,0.6132,0.6079,0.5974,0.7053,0.6211,0.7316,0.7368	C088-CHA-C08-Mat	Den	25206	0.961
C088-CHA-C08#Mat#chr1	15685618	15692078	0.927	129	13	13	12	0.52	0	110	0	0.52	PASS	den	0.8038,0.6615,0.9,0.4692,0.5538,0.4077,0.4962,0.4962,0.4885,0.4308,0.4692,0.5,0.4692,0.6654,0.6692,0.6577,0.4038,0.4423,0.4769	C088-CHA-C08-Mat	Den	6460	0.927
C088-CHA-C08#Mat#chr1	21724045	21743580	0.936	114	16	16	12	0.5714	0	28	0	0.5714	PASS	den	0.7217,0.6478,0.8957,0.6261,0.6261,0.5783,0.5609,0.587,0.5783,0.587,0.6,0.5565,0.5739,0.5826,0.5957,0.5783,0.5826,0.7478,0.6783	C088-CHA-C08-Mat	Den	19535	0.936
C088-CHA-C08#Mat#chr1	25696491	25758579	0.777	289	18	17	37	0.3148	1	180	0.0055	0.2976	PASS	den	0.8141,0.7112,0.8611,0.6293,0.6317,0.6222,0.6415,0.6458,0.6074,0.6612,0.6471,0.6391,0.5997,0.7086,0.7298,0.7093,0.7003,0.7308,0.7396	C088-CHA-C08-Mat	Den	62088	0.777
C088-CHA-C08#Mat#chr1	27010755	27012395	0.592	12	3	1	0	1	3	0	1	1	PASS	den	0.5064,0.7645,0.6192,0.6263,0.6771,0.7355,0.6673,0.6248,0.5735,0.738,0.6206,0.636,0.7138,0.6087,0.5565,0.6686,0.6543,0.7576,0.7528	C088-CHA-C08-Mat	Den	1640	0.592
C088-CHA-C08#Mat#chr1	30878489	31015732	0.944	1131	43	41	43	0.4881	2	235	0.0084	0.4658	PASS	den	0.768,0.6786,0.9394,0.6504,0.6472,0.6586,0.64,0.6353,0.6413,0.624,0.6299,0.6411,0.6347,0.6347,0.6212,0.6052,0.6262,0.6331,0.6471	C088-CHA-C08-Mat	Den	137243	0.944
C088-CHA-C08#Mat#chr1	40941484	40944713	0.71	23	4	4	3	0.5714	0	17	0	0.5714	PASS	den	0.7708,0.625,0.875,0.5833,0.6042,0.6042,0.5625,0.5417,0.5833,0.6042,0.5833,0.6042,0.6042,0.5833,0.5417,0.5417,0.5833,0.6667,0.6667	C088-CHA-C08-Mat	Den	3229	0.71
C088-CHA-C08#Mat#chr1	41788547	41865721	0.933	463	26	26	25	0.5098	0	57	0	0.5098	PASS	den	0.8017,0.7004,0.9429,0.7177,0.6864,0.6843,0.6918,0.6767,0.7144,0.7004,0.6961,0.695,0.708,0.722,0.6853,0.7058,0.6961,0.6961,0.6897	C088-CHA-C08-Mat	Den	77174	0.933
C088-CHA-C08#Mat#chr1	45655694	46718577	0.997	4728	705	696	77	0.9004	9	1138	0.0078	0.889	PASS	den	0.8353,0.6856,0.9709,0.5995,0.5918,0.5975,0.6052,0.6147,0.6272,0.5989,0.6071,0.5982,0.6356,0.6038,0.6261,0.6159,0.6005,0.6003,0.5981	C088-CHA-C08-Mat	Den	1062883	0.997
C088-CHA-C08#Mat#chr1	47931354	48007916	0.963	405	27	26	4	0.8667	2	75	0.026	0.8066	PASS	den	0.7855,0.6894,0.944,0.6542,0.6637,0.6567,0.6917,0.6596,0.6458,0.6518,0.6608,0.6343,0.6542,0.6355,0.6473,0.6422,0.6379,0.5985,0.6217	C088-CHA-C08-Mat	Den	76562	0.963
C088-CHA-C08#Mat#chr1	77328486	77356552	0.963	181	18	18	23	0.439	0	78	0	0.439	PASS	den	0.761,0.6181,0.8709,0.5275,0.544,0.5302,0.5522,0.5385,0.511,0.5247,0.5604,0.544,0.5357,0.5632,0.5137,0.5797,0.706,0.7088,0.7005	C088-CHA-C08-Mat	Den	28066	0.963
C088-CHA-C08#Mat#chr1	80745512	80762036	0.949	179	12	12	11	0.5217	0	124	0	0.5217	PASS	den	0.7917,0.6861,0.9306,0.5139,0.5167,0.5167,0.6278,0.6278,0.5472,0.6278,0.6306,0.5972,0.5389,0.6361,0.5528,0.5361,0.5583,0.5278,0.625	C088-CHA-C08-Mat	Den	16524	0.949
C088-CHA-C08#Mat#chr1	96780354	96787550	0.803	58	7	7	19	0.2692	0	26	0	0.2692	PASS	den	0.6441,0.6017,0.678,0.5169,0.5,0.4831,0.5169,0.4831,0.5,0.5085,0.4915,0.5,0.5,0.4915,0.5169,0.7288,0.7373,0.7203,0.5424	C088-CHA-C08-Mat	Den	7196	0.803
C088-CHA-C08#Mat#chr1	97705696	97718068	0.918	89	17	17	10	0.6296	0	25	0	0.6296	PASS	den	0.7167,0.6667,0.8833,0.6111,0.5778,0.5944,0.6,0.5611,0.5889,0.6278,0.5944,0.5778,0.6111,0.5722,0.5667,0.6167,0.6278,0.6222,0.6	C088-CHA-C08-Mat	Den	12372	0.918
C088-CHA-C08#Mat#chr1	119900018	119907384	0.725	78	5	5	0	1	0	78	0	1	PASS	den	0.8481,0.7468,1.0,0.7025,0.7152,0.7152,0.7785,0.6962,0.7532,0.7468,0.7342,0.7342,0.7595,0.8291,0.7215,0.7468,0.8101,0.7975,0.7722	C088-CHA-C08-Mat	Den	7366	0.725
C088-CHA-C08#Mat#chr1	206445124	206450525	0.831	42	5	5	0	1	0	34	0	1	PASS	den	0.8605,0.8488,0.9767,0.686,0.7907,0.7907,0.7791,0.7326,0.7442,0.7326,0.7442,0.7093,0.7209,0.7558,0.7907,0.7442,0.7791,0.7907,0.7907	C088-CHA-C08-Mat	Den	5401	0.831
C088-CHA-C08#Mat#chr1	213577617	213583759	0.894	96	10	10	6	0.625	0	79	0	0.625	PASS	den	0.8814,0.8505,0.9278,0.7577,0.6753,0.7526,0.7474,0.7938,0.6959,0.7268,0.7732,0.6804,0.7732,0.7526,0.7835,0.7216,0.7371,0.7577,0.8608	C088-CHA-C08-Mat	Den	6142	0.894
C088-CHA-C08#Mat#chr1	240207601	240218026	0.899	81	7	7	12	0.3684	0	20	0	0.3684	PASS	den	0.7561,0.6951,0.8476,0.6463,0.6524,0.6707,0.6768,0.6768,0.6829,0.6402,0.6646,0.6585,0.689,0.6768,0.6463,0.6768,0.6341,0.6402,0.6402	C088-CHA-C08-Mat	Den	10425	0.899
C088-CHA-C08#Mat#chr3	30431118	30452627	0.933	140	13	13	9	0.5909	0	43	0	0.5909	PASS	den	0.7447,0.6773,0.8582,0.6631,0.6879,0.6348,0.6738,0.6454,0.6702,0.6454,0.6418,0.6418,0.6773,0.7589,0.7624,0.6277,0.6879,0.6596,0.734	C088-CHA-C08-Mat	Den	21509	0.933
C088-CHA-C08#Mat#chr3	38067279	38095418	0.682	226	9	9	19	0.3214	0	125	0	0.3214	PASS	den	0.7643,0.7291,0.9031,0.6498,0.6586,0.6784,0.6564,0.7004,0.7181,0.6806,0.674,0.685,0.6828,0.804,0.6784,0.8018,0.6872,0.6894,0.6828	C088-CHA-C08-Mat	Den	28139	0.682
C088-CHA-C08#Mat#chr3	73957790	74040358	0.923	545	52	52	33	0.6118	0	124	0	0.6118	PASS	den	0.706,0.5916,0.9386,0.5824,0.6026,0.6209,0.6053,0.5815,0.6401,0.5861,0.5778,0.6007,0.576,0.5833,0.631,0.63,0.5916,0.6044,0.6136	C088-CHA-C08-Mat	Den	82568	0.923
C088-CHA-C08#Mat#chr3	75889841	75902193	0.552	81	4	4	9	0.3077	0	33	0	0.3077	PASS	den	0.7988,0.7622,0.878,0.7683,0.75,0.6463,0.7195,0.7134,0.7378,0.7012,0.7561,0.7439,0.7134,0.7134,0.8293,0.7012,0.6524,0.689,0.7317	C088-CHA-C08-Mat	Den	12352	0.552
C088-CHA-C08#Mat#chr3	97055827	97060958	0.77	78	5	5	5	0.5	0	65	0	0.5	PASS	den	0.8418,0.7785,0.9367,0.6899,0.6835,0.6899,0.6646,0.6899,0.6962,0.6456,0.6646,0.6582,0.6772,0.6139,0.7975,0.6772,0.6139,0.6076,0.6139	C088-CHA-C08-Mat	Den	5131	0.77
C088-CHA-C08#Mat#chr3	107714124	107733776	0.821	94	8	8	2	0.8	0	18	0	0.8	PASS	den	0.8,0.7579,0.9474,0.7421,0.7684,0.7526,0.7842,0.7789,0.7842,0.7579,0.7421,0.7789,0.7474,0.7737,0.7842,0.7842,0.7579,0.7579,0.7579	C088-CHA-C08-Mat	Den	19652	0.821
C088-CHA-C08#Mat#chr3	108162764	108187464	0.922	161	18	18	10	0.6429	0	27	0	0.6429	PASS	den	0.7469,0.6944,0.9321,0.6852,0.642,0.6543,0.6728,0.6698,0.6821,0.6389,0.6574,0.6728,0.6667,0.821,0.821,0.8333,0.679,0.6728,0.6759	C088-CHA-C08-Mat	Den	24700	0.922
C088-CHA-C08#Mat#chr3	124091203	124109700	0.784	106	7	7	18	0.28	0	21	0	0.28	PASS	den	0.757,0.6542,0.8271,0.6449,0.6682,0.6355,0.6542,0.6449,0.6495,0.6495,0.6916,0.6495,0.6636,0.6542,0.6682,0.6729,0.6822,0.7804,0.6636	C088-CHA-C08-Mat	Den	18497	0.784
C088-CHA-C08#Mat#chr3	127751139	127769282	0.923	151	15	14	16	0.4667	1	62	0.0159	0.4366	PASS	den	0.6997,0.6337,0.8699,0.5475,0.5572,0.4901,0.526,0.5797,0.5241,0.4984,0.4958,0.5597,0.5273,0.5615,0.5907,0.6719,0.5911,0.6668,0.6702	C088-CHA-C08-Mat	Den	18143	0.923
C088-CHA-C08#Mat#chr3	134156414	134188731	0.978	270	78	78	31	0.7156	0	104	0	0.7156	PASS	den	0.714,0.5923,0.8819,0.5166,0.5148,0.5332,0.5074,0.5185,0.5185,0.476,0.4982,0.4889,0.4908,0.5221,0.5221,0.5148,0.4945,0.5185,0.5203	C088-CHA-C08-Mat	Den	32317	0.978
C088-CHA-C08#Mat#chr3	136819509	136835883	0.843	116	11	11	21	0.3438	0	68	0	0.3438	PASS	den	0.7692,0.6282,0.8205,0.5256,0.5085,0.5,0.5171,0.5299,0.5299,0.5128,0.5171,0.5128,0.5,0.4915,0.7051,0.7094,0.7137,0.7094,0.6709	C088-CHA-C08-Mat	Den	16374	0.843
C088-CHA-C08#Mat#chr3	151279036	151287080	0.938	94	40	40	11	0.7843	0	24	0	0.7843	PASS	den	0.4895,0.4842,0.8684,0.3737,0.4,0.4,0.3684,0.4,0.4263,0.3737,0.3842,0.4053,0.3895,0.3684,0.4,0.4211,0.6421,0.6263,0.5632	C088-CHA-C08-Mat	Den	8044	0.938
C088-CHA-C08#Mat#chr3	155772006	155819452	0.947	391	28	28	42	0.4	0	131	0	0.4	PASS	den	0.8061,0.6607,0.889,0.5472,0.5536,0.6378,0.6327,0.6314,0.6199,0.6327,0.625,0.5459,0.5421,0.5357,0.6263,0.5383,0.6148,0.6747,0.6543	C088-CHA-C08-Mat	Den	47446	0.947
C088-CHA-C08#Mat#chr3	196197680	196209216	0.92	115	21	21	11	0.6562	0	26	0	0.6562	PASS	den	0.6681,0.6422,0.8922,0.6164,0.5819,0.5603,0.5172,0.5733,0.5776,0.5862,0.5603,0.5647,0.5647,0.5862,0.556,0.5431,0.5603,0.5733,0.7198	C088-CHA-C08-Mat	Den	11536	0.92
C088-CHA-C08#Mat#chr3	197466383	197477854	0.749	80	5	5	2	0.7143	0	79	0	0.7143	PASS	den	0.8827,0.7716,0.9753,0.6481,0.6481,0.6728,0.6914,0.6296,0.6728,0.716,0.6358,0.6667,0.642,0.7346,0.7593,0.7654,0.6852,0.7407,0.7407	C088-CHA-C08-Mat	Den	11471	0.749
C088-CHA-C08#Mat#chr3	197798297	197810760	0.919	124	8	8	0	1	0	124	0	1	PASS	den	0.944,0.792,1.0,0.7,0.656,0.692,0.672,0.684,0.612,0.692,0.712,0.68,0.652,0.648,0.724,0.712,0.772,0.732,0.764	C088-CHA-C08-Mat	Den	12463	0.919
C088-CHA-C08#Mat#chr4	3549650	3561916	0.586	90	5	5	6	0.4545	0	74	0	0.4545	PASS	den	0.8791,0.8187,0.9341,0.7308,0.7473,0.6868,0.7527,0.7088,0.7198,0.7308,0.7418,0.6593,0.6648,0.7747,0.7692,0.7418,0.8187,0.8132,0.7143	C088-CHA-C08-Mat	Den	12266	0.586
C088-CHA-C08#Mat#chr4	9716048	9754451	0.849	605	21	21	130	0.1391	0	303	0	0.1391	PASS	den	0.7409,0.67,0.7822,0.6073,0.5759,0.5784,0.5875,0.5941,0.6089,0.5784,0.5809,0.6708,0.5891,0.5858,0.6205,0.5792,0.571,0.5784,0.6328	C088-CHA-C08-Mat	Den	38403	0.849
C088-CHA-C08#Mat#chr4	9812183	9818289	0.862	61	6	6	4	0.6	0	48	0	0.6	PASS	den	0.7984,0.6935,0.9355,0.6935,0.629,0.6371,0.6855,0.621,0.6855,0.5968,0.621,0.6532,0.6532,0.6452,0.6774,0.629,0.629,0.6371,0.6855	C088-CHA-C08-Mat	Den	6106	0.862
C088-CHA-C08#Mat#chr4	9835027	9839222	0.7	60	4	4	8	0.3333	0	39	0	0.3333	PASS	den	0.8033,0.6967,0.8689,0.7295,0.6557,0.6557,0.7213,0.6639,0.7377,0.6557,0.6066,0.6721,0.6721,0.6885,0.7213,0.6475,0.6393,0.6557,0.6885	C088-CHA-C08-Mat	Den	4195	0.7
C088-CHA-C08#Mat#chr4	40138053	40146694	0.886	61	14	13	12	0.52	1	19	0.05	0.4864	PASS	den	0.6318,0.6112,0.7922,0.4906,0.5206,0.5151,0.4926,0.4681,0.4603,0.4808,0.4891,0.5049,0.4825,0.6012,0.4844,0.6168,0.6732,0.6861,0.6034	C088-CHA-C08-Mat	Den	8641	0.886
C088-CHA-C08#Mat#chr4	59814291	59822771	0.782	32	5	5	4	0.5556	0	5	0	0.5556	PASS	den	0.697,0.6667,0.7879,0.6515,0.6364,0.6818,0.6515,0.5909,0.6515,0.6667,0.6364,0.6364,0.6515,0.6515,0.6364,0.6515,0.6364,0.6515,0.6515	C088-CHA-C08-Mat	Den	8480	0.782
C088-CHA-C08#Mat#chr4	105256329	105272408	0.93	95	9	9	10	0.4737	0	18	0	0.4737	PASS	den	0.7865,0.6406,0.8802,0.6354,0.5938,0.5781,0.5521,0.6198,0.6302,0.526,0.6094,0.5625,0.5573,0.5729,0.724,0.5833,0.5833,0.5833,0.7083	C088-CHA-C08-Mat	Den	16079	0.93
C088-CHA-C08#Mat#chr4	124280076	124284612	0.876	48	13	13	6	0.6842	0	14	0	0.6842	PASS	den	0.5918,0.6429,0.7347,0.5816,0.5816,0.5918,0.6327,0.5918,0.6224,0.5714,0.5714,0.602,0.6122,0.7347,0.7755,0.7653,0.7653,0.7551,0.7653	C088-CHA-C08-Mat	Den	4536	0.876
C088-CHA-C08#Mat#chr4	142154603	142162368	0.827	71	5	5	2	0.7143	0	50	0	0.7143	PASS	den	0.9167,0.8681,0.9722,0.8403,0.8403,0.8333,0.7083,0.7917,0.8264,0.8264,0.8125,0.7917,0.7778,0.8611,0.8889,0.7917,0.9028,0.875,0.7917	C088-CHA-C08-Mat	Den	7765	0.827
C088-CHA-C08#Mat#chr4	143665092	143685160	0.947	121	29	29	8	0.7838	0	23	0	0.7838	PASS	den	0.8361,0.7336,0.9262,0.5984,0.6393,0.6516,0.6311,0.6803,0.6762,0.6352,0.6352,0.6844,0.6598,0.6721,0.6557,0.668,0.6598,0.6598,0.6639	C088-CHA-C08-Mat	Den	20068	0.947
C088-CHA-C08#Mat#chr4	155541811	155563430	0.916	117	8	8	8	0.5	0	15	0	0.5	PASS	den	0.7797,0.7034,0.9237,0.6653,0.6949,0.6864,0.6864,0.6483,0.6695,0.7034,0.6992,0.6949,0.661,0.7797,0.7627,0.7924,0.7246,0.7076,0.7288	C088-CHA-C08-Mat	Den	21619	0.916
C088-CHA-C08#Mat#chr4	156524828	156585138	0.882	347	24	16	31	0.3404	8	134	0.0563	0.2457	PASS	den	0.7297,0.6543,0.8065,0.6227,0.6002,0.6114,0.6359,0.5969,0.6163,0.6062,0.6163,0.6165,0.6197,0.5856,0.6073,0.5961,0.6268,0.6458,0.6258	C088-CHA-C08-Mat	Den	60310	0.882
C088-CHA-C08#Mat#chr4	161504902	161550793	0.935	221	12	12	26	0.3158	0	55	0	0.3158	PASS	den	0.6959,0.6486,0.8806,0.714,0.6284,0.6712,0.6847,0.6959,0.6847,0.6802,0.6396,0.6712,0.6306,0.6734,0.7793,0.7658,0.777,0.7455,0.768	C088-CHA-C08-Mat	Den	45891	0.935
C088-CHA-C08#Mat#chr4	167725325	167740508	0.917	116	15	15	13	0.5357	0	23	0	0.5357	PASS	den	0.6795,0.5513,0.8034,0.5726,0.5598,0.5897,0.5556,0.6068,0.5983,0.5855,0.5641,0.5684,0.5812,0.6538,0.6538,0.6368,0.735,0.7308,0.7308	C088-CHA-C08-Mat	Den	15183	0.917
C088-CHA-C08#Mat#chr4	169359616	169379381	0.651	168	8	6	10	0.375	2	29	0.0645	0.2974	PASS	den	0.7764,0.6246,0.8398,0.6256,0.4873,0.4772,0.5608,0.5993,0.6063,0.5899,0.5931,0.6,0.5927,0.6123,0.6148,0.6222,0.6129,0.6373,0.6293	C088-CHA-C08-Mat	Den	19765	0.651
C088-CHA-C08#Mat#chr4	169552419	169603442	0.966	219	33	33	7	0.825	0	34	0	0.825	PASS	den	0.8545,0.7091,0.9068,0.6591,0.6773,0.6727,0.6795,0.65,0.6591,0.6591,0.6455,0.6727,0.6432,0.6818,0.6864,0.6545,0.6568,0.6818,0.6705	C088-CHA-C08-Mat	Den	51023	0.966
C088-CHA-C08#Mat#chr4	175189085	175195109	0.899	65	7	7	3	0.7	0	61	0	0.7	PASS	den	0.8939,0.7424,0.9394,0.5909,0.5909,0.6364,0.6136,0.5985,0.5758,0.6364,0.6136,0.6288,0.5455,0.7424,0.75,0.7424,0.7424,0.6061,0.7424	C088-CHA-C08-Mat	Den	6024	0.899
C088-CHA-C08#Mat#chr4	186257041	186271978	0.759	93	6	5	8	0.3846	1	17	0.0556	0.3298	PASS	den	0.7736,0.7327,0.8367,0.7128,0.7285,0.6974,0.7089,0.6972,0.6817,0.7212,0.7235,0.7099,0.7138,0.7334,0.7082,0.7047,0.8079,0.8015,0.7862	C088-CHA-C08-Mat	Den	14937	0.759
C088-CHA-C08#Mat#chr4	191002684	191006122	0.922	87	9	9	13	0.4091	0	27	0	0.4091	PASS	den	0.7614,0.5341,0.8523,0.3977,0.3977,0.3977,0.3864,0.3807,0.375,0.4716,0.4205,0.3864,0.3864,0.4148,0.4034,0.4148,0.4091,0.4034,0.4034	C088-CHA-C08-Mat	Den	3438	0.922
C088-CHA-C08#Mat#chr4	196570428	196589363	0.949	129	14	14	18	0.4375	0	87	0	0.4375	PASS	den	0.75,0.6577,0.8577,0.6231,0.5962,0.6,0.6038,0.5538,0.6,0.5769,0.5962,0.5885,0.6,0.7269,0.75,0.7038,0.7231,0.7462,0.7654	C088-CHA-C08-Mat	Den	18935	0.949
C088-CHA-C08#Mat#chr5	672650	759091	0.993	1770	649	5	194	0.0251	644	834	0.4357	0.4326	PASS	den	0.3635,0.3494,0.397,0.084,0.2066,0.2287,0.1044,0.1132,0.0608,0.059,0.1128,0.0536,0.0753,0.0626,0.1196,0.1227,0.1185,0.1241,0.0822	C088-CHA-C08-Mat	Den	86441	0.993
C088-CHA-C08#Mat#chr5	785371	790032	0.897	63	23	0	4	0	23	25	0.4792	0.4792	PASS	den	0.3435,0.3966,0.3679,0.1271,0.2753,0.3138,0.1574,0.2148,0.1541,0.1544,0.1712,0.211,0.2517,0.0995,0.254,0.2282,0.2509,0.3012,0.2818	C088-CHA-C08-Mat	Den	4661	0.897
C088-CHA-C08#Mat#chr5	8120610	8121747	0.564	7	2	1	1	0.5	2	1	0.6667	0.6111	PASS	den	0.5742,0.6456,0.7055,0.5213,0.5279,0.6802,0.6528,0.4381,0.6307,0.6339,0.6704,0.426,0.646,0.6659,0.4292,0.4816,0.75,0.5597,0.5271	C088-CHA-C08-Mat	Den	1137	0.564
C088-CHA-C08#Mat#chr5	17986038	17994898	0.922	83	7	7	3	0.7	0	28	0	0.7	PASS	den	0.6786,0.6429,0.9583,0.6667,0.6786,0.5893,0.6845,0.6786,0.6845,0.6845,0.6607,0.6726,0.6131,0.7976,0.6786,0.6845,0.6726,0.6905,0.6726	C088-CHA-C08-Mat	Den	8860	0.922
C088-CHA-C08#Mat#chr5	22989431	23009442	0.904	160	10	10	3	0.7692	0	34	0	0.7692	PASS	den	0.646,0.6335,0.9783,0.6025,0.7112,0.5963,0.6335,0.5963,0.587,0.6677,0.618,0.5994,0.5901,0.5994,0.5994,0.5994,0.5932,0.6025,0.5932	C088-CHA-C08-Mat	Den	20011	0.904
C088-CHA-C08#Mat#chr5	37667968	37684309	0.794	123	7	7	18	0.28	0	66	0	0.28	PASS	den	0.8065,0.7218,0.8508,0.6815,0.6653,0.6815,0.6169,0.6774,0.6452,0.6653,0.6613,0.6573,0.6532,0.6734,0.6492,0.6492,0.7944,0.6694,0.7903	C088-CHA-C08-Mat	Den	16341	0.794
C088-CHA-C08#Mat#chr5	61762002	61787217	0.956	136	19	19	16	0.5429	0	21	0	0.5429	PASS	den	0.6642,0.5803,0.8759,0.5876,0.5912,0.5985,0.6168,0.6131,0.5912,0.5766,0.5766,0.6241,0.5876,0.7445,0.7445,0.7336,0.6387,0.7409,0.6423	C088-CHA-C08-Mat	Den	25215	0.956
C088-CHA-C08#Mat#chr5	77452060	77453750	0.792	28	6	6	0	1	0	27	0	1	PASS	den	0.931,0.6034,1.0,0.3966,0.3966,0.431,0.3966,0.3793,0.4828,0.2586,0.3966,0.3448,0.3966,0.3966,0.4138,0.4138,0.3793,0.3793,0.3966	C088-CHA-C08-Mat	Den	1690	0.792
C088-CHA-C08#Mat#chr5	93446074	93455116	0.933	94	15	15	5	0.75	0	72	0	0.75	PASS	den	0.8842,0.7579,0.9474,0.6263,0.6158,0.6158,0.6421,0.6316,0.6526,0.6474,0.6421,0.6368,0.6526,0.6526,0.6316,0.6368,0.7737,0.6421,0.7789	C088-CHA-C08-Mat	Den	9042	0.933
C088-CHA-C08#Mat#chr5	98638182	98748145	0.964	520	40	40	20	0.6667	0	65	0	0.6667	PASS	den	0.8349,0.6593,0.9607,0.6564,0.6488,0.6516,0.6727,0.6497,0.6967,0.6372,0.6852,0.715,0.6526,0.6862,0.7025,0.7025,0.7006,0.6468,0.6545	C088-CHA-C08-Mat	Den	109963	0.964
C088-CHA-C08#Mat#chr5	98780667	98849469	0.973	343	28	28	18	0.6087	0	55	0	0.6087	PASS	den	0.7762,0.7122,0.9433,0.7238,0.7209,0.7166,0.6788,0.6846,0.7195,0.6715,0.702,0.6788,0.7078,0.7267,0.7267,0.6962,0.6977,0.7326,0.7398	C088-CHA-C08-Mat	Den	68802	0.973
C088-CHA-C08#Mat#chr5	102820025	102823435	0.815	33	5	5	2	0.7143	0	27	0	0.7143	PASS	den	0.8824,0.6176,0.9265,0.5588,0.4559,0.5,0.5,0.3971,0.5441,0.4853,0.5147,0.5441,0.5441,0.4853,0.6324,0.5,0.6471,0.6471,0.6471	C088-CHA-C08-Mat	Den	3410	0.815
C088-CHA-C08#Mat#chr5	115182008	115185553	0.556	43	4	4	0	1	0	35	0	1	PASS	den	0.7159,0.6932,1.0,0.6364,0.625,0.6477,0.5114,0.6136,0.6136,0.625,0.4886,0.6364,0.625,0.7159,0.7159,0.7159,0.4886,0.6023,0.6932	C088-CHA-C08-Mat	Den	3545	0.556
C088-CHA-C08#Mat#chr5	117088002	117098234	0.939	108	18	18	9	0.6667	0	15	0	0.6667	PASS	den	0.8624,0.6606,0.9128,0.5505,0.5826,0.5963,0.5596,0.5963,0.5963,0.5367,0.5138,0.5826,0.5872,0.7156,0.578,0.5917,0.7064,0.7339,0.711	C088-CHA-C08-Mat	Den	10232	0.939
C088-CHA-C08#Mat#chr5	121850441	121854480	0.798	64	6	6	8	0.4286	0	41	0	0.4286	PASS	den	0.7923,0.7462,0.8769,0.6077,0.6231,0.6923,0.6077,0.6692,0.6538,0.6231,0.6077,0.6154,0.6154,0.7231,0.7615,0.7846,0.6231,0.7692,0.7538	C088-CHA-C08-Mat	Den	4039	0.798
C088-CHA-C08#Mat#chr5	124222931	124298810	0.941	577	31	30	19	0.6122	1	142	0.007	0.5927	PASS	den	0.8775,0.7065,0.9536,0.6435,0.6506,0.6595,0.6244,0.6656,0.6513,0.6487,0.6573,0.6556,0.6343,0.6587,0.6589,0.6591,0.6886,0.7407,0.7406	C088-CHA-C08-Mat	Den	75879	0.941
C088-CHA-C08#Mat#chr5	134483001	134507717	0.89	90	20	20	14	0.5882	0	10	0	0.5882	PASS	den	0.533,0.544,0.8297,0.5385,0.5659,0.5385,0.5659,0.5385,0.544,0.5549,0.5549,0.533,0.5495,0.7473,0.7527,0.7418,0.7473,0.7527,0.7473	C088-CHA-C08-Mat	Den	24716	0.89
C088-CHA-C08#Mat#chr5	136649561	136656962	0.96	149	45	43	48	0.4725	11	117	0.0859	0.3938	PASS	den	0.461,0.3215,0.5048,0.1954,0.2201,0.2108,0.206,0.2071,0.1999,0.2094,0.2061,0.1982,0.2121,0.204,0.2067,0.2015,0.2066,0.2044,0.2026	C088-CHA-C08-Mat	Den	7401	0.96
C088-CHA-C08#Mat#chr5	160854816	160866123	0.895	73	6	6	9	0.4	0	14	0	0.4	PASS	den	0.6689,0.6959,0.7905,0.723,0.7365,0.7027,0.7365,0.75,0.6959,0.7297,0.7297,0.7162,0.7297,0.723,0.7027,0.7297,0.7095,0.7095,0.8446	C088-CHA-C08-Mat	Den	11307	0.895
C088-CHA-C08#Mat#chr5	170740023	170753527	0.85	98	8	8	12	0.4	0	15	0	0.4	PASS	den	0.7879,0.596,0.8485,0.5354,0.5101,0.5051,0.5253,0.5303,0.5303,0.4747,0.4747,0.5404,0.5808,0.5253,0.5152,0.5354,0.5,0.5101,0.5152	C088-CHA-C08-Mat	Den	13504	0.85
C088-CHA-C08#Mat#chr6	7420491	7443702	0.904	94	6	6	7	0.4615	0	26	0	0.4615	PASS	den	0.6632,0.6316,0.9158,0.6421,0.7263,0.6368,0.7,0.6579,0.6,0.6526,0.6632,0.6737,0.6474,0.6474,0.7684,0.6474,0.7842,0.7789,0.7895	C088-CHA-C08-Mat	Den	23211	0.904
C088-CHA-C08#Mat#chr6	32678245	32679333	0.894	174	8	8	1	0.8889	0	174	0	0.8889	PASS	den	0.8829,0.7229,0.9914,0.5743,0.5686,0.5029,0.5629,0.54,0.54,0.56,0.4914,0.5771,0.5457,0.5314,0.56,0.5171,0.56,0.48,0.5771	C088-CHA-C08-Mat	Den	1088	0.894
C088-CHA-C08#Mat#chr6	51381057	51390902	0.864	49	9	9	3	0.75	0	7	0	0.75	PASS	den	0.65,0.57,0.8,0.55,0.57,0.58,0.57,0.57,0.53,0.56,0.59,0.59,0.54,0.55,0.57,0.56,0.57,0.55,0.56	C088-CHA-C08-Mat	Den	9845	0.864
C088-CHA-C08#Mat#chr6	97306772	97332078	0.945	156	10	10	44	0.1852	0	57	0	0.1852	PASS	den	0.6783,0.6401,0.7197,0.5541,0.5828,0.6051,0.5701,0.5764,0.5541,0.5573,0.5732,0.5669,0.551,0.5637,0.586,0.5764,0.7293,0.5701,0.5637	C088-CHA-C08-Mat	Den	25306	0.945
C088-CHA-C08#Mat#chr6	97427725	97468114	0.939	227	33	31	18	0.6327	2	57	0.0339	0.5964	PASS	den	0.7179,0.6277,0.8063,0.5952,0.6134,0.6195,0.6394,0.6473,0.6294,0.6406,0.6106,0.605,0.6254,0.6416,0.6046,0.6312,0.7607,0.6423,0.6396	C088-CHA-C08-Mat	Den	40389	0.939
C088-CHA-C08#Mat#chr6	118307534	118328217	0.921	141	8	8	11	0.4211	0	80	0	0.4211	PASS	den	0.8732,0.7289,0.919,0.6866,0.7007,0.6972,0.6796,0.7254,0.6725,0.581,0.5915,0.7077,0.6197,0.5986,0.6056,0.7711,0.6761,0.7394,0.75	C088-CHA-C08-Mat	Den	20683	0.921
C088-CHA-C08#Mat#chr6	145585727	145594318	0.762	58	7	7	3	0.7	0	19	0	0.7	PASS	den	0.8814,0.7034,0.9407,0.6271,0.678,0.678,0.678,0.6525,0.678,0.6271,0.6441,0.6695,0.678,0.6864,0.7288,0.7288,0.7373,0.678,0.7373	C088-CHA-C08-Mat	Den	8591	0.762
C088-CHA-C08#Mat#chr6	157832589	157865172	0.955	210	14	14	4	0.7778	0	38	0	0.7778	PASS	den	0.8744,0.6611,0.9692,0.6517,0.6374,0.6659,0.6422,0.6517,0.6422,0.6327,0.6374,0.6517,0.6398,0.6777,0.6161,0.6754,0.6445,0.5995,0.6611	C088-CHA-C08-Mat	Den	32583	0.955
C088-CHA-C08#Mat#chr6	169254630	169262220	0.926	91	8	8	20	0.2857	0	19	0	0.2857	PASS	den	0.7391,0.6359,0.7826,0.5543,0.5598,0.6304,0.5761,0.6033,0.587,0.5815,0.5815,0.5815,0.5815,0.5761,0.5761,0.587,0.5815,0.7554,0.6957	C088-CHA-C08-Mat	Den	7590	0.926
C088-CHA-C08#Mat#chr6	172142409	172198376	0.973	372	50	48	30	0.6154	2	82	0.0238	0.5917	PASS	den	0.7893,0.7493,0.8988,0.6362,0.6402,0.6456,0.6452,0.6448,0.6481,0.6246,0.6253,0.6391,0.6384,0.6459,0.6395,0.6419,0.6743,0.6651,0.6158	C088-CHA-C08-Mat	Den	55967	0.973
C088-CHA-C08#Mat#chr8	2281917	2283954	0.825	34	8	8	2	0.8	0	31	0	0.8	PASS	den	0.8857,0.6286,0.9429,0.3714,0.3571,0.3857,0.3714,0.4429,0.3429,0.3857,0.3714,0.3714,0.3857,0.3714,0.3571,0.3714,0.4286,0.3571,0.3714	C088-CHA-C08-Mat	Den	2037	0.825
C088-CHA-C08#Mat#chr8	7568643	7572287	0.681	54	4	4	4	0.5	0	45	0	0.5	PASS	den	0.8273,0.7182,0.9091,0.6,0.6909,0.5545,0.6273,0.7091,0.6455,0.6273,0.5545,0.6909,0.6909,0.7364,0.7182,0.7273,0.6091,0.7182,0.7182	C088-CHA-C08-Mat	Den	3644	0.681
C088-CHA-C08#Mat#chr8	16285765	16288207	0.881	53	8	8	0	1	0	51	0	1	PASS	den	0.9259,0.8056,1.0,0.6389,0.6574,0.6574,0.6389,0.6204,0.6852,0.6204,0.6111,0.6296,0.6019,0.7963,0.7685,0.8056,0.787,0.8056,0.8056	C088-CHA-C08-Mat	Den	2442	0.881
C088-CHA-C08#Mat#chr8	31484855	31501871	0.933	107	9	9	13	0.4091	0	42	0	0.4091	PASS	den	0.787,0.6898,0.8287,0.6713,0.6713,0.6944,0.662,0.6991,0.7037,0.6435,0.6713,0.6667,0.6944,0.7731,0.6898,0.6944,0.6944,0.6898,0.6898	C088-CHA-C08-Mat	Den	17016	0.933
C088-CHA-C08#Mat#chr8	33496188	33526986	0.955	165	24	24	42	0.3636	0	41	0	0.3636	PASS	den	0.7018,0.6958,0.741,0.6235,0.6536,0.6506,0.6386,0.6386,0.6265,0.6175,0.6386,0.6416,0.6506,0.7651,0.6446,0.6416,0.6325,0.8012,0.6386	C088-CHA-C08-Mat	Den	30798	0.955
C088-CHA-C08#Mat#chr8	38230453	38237857	0.913	75	25	25	7	0.7812	0	5	0	0.7812	PASS	den	0.8289,0.6118,0.8947,0.3882,0.3816,0.4605,0.4408,0.4868,0.4605,0.3684,0.4013,0.4013,0.4079,0.6711,0.6513,0.6711,0.6711,0.6711,0.3882	C088-CHA-C08-Mat	Den	7404	0.913
C088-CHA-C08#Mat#chr8	62092626	62118494	0.922	179	51	51	19	0.7286	0	24	0	0.7286	PASS	den	0.5556,0.4861,0.8833,0.4972,0.4861,0.4861,0.5056,0.4361,0.4639,0.4361,0.475,0.4833,0.4306,0.6917,0.5056,0.475,0.4778,0.4778,0.4722	C088-CHA-C08-Mat	Den	25868	0.922
C088-CHA-C08#Mat#chr8	74149140	74162741	0.615	74	9	3	14	0.1765	6	13	0.3158	0.2693	PASS	den	0.562,0.5504,0.6556,0.5964,0.6099,0.5308,0.5575,0.577,0.5667,0.5699,0.5336,0.549,0.5124,0.5846,0.5215,0.6287,0.5533,0.5388,0.6253	C088-CHA-C08-Mat	Den	13601	0.615
C088-CHA-C08#Mat#chr8	82238400	82252086	0.943	118	8	8	7	0.5333	0	23	0	0.5333	PASS	den	0.8403,0.5714,0.9328,0.5042,0.6218,0.5168,0.5588,0.6345,0.6092,0.521,0.542,0.6092,0.6261,0.5336,0.5504,0.5378,0.6261,0.5378,0.5294	C088-CHA-C08-Mat	Den	13686	0.943
C088-CHA-C08#Mat#chr8	82667419	82693931	0.904	168	21	21	12	0.6364	0	21	0	0.6364	PASS	den	0.7515,0.6391,0.9201,0.6213,0.5799,0.5917,0.6095,0.6243,0.6272,0.5858,0.5947,0.6006,0.5917,0.6006,0.7692,0.7663,0.7692,0.7663,0.7544	C088-CHA-C08-Mat	Den	26512	0.904
C088-CHA-C08#Mat#chr8	87539620	87560173	0.922	98	13	5	4	0.5556	8	62	0.1143	0.284	PASS	den	0.6551,0.658,0.8192,0.5369,0.5801,0.5795,0.5717,0.5896,0.5585,0.5878,0.5933,0.5603,0.5676,0.5251,0.4961,0.6459,0.622,0.6566,0.6138	C088-CHA-C08-Mat	Den	20553	0.922
C088-CHA-C08#Mat#chr8	108775283	108787822	0.841	74	5	5	9	0.3571	0	17	0	0.3571	PASS	den	0.7467,0.6733,0.8733,0.7067,0.7,0.6533,0.6133,0.64,0.6733,0.6333,0.7,0.6133,0.6533,0.7267,0.76,0.7733,0.78,0.7267,0.78	C088-CHA-C08-Mat	Den	12539	0.841
C088-CHA-C08#Mat#chr8	108810970	108824140	0.836	64	5	5	4	0.5556	0	6	0	0.5556	PASS	den	0.8462,0.6769,0.9231,0.5769,0.5769,0.5154,0.5615,0.6154,0.5615,0.5769,0.5769,0.5462,0.5385,0.7154,0.7385,0.7538,0.7462,0.7154,0.7385	C088-CHA-C08-Mat	Den	13170	0.836
C088-CHA-C08#Mat#chr8	116176369	116214341	0.834	211	11	11	41	0.2115	0	62	0	0.2115	PASS	den	0.6722,0.6321,0.7995,0.5401,0.5519,0.5566,0.533,0.5708,0.5991,0.5566,0.5778,0.5637,0.5731,0.5637,0.5613,0.5943,0.5849,0.5495,0.5873	C088-CHA-C08-Mat	Den	37972	0.834
C088-CHA-C08#Mat#chr8	119116710	119121962	0.909	64	7	7	0	1	0	48	0	1	PASS	den	0.9308,0.6846,0.9846,0.5923,0.5615,0.6385,0.5692,0.6308,0.6,0.6308,0.4923,0.6231,0.6154,0.5769,0.7077,0.7077,0.7077,0.6923,0.7	C088-CHA-C08-Mat	Den	5252	0.909
C088-CHA-C08#Mat#chr8	128408199	128431347	0.753	187	7	7	7	0.5	0	31	0	0.5	PASS	den	0.7154,0.641,0.9601,0.6782,0.6862,0.6941,0.7021,0.6755,0.7154,0.7154,0.6277,0.7021,0.7101,0.6968,0.6782,0.6862,0.6037,0.6037,0.5984	C088-CHA-C08-Mat	Den	23148	0.753
C088-CHA-C08#Mat#chr8	128920826	128983200	0.983	369	43	43	12	0.7818	0	56	0	0.7818	PASS	den	0.7757,0.6703,0.9595,0.6622,0.6568,0.6432,0.6378,0.6324,0.6203,0.6122,0.6135,0.6297,0.6541,0.6432,0.6486,0.6622,0.6365,0.6784,0.6716	C088-CHA-C08-Mat	Den	62374	0.983
C088-CHA-C08#Mat#chr7	577437	587202	0.898	59	8	8	6	0.5714	0	16	0	0.5714	PASS	den	0.7797,0.6864,0.8898,0.6102,0.6017,0.5847,0.6017,0.5763,0.5678,0.5932,0.5763,0.6271,0.5508,0.7034,0.7458,0.7119,0.6695,0.7203,0.6356	C088-CHA-C08-Mat	Den	9765	0.898
C088-CHA-C08#Mat#chr7	3232518	3233826	0.718	22	4	4	5	0.4444	0	8	0	0.4444	PASS	den	0.6957,0.4783,0.7826,0.4783,0.4783,0.3913,0.5217,0.5435,0.4565,0.5217,0.4348,0.5,0.5435,0.4565,0.5652,0.6087,0.587,0.5217,0.6087	C088-CHA-C08-Mat	Den	1308	0.718
C088-CHA-C08#Mat#chr7	7271251	7287219	0.914	141	9	7	26	0.2121	2	47	0.0408	0.1741	PASS	den	0.593,0.6536,0.7073,0.6612,0.6692,0.655,0.6419,0.6389,0.6623,0.6585,0.6466,0.6319,0.6483,0.6429,0.6459,0.6315,0.6547,0.7471,0.7478	C088-CHA-C08-Mat	Den	15968	0.914
C088-CHA-C08#Mat#chr7	78168128	78281965	0.943	566	27	26	39	0.4	1	412	0.0024	0.3853	PASS	den	0.8679,0.7744,0.9215,0.6601,0.6596,0.678,0.6523,0.6675,0.6689,0.6698,0.6824,0.6681,0.6644,0.7779,0.767,0.7783,0.7973,0.7968,0.6923	C088-CHA-C08-Mat	Den	113837	0.943
C088-CHA-C08#Mat#chr7	95260277	95276953	0.918	80	11	11	10	0.5238	0	22	0	0.5238	PASS	den	0.7037,0.6852,0.8704,0.6605,0.679,0.6235,0.6605,0.7037,0.6543,0.6481,0.6728,0.679,0.6852,0.6914,0.6728,0.6914,0.6852,0.679,0.679	C088-CHA-C08-Mat	Den	16676	0.918
C088-CHA-C08#Mat#chr7	99620307	99724283	0.979	522	49	49	58	0.4579	0	100	0	0.4579	PASS	den	0.7696,0.7122,0.8881,0.6702,0.6816,0.6788,0.6711,0.6855,0.6826,0.6836,0.6989,0.6864,0.673,0.6979,0.7189,0.6893,0.7801,0.7906,0.8098	C088-CHA-C08-Mat	Den	103976	0.979
C088-CHA-C08#Mat#chr7	100943935	100948790	0.853	46	5	5	3	0.625	0	35	0	0.625	PASS	den	0.8617,0.7979,0.9362,0.6596,0.7021,0.6702,0.6489,0.6489,0.7021,0.6383,0.6596,0.6915,0.7128,0.8085,0.7872,0.8085,0.766,0.7234,0.6809	C088-CHA-C08-Mat	Den	4855	0.853
C088-CHA-C08#Mat#chr7	127152016	127279038	0.957	913	42	42	8	0.84	0	237	0	0.84	PASS	den	0.6477,0.5968,0.9798,0.6783,0.6466,0.6658,0.6833,0.7084,0.628,0.6827,0.686,0.7002,0.6608,0.6822,0.698,0.6034,0.5979,0.6947,0.5974	C088-CHA-C08-Mat	Den	127022	0.957
C088-CHA-C08#Mat#chr7	147102872	147105630	0.525	40	4	4	2	0.6667	0	30	0	0.6667	PASS	den	0.9024,0.7805,0.9512,0.6098,0.7439,0.622,0.6341,0.6585,0.6341,0.6585,0.5976,0.5854,0.6707,0.6463,0.6463,0.6463,0.7927,0.7805,0.7927	C088-CHA-C08-Mat	Den	2758	0.525
C088-CHA-C08#Mat#chr9	1577287	1579728	0.642	49	4	4	2	0.6667	0	24	0	0.6667	PASS	den	0.8776,0.7959,0.949,0.6735,0.7449,0.6429,0.6837,0.7551,0.7041,0.7347,0.6735,0.6531,0.7245,0.7347,0.6327,0.8061,0.7347,0.6429,0.6327	C088-CHA-C08-Mat	Den	2441	0.642
C088-CHA-C08#Mat#chr9	15784669	15796874	0.709	95	6	6	12	0.3333	0	36	0	0.3333	PASS	den	0.8125,0.6042,0.8698,0.5469,0.5833,0.5521,0.6094,0.6094,0.599,0.6146,0.5625,0.6094,0.5521,0.7031,0.7031,0.7031,0.7031,0.5469,0.5365	C088-CHA-C08-Mat	Den	12205	0.709
C088-CHA-C08#Mat#chr9	26263837	26272187	0.927	94	10	10	6	0.625	0	79	0	0.625	PASS	den	0.8895,0.8211,0.9368,0.6842,0.6947,0.6737,0.7211,0.7105,0.7211,0.7053,0.7316,0.7211,0.7316,0.7105,0.8,0.7947,0.7211,0.7158,0.7263	C088-CHA-C08-Mat	Den	8350	0.927
C088-CHA-C08#Mat#chr9	28653006	28657529	0.895	64	7	7	7	0.5	0	52	0	0.5	PASS	den	0.7462,0.7385,0.8308,0.6077,0.6154,0.6077,0.5846,0.5846,0.5538,0.6,0.5615,0.6,0.5846,0.6231,0.6,0.6231,0.6,0.6154,0.6	C088-CHA-C08-Mat	Den	4523	0.895
C088-CHA-C08#Mat#chr9	28678916	28679530	0.526	7	3	3	0	1	0	3	0	1	PASS	den	0.625,0.5,0.8125,0.5,0.4375,0.5,0.4375,0.5,0.5,0.5,0.4375,0.5,0.5,0.4375,0.5,0.4375,0.5,0.4375,0.375	C088-CHA-C08-Mat	Den	614	0.526
C088-CHA-C08#Mat#chr9	32245587	32251436	0.873	66	5	5	5	0.5	0	61	0	0.5	PASS	den	0.8731,0.7985,0.9254,0.7612,0.7463,0.7313,0.709,0.7537,0.7313,0.6716,0.7239,0.7537,0.7463,0.7612,0.8433,0.806,0.8284,0.8358,0.8284	C088-CHA-C08-Mat	Den	5849	0.873
C088-CHA-C08#Mat#chr9	79620880	79621513	0.504	4	2	2	0	1	0	4	0	1	PASS	den	0.4,0.4,1.0,0.2,0.4,0.2,0.3,0.3,0.4,0.2,0.2,0.3,0.3,0.3,0.3,0.3,0.3,0.3,0.2	C088-CHA-C08-Mat	Den	633	0.504
C088-CHA-C08#Mat#chr9	86216216	86233989	0.974	257	36	36	47	0.4337	0	151	0	0.4337	PASS	den	0.7364,0.5872,0.8178,0.5213,0.4903,0.5116,0.5174,0.5097,0.4942,0.4961,0.4593,0.4961,0.5039,0.688,0.6977,0.6996,0.6008,0.5329,0.688	C088-CHA-C08-Mat	Den	17773	0.974
C088-CHA-C08#Mat#chr9	88004123	88012807	0.706	55	4	4	8	0.3333	0	38	0	0.3333	PASS	den	0.7321,0.6161,0.8571,0.5714,0.6071,0.5625,0.6071,0.5804,0.6071,0.6071,0.5179,0.5714,0.5893,0.6339,0.6607,0.5625,0.4732,0.4911,0.4821	C088-CHA-C08-Mat	Den	8684	0.706
C088-CHA-C08#Mat#chr9	94314188	94318316	0.689	45	4	4	4	0.5	0	42	0	0.5	PASS	den	0.8043,0.8152,0.913,0.6739,0.5543,0.587,0.5435,0.6739,0.5652,0.5652,0.6957,0.5652,0.5543,0.5435,0.5543,0.8261,0.6522,0.8152,0.8261	C088-CHA-C08-Mat	Den	4128	0.689
C088-CHA-C08#Mat#chr9	106067023	106101742	0.947	186	16	16	10	0.6154	0	43	0	0.6154	PASS	den	0.893,0.7861,0.9385,0.7032,0.6898,0.7112,0.7059,0.6845,0.7166,0.6604,0.6738,0.6925,0.6684,0.7888,0.7059,0.7139,0.7032,0.7701,0.7701	C088-CHA-C08-Mat	Den	34719	0.947
C088-CHA-C08#Mat#chr9	106345098	106372834	0.947	129	13	13	24	0.3514	0	44	0	0.3514	PASS	den	0.6462,0.6154,0.8154,0.6115,0.6192,0.6115,0.5885,0.6385,0.6,0.6,0.6154,0.6192,0.6231,0.7808,0.7846,0.7423,0.6192,0.6038,0.6154	C088-CHA-C08-Mat	Den	27736	0.947
C088-CHA-C08#Mat#chr9	107945713	107957291	0.754	69	5	5	6	0.4545	0	18	0	0.4545	PASS	den	0.8643,0.7,0.9143,0.5929,0.6,0.5857,0.5571,0.65,0.5786,0.6071,0.5857,0.6429,0.5786,0.6571,0.6,0.6357,0.5786,0.5857,0.7	C088-CHA-C08-Mat	Den	11578	0.754
C088-CHA-C08#Mat#chr9	108014126	108145568	0.951	641	91	91	52	0.6364	0	223	0	0.6364	PASS	den	0.817,0.7889,0.9174,0.6316,0.6589,0.6207,0.6324,0.6207,0.6667,0.6121,0.6153,0.6238,0.6526,0.6643,0.6713,0.6643,0.6347,0.6269,0.6316	C088-CHA-C08-Mat	Den	131442	0.951
C088-CHA-C08#Mat#chr9	110335318	110343539	0.884	72	14	14	13	0.5185	0	23	0	0.5185	PASS	den	0.4521,0.4178,0.8151,0.3699,0.3288,0.3493,0.3425,0.3288,0.3493,0.3493,0.3425,0.3425,0.4452,0.3425,0.3493,0.3425,0.5822,0.3493,0.5479	C088-CHA-C08-Mat	Den	8221	0.884
C088-CHA-C08#Mat#chr9	111645846	111649858	0.769	38	4	4	1	0.8	0	35	0	0.8	PASS	den	0.8974,0.8333,0.9744,0.7308,0.7564,0.7436,0.7436,0.7308,0.7436,0.6795,0.7051,0.7051,0.7051,0.8077,0.6667,0.8077,0.6923,0.7179,0.7436	C088-CHA-C08-Mat	Den	4012	0.769
C088-CHA-C08#Mat#chr9	125232373	125245988	0.865	98	13	7	15	0.3182	7	16	0.3043	0.3113	PASS	den	0.672,0.693,0.7131,0.5728,0.5654,0.5654,0.5594,0.5411,0.5518,0.589,0.5797,0.5388,0.5698,0.6439,0.6008,0.6134,0.5786,0.5494,0.5794	C088-CHA-C08-Mat	Den	13615	0.865
C088-CHA-C08#Mat#chr10	15284950	15296307	0.907	87	6	6	7	0.4615	0	30	0	0.4615	PASS	den	0.7273,0.7443,0.9148,0.6591,0.6989,0.6875,0.6932,0.7102,0.6875,0.6989,0.6818,0.6818,0.6932,0.7045,0.8068,0.6989,0.7727,0.8125,0.8125	C088-CHA-C08-Mat	Den	11357	0.907
C088-CHA-C08#Mat#chr10	44630271	44657424	0.774	206	8	8	24	0.25	0	83	0	0.25	PASS	den	0.7343,0.686,0.8696,0.6014,0.657,0.6184,0.6425,0.6498,0.6546,0.657,0.6329,0.6425,0.6232,0.7609,0.6087,0.6643,0.7222,0.7246,0.7681	C088-CHA-C08-Mat	Den	27153	0.774
C088-CHA-C08#Mat#chr10	44895516	44932189	0.776	165	8	8	15	0.3478	0	35	0	0.3478	PASS	den	0.8072,0.753,0.9066,0.744,0.7229,0.7259,0.747,0.741,0.741,0.75,0.753,0.7229,0.738,0.744,0.75,0.7169,0.7229,0.759,0.756	C088-CHA-C08-Mat	Den	36673	0.776
C088-CHA-C08#Mat#chr10	44959440	44995400	0.942	177	11	11	20	0.3548	0	45	0	0.3548	PASS	den	0.7809,0.7444,0.8876,0.7331,0.6966,0.7444,0.7331,0.7444,0.7247,0.7388,0.7303,0.7388,0.736,0.7472,0.7444,0.7331,0.7022,0.7275,0.7219	C088-CHA-C08-Mat	Den	35960	0.942
C088-CHA-C08#Mat#chr10	47920137	47922738	0.647	38	11	1	1	0.5	10	25	0.2857	0.3052	PASS	den	0.6157,0.7983,0.7007,0.3379,0.2856,0.3165,0.2812,0.2876,0.2942,0.4721,0.3906,0.2723,0.2924,0.4712,0.3433,0.3424,0.6804,0.5736,0.6159	C088-CHA-C08-Mat	Den	2601	0.647
C088-CHA-C08#Mat#chr10	48966577	48983540	0.935	106	9	9	8	0.5294	0	14	0	0.5294	PASS	den	0.7196,0.6355,0.9252,0.6121,0.5981,0.6075,0.6215,0.6402,0.6402,0.6355,0.6121,0.6308,0.6636,0.6308,0.6589,0.7336,0.7804,0.7757,0.6028	C088-CHA-C08-Mat	Den	16963	0.935
C088-CHA-C08#Mat#chr10	52425476	52554309	0.956	750	81	81	48	0.6279	0	459	0	0.6279	PASS	den	0.8182,0.6931,0.8948,0.5679,0.5972,0.5852,0.5885,0.6025,0.5659,0.5859,0.5826,0.5766,0.5686,0.7377,0.7204,0.7277,0.5925,0.6152,0.6205	C088-CHA-C08-Mat	Den	128833	0.956
C088-CHA-C08#Mat#chr10	61496305	61647119	0.985	903	60	60	34	0.6383	0	216	0	0.6383	PASS	den	0.8662,0.6399,0.9563,0.6007,0.5487,0.5902,0.5747,0.5868,0.5835,0.5951,0.5631,0.6206,0.5985,0.5913,0.5531,0.6012,0.5713,0.578,0.6239	C088-CHA-C08-Mat	Den	150814	0.985
C088-CHA-C08#Mat#chr10	90924238	90975622	0.974	240	46	45	28	0.6164	1	54	0.0182	0.6034	PASS	den	0.671,0.6161,0.8731,0.6096,0.5942,0.5958,0.5985,0.5899,0.5974,0.5819,0.5839,0.5733,0.6096,0.5986,0.7406,0.6229,0.5986,0.599,0.753	C088-CHA-C08-Mat	Den	51384	0.974
C088-CHA-C08#Mat#chr10	109087156	109098301	0.942	128	11	11	13	0.4583	0	18	0	0.4583	PASS	den	0.655,0.6163,0.8992,0.5775,0.6047,0.6008,0.6085,0.6047,0.5853,0.6008,0.6085,0.6163,0.6395,0.7984,0.6163,0.7674,0.6163,0.6124,0.6124	C088-CHA-C08-Mat	Den	11145	0.942
C088-CHA-C08#Mat#chr10	114741190	114785633	0.961	194	24	24	1	0.96	0	34	0	0.96	PASS	den	0.7744,0.7,0.9846,0.6385,0.6385,0.6538,0.641,0.6744,0.6564,0.6744,0.6667,0.6308,0.6359,0.6692,0.659,0.6308,0.6513,0.6282,0.641	C088-CHA-C08-Mat	Den	44443	0.961
C088-CHA-C08#Mat#chr10	120922604	120960524	0.963	244	13	13	18	0.4194	0	80	0	0.4194	PASS	den	0.7837,0.7143,0.9245,0.6918,0.6878,0.6857,0.6959,0.6816,0.7041,0.6816,0.6735,0.6959,0.649,0.8061,0.8082,0.7898,0.6714,0.702,0.6857	C088-CHA-C08-Mat	Den	37920	0.963
C088-CHA-C08#Mat#chr10	122878815	122893267	0.909	121	7	7	7	0.5	0	24	0	0.5	PASS	den	0.7787,0.627,0.9344,0.4836,0.5779,0.5369,0.5615,0.5533,0.4877,0.582,0.4959,0.5205,0.5287,0.4918,0.4918,0.5533,0.5738,0.4918,0.4836	C088-CHA-C08-Mat	Den	14452	0.909
C088-CHA-C08#Mat#chr12	595410	692759	0.872	658	39	37	27	0.5781	2	177	0.0112	0.5491	PASS	den	0.8124,0.6873,0.9102,0.621,0.6178,0.6479,0.6484,0.6502,0.6448,0.6369,0.6083,0.6419,0.6434,0.6291,0.6277,0.654,0.5882,0.5933,0.6533	C088-CHA-C08-Mat	Den	97349	0.872
C088-CHA-C08#Mat#chr12	10931511	10945321	0.949	119	48	48	18	0.7273	0	33	0	0.7273	PASS	den	0.8,0.5458,0.8417,0.3583,0.3708,0.3458,0.3583,0.3625,0.3583,0.3792,0.35,0.3542,0.3667,0.6292,0.65,0.625,0.65,0.6167,0.65	C088-CHA-C08-Mat	Den	13810	0.949
C088-CHA-C08#Mat#chr12	20698507	20710706	0.941	100	37	36	7	0.8372	1	29	0.0333	0.8155	PASS	den	0.501,0.5122,0.9095,0.5027,0.5235,0.4819,0.5063,0.4872,0.4725,0.5,0.4754,0.5092,0.4858,0.7076,0.7215,0.7123,0.7026,0.7261,0.7149	C088-CHA-C08-Mat	Den	12199	0.941
C088-CHA-C08#Mat#chr12	22819644	22849713	0.833	129	12	11	22	0.3333	1	24	0.04	0.3089	PASS	den	0.7416,0.6484,0.7989,0.588,0.6126,0.6101,0.6104,0.6057,0.5795,0.5935,0.5791,0.6031,0.6005,0.6184,0.6145,0.6181,0.615,0.6069,0.6091	C088-CHA-C08-Mat	Den	30069	0.833
C088-CHA-C08#Mat#chr12	48520545	48522948	0.877	48	22	22	6	0.7857	0	25	0	0.7857	PASS	den	0.7041,0.4592,0.8776,0.2449,0.1735,0.1939,0.1939,0.1327,0.1837,0.1939,0.1837,0.1837,0.1939,0.2143,0.1939,0.1939,0.1837,0.1837,0.1531	C088-CHA-C08-Mat	Den	2403	0.877
C088-CHA-C08#Mat#chr12	54417973	54435146	0.948	128	16	16	12	0.5714	0	24	0	0.5714	PASS	den	0.8101,0.7519,0.9031,0.6047,0.593,0.6163,0.5698,0.5814,0.6395,0.5736,0.6085,0.5698,0.6124,0.7171,0.7248,0.6395,0.6357,0.624,0.7209	C088-CHA-C08-Mat	Den	17173	0.948
C088-CHA-C08#Mat#chr12	63194169	63195050	0.585	11	3	3	0	1	0	9	0	1	PASS	den	0.7083,0.75,1.0,0.5417,0.5417,0.5417,0.5417,0.5417,0.4583,0.5417,0.625,0.5417,0.5,0.7083,0.75,0.7083,0.7083,0.7083,0.6667	C088-CHA-C08-Mat	Den	881	0.585
C088-CHA-C08#Mat#chr12	76882358	76895697	0.905	78	8	8	10	0.4444	0	19	0	0.4444	PASS	den	0.6835,0.6139,0.8734,0.5823,0.6835,0.6203,0.6519,0.6392,0.6329,0.6329,0.6266,0.6646,0.6266,0.7785,0.7785,0.6582,0.6139,0.6076,0.6013	C088-CHA-C08-Mat	Den	13339	0.905
C088-CHA-C08#Mat#chr12	79074945	79086595	0.692	133	6	6	2	0.75	0	85	0	0.75	PASS	den	0.9291,0.7351,0.9776,0.6567,0.6418,0.6903,0.653,0.6455,0.6604,0.6866,0.6716,0.6604,0.7127,0.7239,0.6866,0.7463,0.7201,0.7351,0.7388	C088-CHA-C08-Mat	Den	11650	0.692
C088-CHA-C08#Mat#chr12	82393780	82397137	0.85	54	7	7	1	0.875	0	53	0	0.875	PASS	den	0.9,0.7636,0.9636,0.6273,0.6,0.5727,0.5909,0.5818,0.5727,0.6909,0.6636,0.6818,0.5818,0.6091,0.6909,0.6455,0.7545,0.6364,0.6636	C088-CHA-C08-Mat	Den	3357	0.85
C088-CHA-C08#Mat#chr12	107891385	107901549	0.926	81	22	22	10	0.6875	0	14	0	0.6875	PASS	den	0.7134,0.4939,0.8659,0.5,0.4878,0.4634,0.5305,0.5244,0.4756,0.4878,0.4878,0.5061,0.5244,0.439,0.4878,0.4817,0.439,0.4329,0.4207	C088-CHA-C08-Mat	Den	10164	0.926
C088-CHA-C08#Mat#chr12	125210906	125219306	0.774	33	8	8	4	0.6667	0	12	0	0.6667	PASS	den	0.7941,0.5588,0.8824,0.3971,0.4118,0.3676,0.3676,0.3971,0.4853,0.5,0.5,0.4118,0.3971,0.5,0.4412,0.5147,0.5,0.5147,0.5	C088-CHA-C08-Mat	Den	8400	0.774
C088-CHA-C08#Mat#chr12	125266124	125392300	0.983	643	99	99	53	0.6513	0	202	0	0.6513	PASS	den	0.8207,0.618,0.9115,0.5303,0.5365,0.5256,0.5202,0.5326,0.573,0.5877,0.5707,0.5505,0.5194,0.5497,0.5334,0.5489,0.5411,0.5411,0.538	C088-CHA-C08-Mat	Den	126176	0.983
C088-CHA-C08#Mat#chr12	131285589	131304926	0.962	188	25	25	55	0.3125	0	61	0	0.3125	PASS	den	0.6349,0.5899,0.7063,0.5556,0.5635,0.5635,0.5397,0.5397,0.5079,0.5423,0.5238,0.5608,0.5185,0.5079,0.5556,0.5556,0.545,0.5079,0.5106	C088-CHA-C08-Mat	Den	19337	0.962
C088-CHA-C08#Mat#chr11	1746194	1749785	0.699	37	4	4	2	0.6667	0	27	0	0.6667	PASS	den	0.8378,0.6892,0.9459,0.5946,0.5676,0.5811,0.5541,0.6486,0.5811,0.5541,0.5541,0.5405,0.6216,0.7297,0.5946,0.7432,0.7432,0.7432,0.7297	C088-CHA-C08-Mat	Den	3591	0.699
C088-CHA-C08#Mat#chr11	4299126	4337918	0.973	527	79	5	43	0.1042	74	343	0.1775	0.1728	PASS	den	0.6309,0.7001,0.7084,0.3923,0.3467,0.2787,0.2216,0.3475,0.2762,0.207,0.3152,0.2433,0.3435,0.2046,0.3276,0.2991,0.4157,0.3562,0.5942	C088-CHA-C08-Mat	Den	38792	0.973
C088-CHA-C08#Mat#chr11	6044671	6055209	0.881	179	34	31	34	0.4769	3	120	0.0244	0.437	PASS	den	0.7456,0.6863,0.7999,0.4923,0.5092,0.4986,0.5014,0.5015,0.5064,0.4995,0.4899,0.5063,0.5205,0.6959,0.6924,0.7079,0.6843,0.7142,0.7188	C088-CHA-C08-Mat	Den	10538	0.881
C088-CHA-C08#Mat#chr11	15980727	15996456	0.91	67	8	8	7	0.5333	0	19	0	0.5333	PASS	den	0.5588,0.5,0.8824,0.5735,0.6029,0.5662,0.5735,0.5956,0.5662,0.5882,0.5662,0.5735,0.5735,0.5662,0.7206,0.7206,0.5588,0.5735,0.5809	C088-CHA-C08-Mat	Den	15729	0.91
C088-CHA-C08#Mat#chr11	39931119	39941861	0.942	175	16	16	36	0.3077	0	147	0	0.3077	PASS	den	0.75,0.7045,0.7955,0.6307,0.5994,0.6477,0.6023,0.6477,0.642,0.6023,0.6051,0.6193,0.6222,0.7528,0.6449,0.5881,0.7557,0.5881,0.7528	C088-CHA-C08-Mat	Den	10742	0.942
C088-CHA-C08#Mat#chr11	43147257	43151496	0.637	41	4	4	0	1	0	32	0	1	PASS	den	0.869,0.8095,1.0,0.7976,0.7262,0.7619,0.7619,0.7738,0.7857,0.75,0.75,0.6667,0.7024,0.7619,0.7381,0.75,0.7857,0.7857,0.7381	C088-CHA-C08-Mat	Den	4239	0.637
C088-CHA-C08#Mat#chr11	53645153	53650423	0.911	87	7	7	7	0.5	0	80	0	0.5	PASS	den	0.8466,0.8295,0.9205,0.7955,0.8068,0.7784,0.75,0.7386,0.7557,0.7443,0.7216,0.733,0.7841,0.8352,0.8352,0.8239,0.8409,0.8295,0.733	C088-CHA-C08-Mat	Den	5270	0.911
C088-CHA-C08#Mat#chr11	66271104	66285629	0.964	175	43	43	25	0.6324	0	99	0	0.6324	PASS	den	0.7443,0.642,0.8466,0.5568,0.5824,0.5625,0.571,0.5568,0.5739,0.5398,0.5426,0.5653,0.5483,0.5938,0.7273,0.5625,0.5597,0.5568,0.5682	C088-CHA-C08-Mat	Den	14525	0.964
C088-CHA-C08#Mat#chr11	70023695	70062306	0.967	423	25	25	47	0.3472	0	298	0	0.3472	PASS	den	0.809,0.7158,0.8809,0.6167,0.6285,0.6344,0.658,0.6085,0.6757,0.6285,0.6297,0.612,0.6026,0.7559,0.7087,0.6604,0.7547,0.7524,0.7535	C088-CHA-C08-Mat	Den	38611	0.967
C088-CHA-C08#Mat#chr11	76169182	76188253	0.691	99	5	5	19	0.2083	0	62	0	0.2083	PASS	den	0.765,0.73,0.81,0.665,0.675,0.645,0.745,0.625,0.75,0.69,0.61,0.74,0.69,0.79,0.79,0.645,0.71,0.78,0.79	C088-CHA-C08-Mat	Den	19071	0.691
C088-CHA-C08#Mat#chr11	79837230	79856250	0.906	164	8	8	10	0.4444	0	46	0	0.4444	PASS	den	0.7242,0.5939,0.9333,0.6242,0.5879,0.5848,0.603,0.5879,0.6424,0.6394,0.5909,0.5879,0.5848,0.6303,0.6273,0.5848,0.7242,0.6242,0.6182	C088-CHA-C08-Mat	Den	19020	0.906
C088-CHA-C08#Mat#chr11	90293813	90302323	0.886	98	7	7	20	0.2593	0	55	0	0.2593	PASS	den	0.7475,0.6414,0.7879,0.596,0.5808,0.596,0.5556,0.5606,0.5707,0.5758,0.5556,0.5505,0.5404,0.702,0.6717,0.5303,0.5606,0.7424,0.697	C088-CHA-C08-Mat	Den	8510	0.886
C088-CHA-C08#Mat#chr11	92566255	92572190	0.833	63	5	5	1	0.8333	0	36	0	0.8333	PASS	den	0.8672,0.7891,0.9766,0.7578,0.7578,0.7109,0.7578,0.7266,0.7266,0.7031,0.7578,0.7422,0.7422,0.7031,0.7656,0.8125,0.7109,0.7109,0.7109	C088-CHA-C08-Mat	Den	5935	0.833
C088-CHA-C08#Mat#chr11	98236257	98242061	0.909	94	8	8	6	0.5714	0	73	0	0.5714	PASS	den	0.7684,0.8,0.9316,0.7211,0.7053,0.7,0.7421,0.7211,0.7368,0.7053,0.7421,0.7105,0.6421,0.6053,0.7947,0.6526,0.7211,0.6947,0.6789	C088-CHA-C08-Mat	Den	5804	0.909
C088-CHA-C08#Mat#chr11	121875943	121881317	0.838	55	5	5	18	0.2174	0	13	0	0.2174	PASS	den	0.5536,0.5536,0.5982,0.5446,0.5625,0.5804,0.5625,0.5625,0.5536,0.5179,0.5714,0.5714,0.5804,0.5446,0.7857,0.5804,0.5714,0.5714,0.5714	C088-CHA-C08-Mat	Den	5374	0.838
C088-CHA-C08#Mat#chr11	130742600	130758226	0.947	115	19	19	26	0.4222	0	17	0	0.4222	PASS	den	0.7026,0.625,0.7759,0.5819,0.5991,0.6078,0.5991,0.5819,0.5991,0.6034,0.5862,0.5819,0.5862,0.7241,0.7457,0.7241,0.5862,0.5905,0.5862	C088-CHA-C08-Mat	Den	15626	0.947
C088-CHA-C08#Mat#chr13	32506503	32527571	0.922	85	12	12	6	0.6667	0	12	0	0.6667	PASS	den	0.7267,0.6163,0.8372,0.564,0.5698,0.5581,0.5698,0.5756,0.5814,0.5698,0.5814,0.5698,0.564,0.5698,0.5698,0.7384,0.5756,0.5698,0.564	C088-CHA-C08-Mat	Den	21068	0.922
C088-CHA-C08#Mat#chr13	36916869	36931406	0.96	176	37	37	55	0.4022	0	109	0	0.4022	PASS	den	0.6243,0.5282,0.6695,0.3446,0.3107,0.3164,0.3164,0.3136,0.3333,0.3249,0.3192,0.3079,0.3164,0.6215,0.3192,0.6384,0.6158,0.6158,0.6186	C088-CHA-C08-Mat	Den	14537	0.96
C088-CHA-C08#Mat#chr13	39643353	39674082	0.892	132	17	16	15	0.5161	1	36	0.027	0.4874	PASS	den	0.6904,0.5986,0.8604,0.5735,0.5733,0.5989,0.5739,0.5648,0.5726,0.566,0.5576,0.5679,0.5872,0.5723,0.7326,0.5804,0.5832,0.5704,0.5634	C088-CHA-C08-Mat	Den	30729	0.892
C088-CHA-C08#Mat#chr13	97608078	97614677	0.871	52	7	7	1	0.875	0	8	0	0.875	PASS	den	0.8113,0.7642,0.9811,0.7547,0.7264,0.7358,0.717,0.6887,0.7075,0.7736,0.6887,0.7453,0.6981,0.717,0.717,0.717,0.8302,0.7264,0.8396	C088-CHA-C08-Mat	Den	6599	0.871
C088-CHA-C08#Mat#chr13	102387314	102402602	0.903	132	15	9	13	0.4091	7	16	0.3043	0.3633	PASS	den	0.6612,0.7116,0.7279,0.5767,0.5938,0.6273,0.5558,0.6064,0.5847,0.5725,0.6011,0.5856,0.5801,0.5739,0.5914,0.6218,0.6217,0.6194,0.6103	C088-CHA-C08-Mat	Den	15288	0.903
C088-CHA-C08#Mat#chr14	13188959	13197773	0.915	84	9	9	5	0.6429	0	27	0	0.6429	PASS	den	0.6412,0.5588,0.8118,0.5529,0.5118,0.5294,0.5,0.5706,0.4941,0.5765,0.5647,0.5882,0.5765,0.5882,0.4941,0.5706,0.4765,0.5059,0.4941	C088-CHA-C08-Mat	Den	8814	0.915
C088-CHA-C08#Mat#chr14	13316833	13323448	0.849	51	5	5	0	1	0	48	0	1	PASS	den	0.9038,0.6442,0.9904,0.5673,0.5288,0.5673,0.5962,0.5769,0.5865,0.4327,0.4327,0.5865,0.4712,0.5192,0.5,0.6346,0.4904,0.6538,0.4904	C088-CHA-C08-Mat	Den	6615	0.849
C088-CHA-C08#Mat#chr14	26558729	26571397	0.826	132	11	10	6	0.625	1	70	0.0141	0.5695	PASS	den	0.7853,0.6379,0.9261,0.5531,0.6051,0.6133,0.5913,0.4798,0.5857,0.6091,0.5883,0.5905,0.5947,0.5312,0.5205,0.6101,0.5341,0.5266,0.6726	C088-CHA-C08-Mat	Den	12668	0.826
C088-CHA-C08#Mat#chr14	31048126	31052603	0.886	81	7	7	1	0.875	0	78	0	0.875	PASS	den	0.9268,0.7622,0.9878,0.6463,0.6646,0.5671,0.6829,0.6768,0.6707,0.6585,0.7012,0.6402,0.7073,0.6768,0.7561,0.7073,0.7073,0.6951,0.6951	C088-CHA-C08-Mat	Den	4477	0.886
C088-CHA-C08#Mat#chr14	33627958	33632401	0.83	73	5	5	1	0.8333	0	66	0	0.8333	PASS	den	0.8919,0.8378,0.9662,0.7027,0.6351,0.7568,0.7027,0.7905,0.7027,0.6757,0.7905,0.7162,0.6892,0.7432,0.777,0.7568,0.8378,0.8446,0.8446	C088-CHA-C08-Mat	Den	4443	0.83
C088-CHA-C08#Mat#chr14	49101744	49117297	0.929	133	22	22	14	0.6111	0	55	0	0.6111	PASS	den	0.7164,0.5634,0.8769,0.5112,0.5,0.5149,0.5224,0.4776,0.4701,0.4515,0.4664,0.5037,0.5037,0.6866,0.6082,0.6866,0.4739,0.4664,0.4664	C088-CHA-C08-Mat	Den	15553	0.929
C088-CHA-C08#Mat#chr14	51509492	51531731	0.943	208	49	49	25	0.6622	0	38	0	0.6622	PASS	den	0.6483,0.5813,0.878,0.5646,0.5335,0.567,0.5885,0.5407,0.5478,0.5478,0.5742,0.5526,0.5598,0.5718,0.5766,0.5622,0.567,0.5455,0.5622	C088-CHA-C08-Mat	Den	22239	0.943
C088-CHA-C08#Mat#chr14	60879128	60890741	0.872	81	9	9	3	0.75	0	39	0	0.75	PASS	den	0.878,0.7195,0.939,0.5915,0.6037,0.5854,0.6585,0.5976,0.5061,0.622,0.6524,0.6341,0.6402,0.7317,0.5793,0.6037,0.5976,0.6341,0.7561	C088-CHA-C08-Mat	Den	11613	0.872
C088-CHA-C08#Mat#chr14	73670723	73676418	0.755	36	5	4	6	0.4	1	18	0.0526	0.3305	PASS	den	0.7331,0.7047,0.7802,0.6401,0.6065,0.6388,0.6477,0.5952,0.6339,0.6473,0.6353,0.6473,0.6437,0.5638,0.66,0.5944,0.7278,0.7143,0.7104	C088-CHA-C08-Mat	Den	5695	0.755
C088-CHA-C08#Mat#chr14	88679633	88707254	0.925	155	9	9	18	0.3333	0	13	0	0.3333	PASS	den	0.7468,0.7019,0.8814,0.6346,0.6635,0.6314,0.6635,0.6699,0.6218,0.6218,0.6058,0.6538,0.6603,0.6603,0.641,0.6506,0.7244,0.7756,0.75	C088-CHA-C08-Mat	Den	27621	0.925
C088-CHA-C08#Mat#chr14	98183302	98186813	0.887	87	26	1	0	1	25	33	0.431	0.4529	PASS	den	0.5213,0.8356,0.5639,0.1025,0.1708,0.2048,0.2875,0.3887,0.2531,0.356,0.2802,0.2455,0.3045,0.3929,0.8394,0.4925,0.2409,0.312,0.2655	C088-CHA-C08-Mat	Den	3511	0.887
C088-CHA-C08#Mat#chr16	1248282	1253398	0.924	123	46	0	5	0	46	51	0.4742	0.4742	PASS	den	0.4583,0.5501,0.516,0.1563,0.1231,0.1821,0.1014,0.1434,0.1106,0.1815,0.1087,0.1825,0.2855,0.231,0.1512,0.1502,0.1662,0.1505,0.1591	C088-CHA-C08-Mat	Den	5116	0.924
C088-CHA-C08#Mat#chr16	7271661	7284663	0.952	196	14	14	2	0.875	0	181	0	0.875	PASS	den	0.8629,0.7462,0.9848,0.6904,0.6904,0.6904,0.7132,0.7132,0.7157,0.7335,0.7081,0.6853,0.7132,0.6827,0.7817,0.8147,0.8046,0.7995,0.8071	C088-CHA-C08-Mat	Den	13002	0.952
C088-CHA-C08#Mat#chr16	15384612	15449024	0.886	201	14	10	14	0.4167	4	147	0.0265	0.3052	PASS	den	0.8197,0.7568,0.8646,0.6142,0.597,0.6354,0.622,0.6261,0.6482,0.6154,0.6206,0.6092,0.6321,0.6192,0.6694,0.6376,0.6152,0.707,0.7055	C088-CHA-C08-Mat	Den	64412	0.886
C088-CHA-C08#Mat#chr16	65781217	65803206	0.907	141	10	10	28	0.2632	0	21	0	0.2632	PASS	den	0.7606,0.6972,0.8028,0.6655,0.6479,0.6162,0.6479,0.6444,0.6761,0.6232,0.6514,0.6514,0.662,0.662,0.669,0.662,0.6725,0.6972,0.6655	C088-CHA-C08-Mat	Den	21989	0.907
C088-CHA-C08#Mat#chr16	66282727	66294603	0.907	86	10	10	7	0.5882	0	22	0	0.5882	PASS	den	0.6552,0.5632,0.908,0.5805,0.5575,0.5402,0.6092,0.5862,0.5977,0.5172,0.5805,0.5517,0.6092,0.5747,0.5747,0.5747,0.7069,0.6839,0.7126	C088-CHA-C08-Mat	Den	11876	0.907
C088-CHA-C08#Mat#chr15	20742886	20837223	0.974	560	54	52	25	0.6753	2	133	0.0148	0.6509	PASS	den	0.6712,0.6233,0.9359,0.6317,0.6397,0.6274,0.5916,0.631,0.6038,0.6197,0.6315,0.6233,0.6297,0.6534,0.6333,0.6127,0.634,0.6378,0.6423	C088-CHA-C08-Mat	Den	94337	0.974
C088-CHA-C08#Mat#chr15	41138727	41144377	0.905	120	27	0	10	0	27	73	0.27	0.27	PASS	den	0.3179,0.3977,0.3686,0.1075,0.0827,0.0839,0.1629,0.1752,0.0733,0.1005,0.103,0.2273,0.2274,0.3942,0.2804,0.5242,0.1098,0.5853,0.6729	C088-CHA-C08-Mat	Den	5650	0.905
C088-CHA-C08#Mat#chr15	61809859	61938133	0.988	558	92	91	46	0.6642	1	176	0.0056	0.6571	PASS	den	0.7224,0.6811,0.9052,0.6555,0.6303,0.6399,0.6328,0.6396,0.661,0.6353,0.6539,0.645,0.6512,0.6711,0.6558,0.6683,0.8051,0.7997,0.8028	C088-CHA-C08-Mat	Den	128274	0.988
C088-CHA-C08#Mat#chr15	70189124	70189183	0.52	3	3	3	0	1	0	3	0	1	PASS	den	0.5,0.625,1.0,0.25,0.125,0.25,0.25,0.25,0.25,0.25,0.25,0.25,0.25,0.25,0.25,0.25,0.25,0.25,0.25	C088-CHA-C08-Mat	Den	59	0.52
C088-CHA-C08#Mat#chr15	80383722	80523063	0.991	1496	579	30	46	0.3947	551	748	0.4242	0.4227	PASS	den	0.6055,0.7895,0.6747,0.2211,0.215,0.2259,0.2173,0.2362,0.2193,0.2457,0.2187,0.235,0.2235,0.2189,0.5312,0.2125,0.3255,0.2376,0.2106	C088-CHA-C08-Mat	Den	139341	0.991
C088-CHA-C08#Mat#chr17	3496394	3501373	0.879	57	13	13	4	0.7647	0	24	0	0.7647	PASS	den	0.8534,0.6724,0.9138,0.5776,0.5862,0.5345,0.5603,0.569,0.5862,0.5431,0.5431,0.5776,0.5862,0.6983,0.5603,0.75,0.7069,0.7069,0.6638	C088-CHA-C08-Mat	Den	4979	0.879
C088-CHA-C08#Mat#chr17	21554967	21562856	0.644	41	4	4	5	0.4444	0	17	0	0.4444	PASS	den	0.7857,0.75,0.8571,0.631,0.6905,0.5952,0.6905,0.6667,0.6548,0.7381,0.6905,0.6905,0.6786,0.7857,0.7738,0.75,0.75,0.7857,0.7976	C088-CHA-C08-Mat	Den	7889	0.644
C088-CHA-C08#Mat#chr17	35830781	35842934	0.9	59	16	16	13	0.5517	0	10	0	0.5517	PASS	den	0.6333,0.5833,0.7833,0.475,0.4417,0.425,0.4333,0.4917,0.425,0.4417,0.4417,0.45,0.425,0.475,0.4333,0.45,0.6333,0.4333,0.4417	C088-CHA-C08-Mat	Den	12153	0.9
C088-CHA-C08#Mat#chr17	38679111	38789765	0.968	274	61	2	22	0.0833	59	202	0.2261	0.2214	PASS	den	0.5118,0.7364,0.6562,0.2296,0.3018,0.2482,0.2179,0.2091,0.2138,0.2753,0.2251,0.2555,0.2887,0.2043,0.2694,0.17,0.2663,0.3168,0.4528	C088-CHA-C08-Mat	Den	110654	0.968
C088-CHA-C08#Mat#chr17	79593904	79607910	0.824	94	7	7	5	0.5833	0	27	0	0.5833	PASS	den	0.8421,0.7842,0.9421,0.6474,0.6789,0.6842,0.6474,0.6421,0.6474,0.6526,0.6579,0.6684,0.6316,0.6368,0.6421,0.6737,0.6,0.6368,0.6263	C088-CHA-C08-Mat	Den	14006	0.824
C088-CHA-C08#Mat#chr18	10599436	10613113	0.856	166	8	8	15	0.3478	0	115	0	0.3478	PASS	den	0.8533,0.6946,0.9072,0.5359,0.5988,0.5629,0.6377,0.5569,0.6228,0.5749,0.5838,0.6257,0.6138,0.5988,0.6886,0.6257,0.6946,0.6557,0.7246	C088-CHA-C08-Mat	Den	13677	0.856
C088-CHA-C08#Mat#chr18	14285257	14286302	0.581	39	4	4	5	0.4444	0	16	0	0.4444	PASS	den	0.8125,0.5375,0.875,0.55,0.55,0.425,0.5375,0.55,0.55,0.4375,0.325,0.5375,0.5375,0.5625,0.55,0.6,0.6,0.6,0.6	C088-CHA-C08-Mat	Den	1045	0.581
C088-CHA-C08#Mat#chr18	14302162	14308711	0.942	140	15	15	17	0.4688	0	95	0	0.4688	PASS	den	0.7979,0.7801,0.8794,0.6702,0.6667,0.6241,0.6844,0.6844,0.6631,0.578,0.6596,0.6631,0.6418,0.7908,0.6738,0.7943,0.7872,0.7908,0.7943	C088-CHA-C08-Mat	Den	6549	0.942
C088-CHA-C08#Mat#chr18	14327404	14340693	0.798	103	5	5	10	0.3333	0	69	0	0.3333	PASS	den	0.7981,0.8125,0.9038,0.6875,0.6971,0.7404,0.6779,0.7308,0.7163,0.7019,0.6923,0.7212,0.6971,0.8029,0.7067,0.7933,0.8077,0.8077,0.8077	C088-CHA-C08-Mat	Den	13289	0.798
C088-CHA-C08#Mat#chr18	54787888	54796140	0.858	59	8	8	6	0.5714	0	45	0	0.5714	PASS	den	0.75,0.7333,0.8833,0.65,0.4833,0.5833,0.6583,0.5583,0.5,0.55,0.5167,0.5167,0.5833,0.575,0.575,0.575,0.5583,0.7667,0.7667	C088-CHA-C08-Mat	Den	8252	0.858
C088-CHA-C08#Mat#chr18	72824849	72838003	0.915	89	14	13	3	0.8125	1	11	0.0833	0.7604	PASS	den	0.8665,0.7336,0.9187,0.611,0.6245,0.5871,0.6467,0.6657,0.6379,0.5872,0.6123,0.6168,0.6165,0.6406,0.7442,0.6189,0.7708,0.706,0.7743	C088-CHA-C08-Mat	Den	13154	0.915
C088-CHA-C08#Mat#chr19	3602410	3663867	0.96	383	25	24	13	0.6486	1	105	0.0094	0.6231	PASS	den	0.8218,0.7599,0.9402,0.7187,0.6929,0.7001,0.7142,0.7143,0.6994,0.6958,0.7026,0.7011,0.7177,0.7175,0.7255,0.7162,0.7218,0.7311,0.7285	C088-CHA-C08-Mat	Den	61457	0.96
C088-CHA-C08#Mat#chr19	15883748	15888473	0.799	41	8	8	3	0.7273	0	11	0	0.7273	PASS	den	0.6548,0.6548,0.7262,0.631,0.5714,0.5714,0.5833,0.631,0.6429,0.5476,0.6071,0.6548,0.5357,0.6548,0.6429,0.6548,0.75,0.7619,0.75	C088-CHA-C08-Mat	Den	4725	0.799
C088-CHA-C08#Mat#chr19	47747448	47764387	0.808	112	9	9	45	0.1667	0	43	0	0.1667	PASS	den	0.5575,0.5442,0.5885,0.4558,0.4425,0.4602,0.469,0.469,0.4779,0.469,0.4602,0.4867,0.5,0.4646,0.4602,0.4956,0.4646,0.4912,0.7212	C088-CHA-C08-Mat	Den	16939	0.808
C088-CHA-C08#Mat#chr20	888557	902568	0.899	117	13	13	22	0.3714	0	28	0	0.3714	PASS	den	0.7246,0.5975,0.8136,0.5805,0.5636,0.5975,0.5932,0.6271,0.6229,0.5678,0.6229,0.589,0.5975,0.7542,0.589,0.75,0.7034,0.5932,0.5763	C088-CHA-C08-Mat	Den	14011	0.899
C088-CHA-C08#Mat#chr21	12834897	12986741	0.946	967	62	52	41	0.5591	10	269	0.0358	0.4747	PASS	den	0.8122,0.6646,0.8559,0.6224,0.6298,0.6194,0.6108,0.6277,0.6331,0.637,0.6058,0.6143,0.6407,0.6373,0.619,0.636,0.6115,0.6531,0.6124	C088-CHA-C08-Mat	Den	151844	0.946
C088-CHA-C08#Mat#chr21	22159373	22176089	0.935	122	22	22	23	0.4889	0	31	0	0.4889	PASS	den	0.5772,0.5569,0.813,0.5325,0.5325,0.5407,0.5203,0.5203,0.5407,0.5244,0.5447,0.5407,0.5447,0.5285,0.5325,0.5203,0.5244,0.5366,0.5366	C088-CHA-C08-Mat	Den	16716	0.935
C088-CHA-C08#Mat#chr21	41960283	41963977	0.834	55	8	8	9	0.4706	0	28	0	0.4706	PASS	den	0.6786,0.5714,0.8393,0.3482,0.4107,0.375,0.4196,0.3482,0.3839,0.3661,0.3661,0.4196,0.4286,0.3929,0.4286,0.4107,0.375,0.3839,0.375	C088-CHA-C08-Mat	Den	3694	0.834
C088-CHA-C08#Mat#chr22	19034974	19040838	0.91	81	26	26	11	0.7027	0	40	0	0.7027	PASS	den	0.6049,0.4136,0.8642,0.2593,0.3395,0.3333,0.3148,0.321,0.2778,0.3148,0.2407,0.3395,0.2901,0.2654,0.321,0.2654,0.5494,0.5679,0.5679	C088-CHA-C08-Mat	Den	5864	0.91
C088-CHA-C08#Mat#chr22	19217348	19226035	0.905	79	13	13	8	0.619	0	33	0	0.619	PASS	den	0.7875,0.6125,0.875,0.4313,0.45,0.55,0.4688,0.4688,0.475,0.5062,0.5,0.4313,0.475,0.5312,0.4875,0.475,0.475,0.475,0.5375	C088-CHA-C08-Mat	Den	8687	0.905
C088-CHA-C08#Mat#chr22	20758947	20789541	0.983	478	170	0	42	0	170	207	0.4509	0.4509	PASS	den	0.3146,0.8647,0.4721,0.1622,0.137,0.1631,0.122,0.1736,0.2957,0.1539,0.1646,0.133,0.1267,0.1414,0.1174,0.5487,0.3085,0.2785,0.1474	C088-CHA-C08-Mat	Den	30594	0.983
C088-CHA-C08#Mat#chr22	46957755	46966375	0.795	66	10	10	12	0.4545	0	22	0	0.4545	PASS	den	0.7313,0.7537,0.8209,0.6642,0.6716,0.6567,0.694,0.694,0.6866,0.6716,0.709,0.6269,0.6642,0.806,0.806,0.6791,0.8284,0.8284,0.8209	C088-CHA-C08-Mat	Den	8620	0.795
C130-CYI02#Mat#chr2	1515648	1532782	0.95	194	42	1	17	0.0556	41	80	0.3388	0.3321	PASS	den	0.5756,0.8104,0.6192,0.708,0.7837,0.7158,0.7509,0.7243,0.702,0.7601,0.7081,0.719,0.7129,0.7393,0.785,0.7383,0.764,0.7383,0.7405	C130-CYI02-Mat	Den	17134	0.95
C130-CYI02#Mat#chr2	23083721	23097610	0.922	93	15	15	23	0.3947	0	14	0	0.3947	PASS	den	0.6702,0.6596,0.7553,0.6755,0.6809,0.6915,0.6596,0.6755,0.6649,0.633,0.6543,0.6809,0.6596,0.6702,0.6702,0.6915,0.6968,0.6809,0.6755	C130-CYI02-Mat	Den	13889	0.922
C130-CYI02#Mat#chr2	46078577	46244551	0.988	1203	66	63	33	0.6562	3	219	0.0135	0.627	PASS	den	0.7944,0.702,0.9353,0.6761,0.6568,0.6834,0.6737,0.6887,0.6834,0.6462,0.6754,0.6693,0.6892,0.6931,0.6928,0.7053,0.7037,0.7131,0.7128	C130-CYI02-Mat	Den	165974	0.988
C130-CYI02#Mat#chr2	46455339	46605461	0.963	885	38	35	89	0.2823	3	167	0.0176	0.2614	PASS	den	0.8058,0.7046,0.869,0.6776,0.6903,0.6511,0.6645,0.6717,0.6863,0.6874,0.6437,0.6565,0.6761,0.6858,0.6819,0.6779,0.6731,0.7025,0.689	C130-CYI02-Mat	Den	150122	0.963
C130-CYI02#Mat#chr2	62612829	62615161	0.671	21	7	7	3	0.7	0	14	0	0.7	PASS	den	0.7727,0.5455,0.8636,0.3182,0.3409,0.3182,0.2727,0.2955,0.3182,0.3409,0.25,0.3409,0.2955,0.2955,0.3409,0.3182,0.2955,0.2955,0.3409	C130-CYI02-Mat	Den	2332	0.671
C130-CYI02#Mat#chr2	70550777	70572208	0.921	127	11	11	9	0.55	0	15	0	0.55	PASS	den	0.7422,0.7188,0.9258,0.7031,0.7227,0.6797,0.6562,0.7266,0.6992,0.7188,0.6953,0.7383,0.7031,0.8398,0.7344,0.8516,0.7227,0.7305,0.7383	C130-CYI02-Mat	Den	21431	0.921
C130-CYI02#Mat#chr2	71075416	71088713	0.9	144	11	11	13	0.4583	0	112	0	0.4583	PASS	den	0.8621,0.7517,0.9103,0.6586,0.6724,0.6862,0.6931,0.6931,0.6862,0.669,0.6655,0.7276,0.6655,0.7138,0.8,0.6724,0.7897,0.6655,0.6724	C130-CYI02-Mat	Den	13297	0.9
C130-CYI02#Mat#chr2	96821501	96851444	0.653	200	10	10	39	0.2041	0	146	0	0.2041	PASS	den	0.7388,0.6692,0.791,0.6269,0.6169,0.6045,0.6045,0.6244,0.4701,0.5871,0.4527,0.4453,0.4577,0.6915,0.7065,0.6542,0.5,0.4677,0.49	C130-CYI02-Mat	Den	29943	0.653
C130-CYI02#Mat#chr2	99879523	99914430	0.941	244	18	18	10	0.6429	0	41	0	0.6429	PASS	den	0.7878,0.6204,0.9571,0.5163,0.5878,0.6122,0.5816,0.5204,0.6184,0.6,0.5673,0.6347,0.5939,0.551,0.5816,0.6265,0.6286,0.6673,0.6327	C130-CYI02-Mat	Den	34907	0.941
C130-CYI02#Mat#chr2	140796869	140823016	0.961	219	17	17	18	0.4857	0	55	0	0.4857	PASS	den	0.75,0.6182,0.9159,0.6273,0.6409,0.5659,0.5659,0.6295,0.6273,0.6159,0.5864,0.5841,0.6477,0.7364,0.7341,0.7364,0.725,0.7386,0.5682	C130-CYI02-Mat	Den	26147	0.961
C130-CYI02#Mat#chr2	183474286	183619985	0.975	960	55	51	118	0.3018	4	308	0.0128	0.2808	PASS	den	0.7629,0.5406,0.8478,0.5083,0.5439,0.5431,0.5127,0.5636,0.5156,0.5197,0.5212,0.4813,0.5224,0.5637,0.5356,0.633,0.5194,0.5184,0.5156	C130-CYI02-Mat	Den	145699	0.975
C130-CYI02#Mat#chr2	191376358	191405525	0.938	113	11	11	18	0.3793	0	30	0	0.3793	PASS	den	0.693,0.6316,0.8333,0.6447,0.6623,0.6272,0.6228,0.636,0.6404,0.6404,0.614,0.636,0.6009,0.6404,0.6272,0.6184,0.6623,0.6535,0.6579	C130-CYI02-Mat	Den	29167	0.938
C130-CYI02#Mat#chr2	222527404	222663147	0.946	968	58	55	21	0.7237	3	245	0.0121	0.6869	PASS	den	0.8655,0.7129,0.944,0.6652,0.6743,0.6783,0.6722,0.6466,0.6748,0.6687,0.682,0.6782,0.6533,0.6702,0.7148,0.6571,0.6641,0.6962,0.7431	C130-CYI02-Mat	Den	135743	0.946
C130-CYI02#Mat#chr2	228022193	228062756	0.849	215	11	11	18	0.3793	0	48	0	0.3793	PASS	den	0.8565,0.7153,0.9144,0.6991,0.7176,0.7106,0.7338,0.7222,0.6644,0.7176,0.6134,0.7292,0.7153,0.7199,0.7431,0.7963,0.7315,0.7199,0.7523	C130-CYI02-Mat	Den	40563	0.849
C130-CYI02#Mat#chr1	15656670	15663239	0.925	132	13	13	15	0.4643	0	111	0	0.4643	PASS	den	0.7782,0.6729,0.8797,0.5038,0.5,0.4925,0.4925,0.485,0.5263,0.4398,0.5075,0.4887,0.485,0.6842,0.688,0.6541,0.4887,0.4098,0.4624	C130-CYI02-Mat	Den	6569	0.925
C130-CYI02#Mat#chr1	22165219	22167185	0.56	17	3	3	1	0.75	0	10	0	0.75	PASS	den	0.8889,0.7778,0.9444,0.6111,0.5278,0.6389,0.6111,0.6111,0.5556,0.6111,0.5833,0.6111,0.6111,0.6667,0.75,0.6111,0.6111,0.5833,0.6111	C130-CYI02-Mat	Den	1966	0.56
C130-CYI02#Mat#chr1	22912989	22961419	0.966	256	19	18	12	0.6	1	34	0.0286	0.5699	PASS	den	0.7874,0.7241,0.9228,0.6373,0.7013,0.6369,0.6736,0.7239,0.7117,0.6477,0.7057,0.6876,0.6522,0.7052,0.7097,0.7037,0.7211,0.6956,0.7025	C130-CYI02-Mat	Den	48430	0.966
C130-CYI02#Mat#chr1	26883755	26886253	0.598	13	3	1	0	1	3	2	0.6	0.7	PASS	den	0.4792,0.7195,0.5797,0.6046,0.5875,0.6051,0.6133,0.6177,0.5221,0.6869,0.5855,0.5913,0.6592,0.6651,0.546,0.6146,0.6676,0.6052,0.7349	C130-CYI02-Mat	Den	2498	0.598
C130-CYI02#Mat#chr1	28136161	28156786	0.96	173	43	43	15	0.7414	0	69	0	0.7414	PASS	den	0.8391,0.5948,0.8994,0.4885,0.5517,0.5517,0.5172,0.4885,0.4914,0.4511,0.4971,0.4856,0.5,0.6897,0.546,0.6925,0.546,0.5345,0.546	C130-CYI02-Mat	Den	20625	0.96
C130-CYI02#Mat#chr1	30446059	30478148	0.964	235	16	16	14	0.5333	0	30	0	0.5333	PASS	den	0.8856,0.6949,0.9407,0.6716,0.6801,0.6928,0.6801,0.6695,0.6695,0.6165,0.6081,0.661,0.6208,0.6419,0.6419,0.6949,0.6462,0.6441,0.6441	C130-CYI02-Mat	Den	32089	0.964
C130-CYI02#Mat#chr1	30741788	30905625	0.968	1266	51	50	62	0.4464	1	256	0.0039	0.4378	PASS	den	0.7758,0.6535,0.9409,0.6189,0.5992,0.6377,0.6271,0.6469,0.6262,0.6048,0.6136,0.6231,0.6049,0.626,0.5939,0.5734,0.5935,0.6412,0.6143	C130-CYI02-Mat	Den	163837	0.968
C130-CYI02#Mat#chr1	33137649	33313344	0.983	661	53	51	43	0.5426	2	141	0.014	0.5226	PASS	den	0.8362,0.758,0.9172,0.7047,0.7151,0.7393,0.6962,0.7018,0.7226,0.7316,0.686,0.7314,0.7254,0.702,0.7461,0.7017,0.7111,0.7134,0.73	C130-CYI02-Mat	Den	175695	0.983
C130-CYI02#Mat#chr1	53149134	53385382	0.988	1486	87	87	9	0.9062	0	329	0	0.9062	PASS	den	0.9166,0.6691,0.9869,0.5723,0.6355,0.5837,0.6167,0.5602,0.6204,0.6278,0.5528,0.6049,0.5857,0.6305,0.6046,0.5622,0.6295,0.5992,0.6348	C130-CYI02-Mat	Den	236248	0.988
C130-CYI02#Mat#chr1	98792592	98795165	0.855	56	5	5	1	0.8333	0	51	0	0.8333	PASS	den	0.8772,0.6754,0.9649,0.5088,0.4649,0.4649,0.4561,0.4561,0.4649,0.4737,0.5263,0.4649,0.6053,0.5,0.5088,0.4211,0.4737,0.4737,0.4737	C130-CYI02-Mat	Den	2573	0.855
C130-CYI02#Mat#chr1	116017787	116041948	0.963	203	13	13	16	0.4483	0	41	0	0.4483	PASS	den	0.6887,0.6176,0.9216,0.6299,0.6299,0.5588,0.6397,0.5931,0.6422,0.6275,0.6422,0.5956,0.6422,0.6985,0.6324,0.6936,0.777,0.7794,0.6985	C130-CYI02-Mat	Den	24161	0.963
C130-CYI02#Mat#chr1	119283975	119318565	0.971	254	102	102	17	0.8571	0	98	0	0.8571	PASS	den	0.8137,0.6118,0.9314,0.4255,0.4314,0.4392,0.4431,0.4569,0.449,0.4392,0.4412,0.4373,0.4314,0.4314,0.4569,0.6804,0.4196,0.6745,0.451	C130-CYI02-Mat	Den	34590	0.971
C130-CYI02#Mat#chr1	152793437	152816034	0.733	100	5	5	6	0.4545	0	82	0	0.4545	PASS	den	0.8812,0.7129,0.9406,0.6584,0.6287,0.6386,0.6337,0.6089,0.5941,0.6238,0.6386,0.6535,0.6634,0.6386,0.6188,0.6089,0.6337,0.5941,0.6782	C130-CYI02-Mat	Den	22597	0.733
C130-CYI02#Mat#chr1	167761129	167784006	0.934	161	15	15	14	0.5172	0	35	0	0.5172	PASS	den	0.7284,0.6265,0.9105,0.6451,0.6667,0.6605,0.6512,0.6512,0.642,0.6512,0.6481,0.6574,0.6543,0.6728,0.6667,0.6389,0.6543,0.7593,0.7562	C130-CYI02-Mat	Den	22877	0.934
C130-CYI02#Mat#chr1	176805731	176814304	0.582	42	4	4	6	0.4	0	7	0	0.4	PASS	den	0.6628,0.5814,0.8605,0.5465,0.593,0.6163,0.6395,0.6163,0.6047,0.6163,0.6279,0.6395,0.5814,0.7326,0.7442,0.7791,0.7674,0.7326,0.7674	C130-CYI02-Mat	Den	8573	0.582
C130-CYI02#Mat#chr1	215375630	215390062	0.9	68	16	16	7	0.6957	1	15	0.0625	0.6584	PASS	den	0.8164,0.6202,0.8768,0.5027,0.4921,0.4785,0.4672,0.4807,0.4516,0.4723,0.4472,0.468,0.4842,0.4971,0.4722,0.6058,0.6551,0.4751,0.4736	C130-CYI02-Mat	Den	14432	0.9
C130-CYI02#Mat#chr4	3947699	3951630	0.751	70	11	11	12	0.4783	0	55	0	0.4783	PASS	den	0.7535,0.6549,0.8099,0.5352,0.5211,0.5282,0.493,0.5141,0.5423,0.4718,0.4718,0.4718,0.4789,0.5282,0.5141,0.507,0.5634,0.4507,0.493	C130-CYI02-Mat	Den	3931	0.751
C130-CYI02#Mat#chr4	8920598	8926502	0.517	85	13	0	9	0	13	49	0.2097	0.2097	PASS	den	0.5681,0.7202,0.5982,0.3353,0.3715,0.3238,0.3802,0.3218,0.0911,0.1107,0.1747,0.2125,0.4421,0.5348,0.5019,0.498,0.3378,0.5175,0.366	C130-CYI02-Mat	Den	5904	0.517
C130-CYI02#Mat#chr4	8961712	8975058	0.949	206	16	16	10	0.6154	0	145	0	0.6154	PASS	den	0.744,0.7053,0.8865,0.6232,0.6401,0.6377,0.628,0.6353,0.57,0.5942,0.5048,0.6014,0.5845,0.7367,0.7343,0.7464,0.7319,0.7512,0.7343	C130-CYI02-Mat	Den	13346	0.949
C130-CYI02#Mat#chr4	9710483	9724322	0.919	178	9	9	19	0.3214	0	100	0	0.3214	PASS	den	0.8101,0.8017,0.8855,0.7402,0.7542,0.757,0.757,0.7374,0.7542,0.7207,0.7039,0.7011,0.7235,0.7682,0.7346,0.7291,0.7318,0.7235,0.7291	C130-CYI02-Mat	Den	13839	0.919
C130-CYI02#Mat#chr4	9748355	9757428	0.907	92	13	9	18	0.3333	4	54	0.069	0.252	PASS	den	0.6977,0.7724,0.7643,0.5619,0.5929,0.5782,0.5708,0.5814,0.5503,0.5319,0.5521,0.5577,0.5995,0.6015,0.5958,0.6033,0.6067,0.56,0.5726	C130-CYI02-Mat	Den	9073	0.907
C130-CYI02#Mat#chr4	10290486	10316931	0.86	221	9	9	0	1	0	221	0	1	PASS	den	0.7095,0.6239,1.0,0.6982,0.6914,0.6216,0.6712,0.6982,0.7162,0.6892,0.6734,0.7095,0.6014,0.705,0.7432,0.6892,0.6126,0.6396,0.7342	C130-CYI02-Mat	Den	26445	0.86
C130-CYI02#Mat#chr4	39993327	40021097	0.898	212	25	19	32	0.3725	6	64	0.0857	0.3037	PASS	den	0.6449,0.6616,0.7757,0.5725,0.5469,0.5432,0.5426,0.5179,0.5655,0.514,0.526,0.571,0.5879,0.6086,0.6691,0.6741,0.6307,0.626,0.5698	C130-CYI02-Mat	Den	27770	0.898
C130-CYI02#Mat#chr4	59554541	59559102	0.878	63	7	7	3	0.7	0	51	0	0.7	PASS	den	0.8359,0.8203,0.9531,0.6484,0.6641,0.6719,0.6719,0.6406,0.6562,0.6641,0.7266,0.6641,0.6719,0.8203,0.6797,0.7734,0.8125,0.6719,0.6953	C130-CYI02-Mat	Den	4561	0.878
C130-CYI02#Mat#chr4	59787987	59796855	0.93	150	24	24	67	0.2637	0	90	0	0.2637	PASS	den	0.4967,0.4702,0.5563,0.3377,0.3344,0.3278,0.3311,0.3477,0.3411,0.3245,0.3245,0.3212,0.298,0.6358,0.3245,0.3311,0.3278,0.3212,0.3245	C130-CYI02-Mat	Den	8868	0.93
C130-CYI02#Mat#chr4	62122862	62184050	0.968	516	52	51	80	0.3893	2	145	0.0136	0.3751	PASS	den	0.6655,0.5622,0.8325,0.5254,0.5495,0.5671,0.5313,0.5143,0.5364,0.529,0.5076,0.5298,0.517,0.5156,0.529,0.5167,0.5109,0.5134,0.511	C130-CYI02-Mat	Den	61188	0.968
C130-CYI02#Mat#chr4	62241423	62256979	0.88	122	15	8	3	0.7273	7	24	0.2258	0.4933	PASS	den	0.6369,0.5431,0.7424,0.5801,0.5636,0.5857,0.5799,0.6265,0.617,0.5594,0.6028,0.5805,0.5924,0.5601,0.5891,0.5595,0.5728,0.592,0.5582	C130-CYI02-Mat	Den	15556	0.88
C130-CYI02#Mat#chr4	62295724	62460195	0.904	1072	50	46	47	0.4946	4	200	0.0196	0.4566	PASS	den	0.7943,0.6569,0.9103,0.6444,0.6601,0.6726,0.6428,0.6532,0.6265,0.6271,0.6154,0.6691,0.6544,0.6239,0.6482,0.6228,0.6421,0.6472,0.6409	C130-CYI02-Mat	Den	164471	0.904
C130-CYI02#Mat#chr4	67425133	67432493	0.557	53	3	3	12	0.2	0	7	0	0.2	PASS	den	0.6019,0.5556,0.7685,0.6852,0.6667,0.6944,0.6759,0.7037,0.6759,0.6481,0.5926,0.6852,0.7037,0.7963,0.6759,0.6944,0.75,0.7963,0.6852	C130-CYI02-Mat	Den	7360	0.557
C130-CYI02#Mat#chr4	72627967	72633823	0.775	34	15	0	16	0	15	3	0.8333	0.8333	PASS	den	0.5288,0.8126,0.563,0.7224,0.671,0.665,0.7195,0.6371,0.7373,0.6956,0.6955,0.728,0.6335,0.7407,0.8106,0.6411,0.7961,0.6932,0.6071	C130-CYI02-Mat	Den	5856	0.775
C130-CYI02#Mat#chr4	75760623	75763904	0.576	19	3	3	2	0.6	0	1	0	0.6	PASS	den	0.7,0.475,0.85,0.45,0.525,0.475,0.475,0.5,0.475,0.475,0.55,0.575,0.525,0.675,0.675,0.45,0.425,0.65,0.45	C130-CYI02-Mat	Den	3281	0.576
C130-CYI02#Mat#chr4	94450342	94455315	0.841	72	5	5	5	0.5	0	49	0	0.5	PASS	den	0.8219,0.7397,0.9315,0.6712,0.6575,0.6712,0.6712,0.6507,0.6918,0.6644,0.6712,0.6986,0.6507,0.6644,0.6438,0.7671,0.6438,0.6644,0.6712	C130-CYI02-Mat	Den	4973	0.841
C130-CYI02#Mat#chr4	95686447	95699691	0.864	135	7	7	5	0.5833	0	72	0	0.5833	PASS	den	0.8824,0.8456,0.9632,0.8199,0.8162,0.7941,0.8309,0.8051,0.8272,0.8272,0.8346,0.7022,0.8088,0.8162,0.8934,0.886,0.8272,0.875,0.875	C130-CYI02-Mat	Den	13244	0.864
C130-CYI02#Mat#chr4	120445259	120483914	0.961	511	93	1	31	0.0312	92	314	0.2266	0.2245	PASS	den	0.5871,0.7304,0.633,0.2876,0.2494,0.2506,0.2536,0.2776,0.247,0.2732,0.2777,0.2701,0.2498,0.2609,0.2785,0.2601,0.2884,0.2946,0.3029	C130-CYI02-Mat	Den	38655	0.961
C130-CYI02#Mat#chr4	122665462	122668765	0.567	36	3	3	0	1	0	33	0	1	PASS	den	0.9054,0.8378,1.0,0.7162,0.6892,0.7162,0.7297,0.7432,0.7432,0.7162,0.7297,0.7568,0.7432,0.7027,0.6081,0.5676,0.7973,0.7703,0.7973	C130-CYI02-Mat	Den	3303	0.567
C130-CYI02#Mat#chr4	164106123	164111135	0.811	31	5	5	2	0.7143	0	3	0	0.7143	PASS	den	0.5781,0.6406,0.9375,0.6562,0.6719,0.625,0.6719,0.6719,0.6875,0.6719,0.6094,0.6406,0.6406,0.6406,0.6719,0.6719,0.8281,0.6094,0.625	C130-CYI02-Mat	Den	5012	0.811
C130-CYI02#Mat#chr4	173413823	173436143	0.91	89	13	13	9	0.5909	0	22	0	0.5909	PASS	den	0.6667,0.6111,0.7944,0.5611,0.6111,0.5667,0.5278,0.6222,0.5667,0.6222,0.5556,0.5833,0.5833,0.55,0.5611,0.5556,0.5444,0.55,0.55	C130-CYI02-Mat	Den	22320	0.91
C130-CYI02#Mat#chr4	186299325	186302837	0.922	89	9	9	13	0.4091	0	28	0	0.4091	PASS	den	0.7667,0.5389,0.8556,0.4389,0.4278,0.4167,0.4167,0.4167,0.3889,0.4889,0.4333,0.3944,0.4,0.6611,0.4333,0.4389,0.4167,0.4222,0.4167	C130-CYI02-Mat	Den	3512	0.922
C130-CYI02#Mat#chr4	191811408	191819115	0.694	63	4	4	4	0.5	0	37	0	0.5	PASS	den	0.8047,0.625,0.9062,0.5781,0.625,0.6328,0.6016,0.625,0.6328,0.625,0.5938,0.5469,0.6328,0.6641,0.6484,0.6484,0.6641,0.6875,0.6562	C130-CYI02-Mat	Den	7707	0.694
C130-CYI02#Mat#chr3	3261429	3279988	0.918	154	14	11	5	0.6875	3	22	0.12	0.5659	PASS	den	0.7248,0.6963,0.8665,0.6698,0.6504,0.6549,0.6472,0.6598,0.638,0.6565,0.6364,0.6514,0.6585,0.6455,0.6441,0.6624,0.6589,0.6603,0.6595	C130-CYI02-Mat	Den	18559	0.918
C130-CYI02#Mat#chr3	6251160	6254039	0.777	26	5	5	3	0.625	0	8	0	0.625	PASS	den	0.8148,0.7407,0.8889,0.6667,0.6296,0.7037,0.6296,0.5556,0.5741,0.6481,0.5926,0.6111,0.6111,0.5556,0.7037,0.6296,0.6852,0.6852,0.6667	C130-CYI02-Mat	Den	2879	0.777
C130-CYI02#Mat#chr3	18342394	18351604	0.855	59	5	5	11	0.3125	0	10	0	0.3125	PASS	den	0.775,0.6917,0.8167,0.6833,0.6917,0.7417,0.6917,0.7,0.725,0.7,0.65,0.7,0.7,0.725,0.7,0.8167,0.8083,0.8,0.7917	C130-CYI02-Mat	Den	9210	0.855
C130-CYI02#Mat#chr3	22147172	22149400	0.844	51	5	5	2	0.7143	0	46	0	0.7143	PASS	den	0.8942,0.8173,0.9615,0.6538,0.6827,0.7212,0.6827,0.7596,0.7308,0.7115,0.7596,0.6827,0.7404,0.6923,0.7885,0.7308,0.7019,0.7885,0.8173	C130-CYI02-Mat	Den	2228	0.844
C130-CYI02#Mat#chr3	30460131	30467302	0.717	37	4	4	5	0.4444	0	6	0	0.4444	PASS	den	0.7237,0.5921,0.8158,0.5526,0.5658,0.5395,0.5132,0.5658,0.5789,0.5658,0.5263,0.5658,0.5658,0.5395,0.5658,0.5658,0.5526,0.5526,0.5658	C130-CYI02-Mat	Den	7171	0.717
C130-CYI02#Mat#chr3	38293687	38316055	0.964	173	97	97	11	0.8981	0	42	0	0.8981	PASS	den	0.4023,0.4167,0.9368,0.3305,0.3362,0.3161,0.3276,0.3276,0.3448,0.319,0.3305,0.3305,0.3362,0.3305,0.3448,0.6466,0.342,0.342,0.3448	C130-CYI02-Mat	Den	22368	0.964
C130-CYI02#Mat#chr3	55241090	55247589	0.914	74	12	12	11	0.5217	0	53	0	0.5217	PASS	den	0.7533,0.6933,0.8533,0.6133,0.5933,0.6,0.5867,0.6333,0.6,0.5667,0.5667,0.6133,0.56,0.58,0.6067,0.5733,0.5933,0.5933,0.6	C130-CYI02-Mat	Den	6499	0.914
C130-CYI02#Mat#chr3	63286978	63300667	0.943	120	12	12	6	0.6667	0	58	0	0.6667	PASS	den	0.7603,0.6777,0.938,0.624,0.5826,0.595,0.6488,0.6446,0.6529,0.5992,0.6198,0.6529,0.5826,0.6446,0.6488,0.6405,0.6736,0.6694,0.7769	C130-CYI02-Mat	Den	13689	0.943
C130-CYI02#Mat#chr3	72034537	72044879	0.897	63	12	12	12	0.5	0	15	0	0.5	PASS	den	0.6562,0.5703,0.8047,0.5234,0.5312,0.5234,0.5234,0.5078,0.5156,0.5312,0.5391,0.5,0.5469,0.5391,0.5078,0.5234,0.7266,0.7188,0.4922	C130-CYI02-Mat	Den	10342	0.897
C130-CYI02#Mat#chr3	73034146	73084267	0.798	280	11	11	63	0.1486	0	38	0	0.1486	PASS	den	0.6388,0.5552,0.7758,0.5516,0.6477,0.548,0.621,0.6263,0.6352,0.5516,0.6317,0.5783,0.5445,0.6548,0.5516,0.6566,0.7153,0.6833,0.7135	C130-CYI02-Mat	Den	50121	0.798
C130-CYI02#Mat#chr3	74062662	74066543	0.74	27	4	4	0	1	0	26	0	1	PASS	den	0.625,0.6071,1.0,0.625,0.6786,0.6607,0.6786,0.5714,0.6607,0.6786,0.6964,0.6964,0.6607,0.7857,0.6607,0.7857,0.7857,0.7857,0.7857	C130-CYI02-Mat	Den	3881	0.74
C130-CYI02#Mat#chr3	103469910	103492206	0.946	170	11	11	29	0.275	0	79	0	0.275	PASS	den	0.7836,0.7047,0.8275,0.6608,0.6579,0.6696,0.6784,0.6374,0.6754,0.6813,0.6287,0.6374,0.6725,0.7749,0.7632,0.7719,0.6228,0.7719,0.7836	C130-CYI02-Mat	Den	22296	0.946
C130-CYI02#Mat#chr3	112494547	112511909	0.916	144	10	10	14	0.4167	0	85	0	0.4167	PASS	den	0.8207,0.6483,0.9034,0.5345,0.5379,0.5345,0.6207,0.5966,0.5379,0.6069,0.6138,0.5414,0.531,0.6276,0.5379,0.5414,0.6966,0.5379,0.5379	C130-CYI02-Mat	Den	17362	0.916
C130-CYI02#Mat#chr3	125291805	125306974	0.827	85	7	7	15	0.3182	0	15	0	0.3182	PASS	den	0.7326,0.6337,0.8198,0.6279,0.6047,0.6105,0.6337,0.6802,0.6221,0.6279,0.6744,0.6221,0.6279,0.6337,0.6221,0.6395,0.6395,0.7093,0.7674	C130-CYI02-Mat	Den	15169	0.827
C130-CYI02#Mat#chr3	125318564	125320908	0.585	25	3	3	2	0.6	0	13	0	0.6	PASS	den	0.8462,0.7885,0.9038,0.7308,0.6731,0.6538,0.6731,0.7115,0.6923,0.75,0.7308,0.6538,0.7115,0.75,0.7115,0.75,0.7115,0.75,0.8077	C130-CYI02-Mat	Den	2344	0.585
C130-CYI02#Mat#chr3	135054407	135067544	0.941	113	13	13	3	0.8125	0	54	0	0.8125	PASS	den	0.8465,0.7675,0.9693,0.6623,0.7018,0.6711,0.7105,0.6754,0.693,0.6842,0.7105,0.6711,0.6754,0.7105,0.6886,0.6842,0.7807,0.8158,0.8333	C130-CYI02-Mat	Den	13137	0.941
C130-CYI02#Mat#chr3	135318078	135351646	0.976	281	81	80	38	0.678	1	101	0.0098	0.6697	PASS	den	0.717,0.6026,0.8551,0.5306,0.5337,0.5202,0.4863,0.5183,0.5175,0.5016,0.5039,0.5025,0.4952,0.5161,0.519,0.5233,0.6269,0.5039,0.5168	C130-CYI02-Mat	Den	33568	0.976
C130-CYI02#Mat#chr3	137045193	137104832	0.953	369	27	27	34	0.4426	0	80	0	0.4426	PASS	den	0.8297,0.6986,0.8986,0.65,0.6446,0.6284,0.6243,0.6068,0.6297,0.65,0.6338,0.6243,0.623,0.6162,0.6311,0.7514,0.7459,0.6351,0.627	C130-CYI02-Mat	Den	59639	0.953
C130-CYI02#Mat#chr3	137980770	137998144	0.854	146	12	12	28	0.3	0	75	0	0.3	PASS	den	0.7483,0.6463,0.8095,0.5476,0.534,0.5748,0.551,0.534,0.5646,0.5612,0.5578,0.5544,0.5578,0.5578,0.7381,0.7381,0.5408,0.7279,0.7415	C130-CYI02-Mat	Den	17374	0.854
C130-CYI02#Mat#chr3	152444683	152458192	0.953	123	46	46	19	0.7077	0	26	0	0.7077	PASS	den	0.5363,0.5444,0.8387,0.4919,0.4556,0.4597,0.4879,0.4879,0.4919,0.4516,0.4677,0.4677,0.4919,0.4919,0.496,0.4879,0.6613,0.6935,0.7016	C130-CYI02-Mat	Den	13509	0.953
C130-CYI02#Mat#chr3	158448474	158459037	0.893	97	6	6	4	0.6	0	76	0	0.6	PASS	den	0.8878,0.7857,0.9592,0.6888,0.7449,0.6837,0.7143,0.7602,0.7653,0.7704,0.7551,0.7704,0.7449,0.8163,0.8163,0.7602,0.8214,0.8163,0.801	C130-CYI02-Mat	Den	10563	0.893
C130-CYI02#Mat#chr3	176723944	176728204	0.692	39	4	4	4	0.5	0	14	0	0.5	PASS	den	0.8375,0.7,0.8875,0.675,0.675,0.6125,0.6375,0.6625,0.6,0.6375,0.65,0.625,0.6375,0.6625,0.65,0.65,0.7875,0.7875,0.775	C130-CYI02-Mat	Den	4260	0.692
C130-CYI02#Mat#chr6	7250087	7271632	0.764	133	6	6	11	0.3529	0	33	0	0.3529	PASS	den	0.8358,0.7164,0.903,0.5037,0.5,0.5187,0.5075,0.6157,0.5,0.4776,0.6082,0.5112,0.4888,0.7164,0.7052,0.6754,0.6119,0.4851,0.6828	C130-CYI02-Mat	Den	21545	0.764
C130-CYI02#Mat#chr6	29263020	29268021	0.78	40	6	4	5	0.4444	2	24	0.0769	0.3219	PASS	den	0.7548,0.6349,0.7931,0.5806,0.5507,0.5726,0.5927,0.5937,0.5455,0.5781,0.5446,0.5659,0.5469,0.5489,0.5385,0.4586,0.5016,0.4975,0.5013	C130-CYI02-Mat	Den	5001	0.78
C130-CYI02#Mat#chr6	29353626	29624245	0.994	2023	232	232	21	0.917	0	395	0	0.917	PASS	den	0.8483,0.7043,0.9069,0.6672,0.6606,0.6665,0.6724,0.6865,0.6243,0.6709,0.6749,0.6117,0.6201,0.6663,0.6873,0.6625,0.6826,0.6739,0.665	C130-CYI02-Mat	Den	270619	0.994
C130-CYI02#Mat#chr6	29779813	29814521	0.973	673	72	72	1	0.9863	0	125	0	0.9863	PASS	den	0.6335,0.5171,0.822,0.4318,0.4904,0.5215,0.4948,0.52,0.4852,0.5223,0.457,0.4629,0.5297,0.5067,0.5111,0.5193,0.4414,0.6372,0.632	C130-CYI02-Mat	Den	34708	0.973
C130-CYI02#Mat#chr6	29822026	29839936	0.957	550	34	34	6	0.85	0	137	0	0.85	PASS	den	0.6279,0.5381,0.7967,0.4737,0.4102,0.4519,0.4583,0.4328,0.4682,0.4583,0.4528,0.4211,0.5535,0.6016,0.4837,0.6225,0.5799,0.6488,0.6506	C130-CYI02-Mat	Den	17910	0.957
C130-CYI02#Mat#chr6	29845519	29874891	0.98	980	61	61	4	0.9385	0	299	0	0.9385	PASS	den	0.6371,0.5561,0.8226,0.474,0.4414,0.4393,0.4429,0.4791,0.4832,0.4546,0.5143,0.5209,0.6111,0.6279,0.5357,0.4888,0.6916,0.6748,0.6774	C130-CYI02-Mat	Den	29372	0.98
C130-CYI02#Mat#chr6	29888239	29898805	0.956	444	58	58	1	0.9831	0	191	0	0.9831	PASS	den	0.7056,0.6292,0.8899,0.5326,0.5483,0.5348,0.609,0.536,0.5506,0.4978,0.5326,0.5494,0.5247,0.4899,0.5438,0.5337,0.7,0.6944,0.6933	C130-CYI02-Mat	Den	10566	0.956
C130-CYI02#Mat#chr6	29900742	29903824	0.876	166	8	8	0	1	0	43	0	1	PASS	den	0.6317,0.5629,0.8323,0.4042,0.5,0.4281,0.5808,0.5868,0.5299,0.4281,0.4461,0.5269,0.6018,0.4311,0.5389,0.494,0.512,0.6048,0.6228	C130-CYI02-Mat	Den	3082	0.876
C130-CYI02#Mat#chr6	29905405	29906811	0.86	123	6	6	0	1	0	93	0	1	PASS	den	0.7379,0.6411,0.9315,0.4839,0.5,0.4355,0.5968,0.5685,0.5645,0.4315,0.5323,0.5565,0.6129,0.4677,0.5766,0.5484,0.4879,0.6169,0.6048	C130-CYI02-Mat	Den	1406	0.86
C130-CYI02#Mat#chr6	32568117	32569255	0.835	115	24	0	23	0	24	73	0.2474	0.2474	PASS	den	0.4923,0.7777,0.6985,0.3071,0.1162,0.0778,0.1975,0.0601,0.0597,0.1572,0.3059,0.0504,0.1119,0.0786,0.3705,0.3273,0.4501,0.1864,0.1562	C130-CYI02-Mat	Den	1138	0.835
C130-CYI02#Mat#chr6	32571666	32576545	0.923	509	92	1	55	0.0179	91	357	0.2031	0.2011	PASS	den	0.5495,0.7459,0.7188,0.3737,0.2823,0.2369,0.3282,0.1992,0.1778,0.2753,0.3731,0.2617,0.1942,0.2695,0.3585,0.3103,0.5783,0.2369,0.3435	C130-CYI02-Mat	Den	4879	0.923
C130-CYI02#Mat#chr6	32646707	32654009	0.987	1003	64	64	139	0.3153	0	812	0	0.3153	PASS	den	0.7689,0.6474,0.8222,0.5398,0.5254,0.5349,0.5941,0.4895,0.502,0.5369,0.5428,0.5403,0.5324,0.4995,0.4861,0.4821,0.6429,0.5274,0.629	C130-CYI02-Mat	Den	7302	0.987
C130-CYI02#Mat#chr6	44550295	44591568	0.973	270	23	23	12	0.6571	0	61	0	0.6571	PASS	den	0.9059,0.7915,0.9557,0.6845,0.6624,0.6605,0.6476,0.6845,0.6808,0.6716,0.6974,0.6956,0.6845,0.6937,0.6974,0.6863,0.6937,0.6956,0.7214	C130-CYI02-Mat	Den	41273	0.973
C130-CYI02#Mat#chr6	51741506	51773480	0.962	187	62	61	8	0.8841	1	34	0.0286	0.8703	PASS	den	0.5849,0.5491,0.7885,0.4927,0.5263,0.5004,0.5336,0.5145,0.5102,0.4874,0.5134,0.5189,0.5053,0.5189,0.7282,0.5161,0.5156,0.5105,0.5313	C130-CYI02-Mat	Den	31974	0.962
C130-CYI02#Mat#chr6	53664160	53686969	0.966	191	80	80	19	0.8081	0	37	0	0.8081	PASS	den	0.7552,0.6589,0.901,0.4401,0.4167,0.4297,0.4349,0.4297,0.4323,0.4323,0.4401,0.4323,0.4323,0.4453,0.6745,0.4349,0.6432,0.4479,0.4323	C130-CYI02-Mat	Den	22809	0.966
C130-CYI02#Mat#chr6	97968220	98007054	0.951	208	33	31	14	0.6889	2	52	0.037	0.6494	PASS	den	0.7221,0.6091,0.8101,0.5941,0.5962,0.5931,0.6016,0.611,0.614,0.6236,0.5889,0.5878,0.613,0.5943,0.5876,0.5942,0.7591,0.6363,0.6288	C130-CYI02-Mat	Den	38834	0.951
C130-CYI02#Mat#chr6	121788953	121879873	0.978	395	62	58	25	0.6988	4	100	0.0385	0.6562	PASS	den	0.8462,0.6462,0.9045,0.5497,0.5409,0.5534,0.5688,0.5334,0.55,0.5739,0.5231,0.5605,0.5214,0.537,0.5693,0.5297,0.552,0.5465,0.5196	C130-CYI02-Mat	Den	90920	0.978
C130-CYI02#Mat#chr6	121981286	122082904	0.988	554	47	47	19	0.7121	0	116	0	0.7121	PASS	den	0.8081,0.6333,0.9649,0.6477,0.645,0.6523,0.6432,0.6441,0.6207,0.636,0.6243,0.6333,0.6036,0.6423,0.6685,0.6252,0.6153,0.6694,0.6324	C130-CYI02-Mat	Den	101618	0.988
C130-CYI02#Mat#chr6	122276016	122294310	0.948	126	57	56	17	0.7671	1	28	0.0345	0.7543	PASS	den	0.7868,0.5279,0.8597,0.3872,0.3808,0.4036,0.3716,0.3791,0.3729,0.3768,0.3586,0.3763,0.3718,0.3842,0.3802,0.3736,0.3918,0.3651,0.3767	C130-CYI02-Mat	Den	18294	0.948
C130-CYI02#Mat#chr5	7506123	7517891	0.705	95	5	5	5	0.5	0	85	0	0.5	PASS	den	0.8542,0.7448,0.9479,0.6979,0.6406,0.5833,0.7188,0.7135,0.7031,0.6979,0.7083,0.7188,0.6823,0.6823,0.5729,0.7604,0.7135,0.6875,0.7656	C130-CYI02-Mat	Den	11768	0.705
C130-CYI02#Mat#chr5	29804634	29808164	0.641	35	4	4	6	0.4	0	15	0	0.4	PASS	den	0.7778,0.6667,0.8194,0.5972,0.5,0.4861,0.5278,0.5833,0.5278,0.5972,0.5972,0.5972,0.5417,0.5833,0.5694,0.5833,0.5833,0.5833,0.5833	C130-CYI02-Mat	Den	3530	0.641
C130-CYI02#Mat#chr5	32903684	32911787	0.877	60	6	6	6	0.5	0	17	0	0.5	PASS	den	0.7705,0.7049,0.8934,0.6721,0.6557,0.6557,0.6557,0.6639,0.6393,0.6393,0.623,0.6803,0.6311,0.7541,0.7623,0.6557,0.6475,0.7131,0.7213	C130-CYI02-Mat	Den	8103	0.877
C130-CYI02#Mat#chr5	35781697	35791657	0.911	66	10	10	8	0.5556	0	14	0	0.5556	PASS	den	0.6716,0.5746,0.8806,0.5224,0.5448,0.5522,0.5746,0.5746,0.5821,0.5746,0.597,0.5373,0.5448,0.5597,0.7239,0.5672,0.6791,0.709,0.7239	C130-CYI02-Mat	Den	9960	0.911
C130-CYI02#Mat#chr5	77173016	77180270	0.839	61	5	5	10	0.3333	0	47	0	0.3333	PASS	den	0.7581,0.8065,0.8306,0.6855,0.6855,0.6532,0.6452,0.6774,0.621,0.6774,0.6774,0.6613,0.6452,0.8387,0.8306,0.8387,0.8065,0.8065,0.8387	C130-CYI02-Mat	Den	7254	0.839
C130-CYI02#Mat#chr5	90329583	90408232	0.947	335	30	29	68	0.299	1	82	0.012	0.2894	PASS	den	0.6942,0.5927,0.7779,0.6146,0.5893,0.6102,0.5891,0.6253,0.6161,0.5968,0.597,0.6418,0.6567,0.5894,0.6614,0.6463,0.6183,0.6154,0.6465	C130-CYI02-Mat	Den	78649	0.947
C130-CYI02#Mat#chr5	109063790	109079762	0.907	84	10	10	18	0.3571	0	13	0	0.3571	PASS	den	0.7294,0.6882,0.7882,0.6412,0.6647,0.6588,0.6647,0.6588,0.6706,0.6765,0.6824,0.6706,0.6647,0.6765,0.6824,0.6765,0.6824,0.6765,0.8	C130-CYI02-Mat	Den	15972	0.907
C130-CYI02#Mat#chr5	117335465	117345697	0.939	105	18	18	10	0.6429	0	14	0	0.6429	PASS	den	0.8491,0.6274,0.9009,0.5613,0.5472,0.5,0.5425,0.5425,0.5708,0.4906,0.4717,0.5425,0.5519,0.5377,0.5425,0.566,0.533,0.6981,0.7028	C130-CYI02-Mat	Den	10232	0.939
C130-CYI02#Mat#chr5	139323135	139346225	0.927	89	14	13	4	0.7647	1	14	0.0667	0.7148	PASS	den	0.7029,0.6222,0.8319,0.5968,0.5987,0.5967,0.5815,0.5704,0.5703,0.5554,0.5661,0.6172,0.6277,0.5912,0.5712,0.7195,0.5744,0.6031,0.624	C130-CYI02-Mat	Den	23090	0.927
C130-CYI02#Mat#chr5	146709858	146729808	0.952	139	30	30	26	0.5357	0	35	0	0.5357	PASS	den	0.5964,0.5464,0.7536,0.5179,0.5071,0.4964,0.5071,0.4857,0.4857,0.4964,0.4964,0.4964,0.5143,0.6393,0.6964,0.6607,0.5143,0.525,0.5036	C130-CYI02-Mat	Den	19950	0.952
C130-CYI02#Mat#chr5	176241960	176265931	0.962	191	41	41	4	0.9111	0	31	0	0.9111	PASS	den	0.6198,0.5469,0.8047,0.5495,0.5469,0.5234,0.5599,0.5521,0.526,0.487,0.5234,0.5312,0.5365,0.5729,0.5391,0.7083,0.7057,0.6354,0.5156	C130-CYI02-Mat	Den	23971	0.962
C130-CYI02#Mat#chr7	7036233	7040816	0.902	138	37	0	20	0	37	79	0.319	0.319	PASS	den	0.5893,0.7432,0.6616,0.2168,0.227,0.1944,0.3292,0.1775,0.2114,0.0643,0.2035,0.2059,0.2359,0.4372,0.2594,0.3164,0.1704,0.1818,0.2372	C130-CYI02-Mat	Den	4583	0.902
C130-CYI02#Mat#chr7	17917323	18075243	0.965	681	40	38	17	0.6909	2	157	0.0126	0.657	PASS	den	0.7692,0.639,0.9425,0.6638,0.6467,0.6698,0.6424,0.6237,0.6451,0.6173,0.6236,0.6146,0.6911,0.6916,0.6176,0.6985,0.6457,0.6948,0.6498	C130-CYI02-Mat	Den	157920	0.965
C130-CYI02#Mat#chr7	33085595	33117879	0.955	232	14	14	29	0.3256	0	96	0	0.3256	PASS	den	0.8197,0.7682,0.867,0.6609,0.7296,0.6652,0.7253,0.6395,0.7232,0.7275,0.7082,0.7275,0.7253,0.7425,0.7704,0.7768,0.7382,0.7361,0.7232	C130-CYI02-Mat	Den	32284	0.955
C130-CYI02#Mat#chr7	56217431	56270459	0.938	279	14	14	32	0.3043	0	75	0	0.3043	PASS	den	0.7536,0.7393,0.8804,0.7107,0.7018,0.7107,0.7071,0.6625,0.7018,0.6911,0.7107,0.6786,0.7196,0.8107,0.8107,0.7929,0.8089,0.8107,0.8071	C130-CYI02-Mat	Den	53028	0.938
C130-CYI02#Mat#chr7	78812413	78925824	0.972	484	44	44	58	0.4314	0	109	0	0.4314	PASS	den	0.7732,0.6619,0.8773,0.6361,0.6278,0.6732,0.6608,0.6361,0.634,0.6247,0.6464,0.6629,0.6856,0.6485,0.7649,0.7588,0.6351,0.6763,0.6454	C130-CYI02-Mat	Den	113411	0.972
C130-CYI02#Mat#chr7	81978084	82008297	0.9	155	18	18	2	0.9	0	38	0	0.9	PASS	den	0.6987,0.6346,0.984,0.609,0.5929,0.6603,0.641,0.6186,0.6378,0.6474,0.6795,0.6378,0.5929,0.625,0.6667,0.625,0.6699,0.6667,0.6763	C130-CYI02-Mat	Den	30213	0.9
C130-CYI02#Mat#chr7	99262142	99324204	0.955	324	32	32	38	0.4571	0	63	0	0.4571	PASS	den	0.7708,0.7246,0.8815,0.7046,0.7,0.6738,0.7108,0.7138,0.6892,0.6985,0.7231,0.72,0.6969,0.7046,0.7031,0.7231,0.7154,0.7877,0.7892	C130-CYI02-Mat	Den	62062	0.955
C130-CYI02#Mat#chr7	146506585	146515705	0.929	103	13	13	10	0.5652	0	79	0	0.5652	PASS	den	0.8317,0.7356,0.8894,0.6923,0.6106,0.5962,0.6394,0.5962,0.6683,0.6731,0.6346,0.6106,0.6875,0.625,0.6779,0.625,0.774,0.774,0.7644	C130-CYI02-Mat	Den	9120	0.929
C130-CYI02#Mat#chr7	149338381	149362042	0.943	144	8	8	19	0.2963	0	29	0	0.2963	PASS	den	0.7621,0.7138,0.8621,0.731,0.7138,0.7172,0.6931,0.7379,0.7276,0.7034,0.6897,0.7172,0.7207,0.731,0.7483,0.731,0.7517,0.7517,0.7517	C130-CYI02-Mat	Den	23661	0.943
C130-CYI02#Mat#chr7	151197859	151216352	0.845	166	8	7	8	0.4667	1	123	0.0081	0.4093	PASS	den	0.8313,0.6747,0.9227,0.5407,0.4739,0.6213,0.6036,0.589,0.5724,0.5753,0.6262,0.6244,0.581,0.5696,0.6387,0.6738,0.5957,0.5932,0.6937	C130-CYI02-Mat	Den	18493	0.845
C130-CYI02#Mat#chr7	154537578	154552791	0.914	99	9	6	7	0.4615	3	41	0.0682	0.3304	PASS	den	0.7519,0.7394,0.8159,0.6179,0.662,0.6714,0.6344,0.6707,0.6575,0.6304,0.6164,0.6529,0.701,0.7448,0.7425,0.6712,0.7554,0.7502,0.7102	C130-CYI02-Mat	Den	15213	0.914
C130-CYI02#Mat#chr7	155249067	155274399	0.752	165	7	7	12	0.3684	0	125	0	0.3684	PASS	den	0.8645,0.7771,0.9247,0.7048,0.6958,0.7319,0.6928,0.6928,0.7048,0.6928,0.7018,0.6898,0.7349,0.7711,0.7741,0.7651,0.7681,0.7169,0.7229	C130-CYI02-Mat	Den	25332	0.752
C130-CYI02#Mat#chr7	155360992	155371810	0.822	145	9	9	9	0.5	0	113	0	0.5	PASS	den	0.839,0.726,0.9349,0.6233,0.6541,0.6541,0.5788,0.5856,0.5959,0.6301,0.6027,0.6301,0.6062,0.6952,0.7603,0.5993,0.7603,0.5993,0.6027	C130-CYI02-Mat	Den	10818	0.822
C130-CYI02#Mat#chr7	158458827	158488951	0.95	143	10	10	17	0.3704	0	32	0	0.3704	PASS	den	0.8056,0.6667,0.8785,0.6493,0.6076,0.6146,0.5972,0.6632,0.6458,0.6424,0.6215,0.6354,0.6181,0.7431,0.6042,0.6042,0.7535,0.6076,0.7465	C130-CYI02-Mat	Den	30124	0.95
C130-CYI02#Mat#chr8	11514444	11549997	0.97	357	68	16	33	0.3265	52	269	0.162	0.2007	PASS	den	0.685,0.7432,0.7662,0.3613,0.3927,0.4425,0.4283,0.4305,0.3798,0.3799,0.3917,0.4856,0.3977,0.43,0.6333,0.5266,0.4398,0.6116,0.5278	C130-CYI02-Mat	Den	35553	0.97
C130-CYI02#Mat#chr8	38312569	38323918	0.919	88	29	29	14	0.6744	0	10	0	0.6744	PASS	den	0.764,0.5899,0.8427,0.4382,0.4607,0.4551,0.4888,0.4775,0.4719,0.4494,0.4551,0.4607,0.4719,0.6854,0.6742,0.691,0.5,0.691,0.6966	C130-CYI02-Mat	Den	11349	0.919
C130-CYI02#Mat#chr8	62039638	62067374	0.895	203	52	52	17	0.7536	0	42	0	0.7536	PASS	den	0.6029,0.5319,0.9044,0.5245,0.5319,0.5417,0.5245,0.5343,0.4926,0.4706,0.5319,0.5196,0.4706,0.7132,0.5172,0.5515,0.5123,0.5172,0.5172	C130-CYI02-Mat	Den	27736	0.895
C130-CYI02#Mat#chr8	132801902	132819967	0.914	125	11	11	10	0.5238	0	12	0	0.5238	PASS	den	0.7738,0.6786,0.9206,0.5992,0.619,0.623,0.6825,0.6468,0.6587,0.619,0.6706,0.623,0.6349,0.7817,0.6111,0.7698,0.7619,0.7738,0.7698	C130-CYI02-Mat	Den	18065	0.914
C130-CYI02#Mat#chr10	6140431	6161057	0.865	161	11	11	30	0.2683	0	32	0	0.2683	PASS	den	0.7562,0.6698,0.8086,0.5864,0.6543,0.6481,0.6265,0.6204,0.6204,0.6142,0.6111,0.6636,0.6296,0.6667,0.6173,0.6173,0.6204,0.6173,0.6204	C130-CYI02-Mat	Den	20626	0.865
C130-CYI02#Mat#chr10	36939270	36998776	0.941	397	45	43	79	0.3525	2	148	0.0133	0.3374	PASS	den	0.7159,0.6661,0.7888,0.56,0.5671,0.5896,0.5846,0.59,0.5877,0.5782,0.5903,0.5919,0.5956,0.6116,0.5894,0.5874,0.6116,0.7387,0.7231	C130-CYI02-Mat	Den	59506	0.941
C130-CYI02#Mat#chr10	44680180	44814481	0.953	700	31	31	98	0.2403	0	149	0	0.2403	PASS	den	0.7718,0.6947,0.8573,0.6783,0.7026,0.7047,0.7004,0.7033,0.6826,0.7068,0.6926,0.714,0.6954,0.6648,0.7204,0.6912,0.6733,0.6712,0.6954	C130-CYI02-Mat	Den	134301	0.953
C130-CYI02#Mat#chr10	49755108	50024130	0.976	1393	77	76	132	0.3654	1	291	0.0034	0.3607	PASS	den	0.8469,0.7357,0.8991,0.7203,0.7182,0.7116,0.7362,0.7273,0.7352,0.7373,0.703,0.6921,0.7066,0.7188,0.7183,0.7149,0.743,0.7162,0.7203	C130-CYI02-Mat	Den	269022	0.976
C130-CYI02#Mat#chr10	52273694	52386423	0.986	687	100	100	44	0.6944	0	408	0	0.6944	PASS	den	0.8147,0.6846,0.8903,0.5763,0.5734,0.5654,0.5938,0.5516,0.5705,0.5923,0.5843,0.5785,0.5712,0.7449,0.7456,0.7485,0.6279,0.6185,0.593	C130-CYI02-Mat	Den	112729	0.986
C130-CYI02#Mat#chr10	80678247	80706402	0.948	143	12	12	26	0.3158	0	26	0	0.3158	PASS	den	0.6528,0.6319,0.7882,0.6042,0.6042,0.6007,0.6146,0.6076,0.6076,0.5833,0.6076,0.625,0.6076,0.6354,0.6285,0.6458,0.5764,0.7049,0.7118	C130-CYI02-Mat	Den	28155	0.948
C130-CYI02#Mat#chr10	90827191	90876558	0.969	232	20	20	4	0.8333	0	55	0	0.8333	PASS	den	0.8348,0.7403,0.9549,0.7511,0.7318,0.7339,0.7296,0.7275,0.7124,0.7318,0.7146,0.7446,0.7189,0.7361,0.7682,0.7167,0.7318,0.7146,0.7232	C130-CYI02-Mat	Den	49367	0.969
C130-CYI02#Mat#chr10	108398709	108419780	0.93	118	12	10	16	0.3846	2	31	0.0606	0.3306	PASS	den	0.7096,0.6633,0.8092,0.6306,0.6314,0.6263,0.6316,0.6029,0.6263,0.6176,0.5892,0.6155,0.6143,0.6496,0.6399,0.6456,0.6321,0.6368,0.6495	C130-CYI02-Mat	Den	21071	0.93
C130-CYI02#Mat#chr10	132722097	132733682	0.924	97	21	21	14	0.6	0	12	0	0.6	PASS	den	0.8061,0.6224,0.8571,0.4847,0.4898,0.5,0.5,0.5,0.4898,0.4949,0.4898,0.5102,0.449,0.4949,0.4745,0.4949,0.6837,0.5204,0.4796	C130-CYI02-Mat	Den	11585	0.924
C130-CYI02#Mat#chr10	132852291	132904617	0.958	360	44	44	18	0.7097	0	91	0	0.7097	PASS	den	0.7812,0.6385,0.9474,0.5457,0.6025,0.5596,0.5762,0.5499,0.5596,0.536,0.5485,0.5512,0.5859,0.5734,0.5679,0.5512,0.5596,0.5873,0.5679	C130-CYI02-Mat	Den	52326	0.958
C130-CYI02#Mat#chr10	134861544	134893805	0.956	176	18	18	47	0.2769	0	65	0	0.2769	PASS	den	0.6921,0.6723,0.7316,0.5706,0.565,0.5763,0.5706,0.5424,0.5847,0.5621,0.5593,0.5876,0.5734,0.5311,0.5254,0.5282,0.5395,0.5395,0.5367	C130-CYI02-Mat	Den	32261	0.956
C130-CYI02#Mat#chr9	15863786	15893579	0.903	217	26	26	61	0.2989	0	114	0	0.2989	PASS	den	0.6789,0.5826,0.7156,0.5115,0.5069,0.4977,0.5275,0.5413,0.5252,0.5275,0.5069,0.539,0.5229,0.7156,0.7064,0.7087,0.7156,0.5069,0.5115	C130-CYI02-Mat	Den	29793	0.903
C130-CYI02#Mat#chr9	64572567	64612670	0.902	243	16	15	11	0.5769	1	201	0.005	0.5412	PASS	den	0.8746,0.7574,0.9407,0.6336,0.5854,0.6815,0.6378,0.6406,0.6933,0.6187,0.6187,0.6305,0.6323,0.622,0.7467,0.7474,0.7594,0.6876,0.7438	C130-CYI02-Mat	Den	40103	0.902
C130-CYI02#Mat#chr9	108419584	108564172	0.977	757	97	96	68	0.5854	1	244	0.0041	0.5794	PASS	den	0.8102,0.7083,0.9048,0.6112,0.5636,0.5734,0.5745,0.5519,0.6322,0.5584,0.5572,0.5475,0.6023,0.5922,0.5494,0.717,0.5596,0.5541,0.5509	C130-CYI02-Mat	Den	144588	0.977
C130-CYI02#Mat#chr12	19524928	19536017	0.709	61	6	4	9	0.3077	2	7	0.2222	0.2792	PASS	den	0.6369,0.6498,0.7343,0.6438,0.6237,0.5916,0.5813,0.6669,0.5899,0.595,0.6384,0.5814,0.5659,0.5852,0.5902,0.5672,0.6708,0.5718,0.6838	C130-CYI02-Mat	Den	11089	0.709
C130-CYI02#Mat#chr12	40008062	40057617	0.97	386	162	1	26	0.037	161	83	0.6598	0.656	PASS	den	0.5236,0.6747,0.559,0.2815,0.2792,0.2847,0.2785,0.2878,0.2658,0.2858,0.2594,0.2561,0.2832,0.3645,0.3963,0.308,0.3037,0.2897,0.2922	C130-CYI02-Mat	Den	49555	0.97
C130-CYI02#Mat#chr12	40281670	40382866	0.936	523	30	24	64	0.2727	6	125	0.0458	0.2273	PASS	den	0.6686,0.6361,0.8028,0.6733,0.6763,0.6652,0.688,0.6554,0.6531,0.6706,0.6596,0.6658,0.6658,0.661,0.729,0.658,0.6747,0.7394,0.7446	C130-CYI02-Mat	Den	101196	0.936
C130-CYI02#Mat#chr12	54294424	54347050	0.982	528	79	74	61	0.5481	5	184	0.0265	0.5151	PASS	den	0.7217,0.651,0.8623,0.5254,0.504,0.4674,0.5254,0.4992,0.5169,0.4955,0.5329,0.5231,0.5383,0.4559,0.5347,0.528,0.6625,0.6656,0.4893	C130-CYI02-Mat	Den	52626	0.982
C130-CYI02#Mat#chr12	54498022	54503984	0.859	48	6	6	8	0.4286	0	8	0	0.4286	PASS	den	0.5306,0.5714,0.7143,0.5306,0.5408,0.5612,0.5,0.5306,0.5714,0.551,0.5,0.5204,0.5714,0.7245,0.7347,0.7449,0.5102,0.5102,0.5306	C130-CYI02-Mat	Den	5962	0.859
C130-CYI02#Mat#chr12	86856210	86877651	0.952	138	34	34	32	0.5152	1	35	0.0278	0.5012	PASS	den	0.5603,0.5688,0.7614,0.5415,0.5576,0.5389,0.5244,0.5175,0.5417,0.5597,0.5424,0.531,0.5316,0.5455,0.5385,0.7462,0.5429,0.5391,0.7339	C130-CYI02-Mat	Den	21441	0.952
C130-CYI02#Mat#chr11	2852156	2856473	0.802	33	5	5	6	0.4545	0	12	0	0.4545	PASS	den	0.7424,0.6667,0.8182,0.6667,0.6667,0.6061,0.6061,0.6364,0.5909,0.6515,0.6061,0.6061,0.5909,0.7273,0.7879,0.6364,0.7879,0.6212,0.6515	C130-CYI02-Mat	Den	4317	0.802
C130-CYI02#Mat#chr11	3450656	3468877	0.964	246	12	12	51	0.1905	0	181	0	0.1905	PASS	den	0.7085,0.67,0.7834,0.6255,0.587,0.5951,0.6073,0.585,0.5972,0.5729,0.581,0.6073,0.6275,0.6235,0.5951,0.6862,0.5263,0.5567,0.5263	C130-CYI02-Mat	Den	18221	0.964
C130-CYI02#Mat#chr11	3629109	3630077	0.717	45	4	4	1	0.8	0	41	0	0.8	PASS	den	0.9022,0.6739,0.9783,0.5761,0.6087,0.5761,0.4891,0.6304,0.5543,0.5761,0.5,0.5435,0.5761,0.5,0.5217,0.5761,0.6522,0.5217,0.5217	C130-CYI02-Mat	Den	968	0.717
C130-CYI02#Mat#chr11	4260021	4269239	0.692	278	9	9	1	0.9	0	278	0	0.9	PASS	den	0.7903,0.7007,0.9964,0.5896,0.5717,0.5502,0.4892,0.4928,0.4982,0.457,0.491,0.5072,0.5108,0.5018,0.4892,0.4982,0.6523,0.5018,0.5036	C130-CYI02-Mat	Den	9218	0.692
C130-CYI02#Mat#chr11	4279268	4300437	0.844	459	16	16	1	0.9412	0	459	0	0.9412	PASS	den	0.825,0.6826,0.9967,0.538,0.4946,0.5652,0.5717,0.5185,0.4717,0.4772,0.5141,0.4815,0.4924,0.5152,0.6554,0.4946,0.638,0.5076,0.5228	C130-CYI02-Mat	Den	21169	0.844
C130-CYI02#Mat#chr11	4313236	4351748	0.96	510	81	4	35	0.1026	77	346	0.182	0.1781	PASS	den	0.6354,0.712,0.7164,0.3124,0.192,0.3665,0.2863,0.2998,0.2503,0.1609,0.2983,0.2212,0.3244,0.3189,0.2876,0.303,0.451,0.3014,0.337	C130-CYI02-Mat	Den	38512	0.96
C130-CYI02#Mat#chr11	5654046	5667918	0.908	129	10	10	7	0.5882	0	57	0	0.5882	PASS	den	0.7385,0.6462,0.9462,0.6423,0.6308,0.6154,0.6192,0.6346,0.6154,0.5923,0.6308,0.6038,0.5769,0.6192,0.7192,0.7192,0.7077,0.7115,0.5769	C130-CYI02-Mat	Den	13872	0.908
C130-CYI02#Mat#chr11	6059972	6069807	0.871	175	34	32	34	0.4848	2	120	0.0164	0.4573	PASS	den	0.7397,0.6706,0.801,0.4835,0.4862,0.4772,0.4879,0.4911,0.4985,0.4886,0.477,0.4781,0.5099,0.7119,0.7014,0.6729,0.7146,0.6807,0.7112	C130-CYI02-Mat	Den	9835	0.871
C130-CYI02#Mat#chr11	7848715	7865237	0.8	220	9	9	35	0.2045	0	122	0	0.2045	PASS	den	0.7805,0.6674,0.8394,0.5928,0.6063,0.6063,0.6538,0.6538,0.586,0.6222,0.5769,0.6425,0.6199,0.7195,0.6516,0.7353,0.7579,0.7647,0.7534	C130-CYI02-Mat	Den	16522	0.8
C130-CYI02#Mat#chr11	10506049	10514545	0.953	135	80	56	9	0.8615	65	41	0.6132	0.7281	PASS	den	0.6338,0.6225,0.6894,0.2299,0.2061,0.1943,0.2353,0.2069,0.2221,0.2114,0.2165,0.2053,0.2384,0.21,0.2029,0.2098,0.2331,0.2145,0.2286	C130-CYI02-Mat	Den	8496	0.953
C130-CYI02#Mat#chr11	21660078	21672983	0.702	116	6	5	7	0.4167	1	87	0.0114	0.3491	PASS	den	0.6613,0.3895,0.9062,0.5719,0.366,0.3788,0.5549,0.3643,0.3656,0.5909,0.5706,0.5594,0.5854,0.5796,0.3731,0.3642,0.5551,0.383,0.5749	C130-CYI02-Mat	Den	12905	0.702
C130-CYI02#Mat#chr11	37889573	37911666	0.942	168	9	9	14	0.3913	0	40	0	0.3913	PASS	den	0.7101,0.6272,0.9142,0.6183,0.642,0.6479,0.6065,0.6331,0.571,0.6391,0.5799,0.6538,0.571,0.5858,0.5888,0.5888,0.5858,0.5858,0.5799	C130-CYI02-Mat	Den	22093	0.942
C130-CYI02#Mat#chr11	58062675	58069689	0.827	104	6	6	9	0.4	0	88	0	0.4	PASS	den	0.8571,0.7905,0.9095,0.7667,0.7667,0.7524,0.7714,0.7476,0.7571,0.7524,0.7238,0.7571,0.7429,0.7524,0.7857,0.7048,0.719,0.7238,0.7857	C130-CYI02-Mat	Den	7014	0.827
C130-CYI02#Mat#chr11	70583951	70632530	0.953	491	18	18	50	0.2647	0	370	0	0.2647	PASS	den	0.8049,0.814,0.8862,0.7713,0.7409,0.7642,0.7612,0.7114,0.7358,0.7185,0.7276,0.7175,0.749,0.8394,0.8293,0.7785,0.8333,0.8404,0.8404	C130-CYI02-Mat	Den	48579	0.953
C130-CYI02#Mat#chr11	82108503	82132667	0.921	198	13	13	11	0.5417	0	34	0	0.5417	PASS	den	0.7035,0.6784,0.8291,0.6633,0.6734,0.6809,0.6457,0.6332,0.6859,0.6558,0.6357,0.6382,0.6407,0.6256,0.799,0.7789,0.8015,0.804,0.7965	C130-CYI02-Mat	Den	24164	0.921
C130-CYI02#Mat#chr11	86303752	86309733	0.844	47	6	6	3	0.6667	0	11	0	0.6667	PASS	den	0.6875,0.6875,0.9375,0.6979,0.6771,0.6562,0.6667,0.7292,0.6875,0.7188,0.7396,0.6875,0.6667,0.8333,0.8333,0.8125,0.8333,0.8229,0.8333	C130-CYI02-Mat	Den	5981	0.844
C130-CYI02#Mat#chr11	91186555	91197712	0.902	85	8	8	10	0.4444	0	17	0	0.4444	PASS	den	0.7442,0.6279,0.8837,0.6105,0.6163,0.6105,0.5756,0.6163,0.5756,0.6105,0.5814,0.6453,0.5872,0.5814,0.5872,0.5756,0.7442,0.5988,0.75	C130-CYI02-Mat	Den	11157	0.902
C130-CYI02#Mat#chr11	100608909	100615809	0.902	62	17	14	2	0.875	3	15	0.1667	0.75	PASS	den	0.5858,0.5702,0.8575,0.4866,0.5604,0.4906,0.4785,0.4962,0.4992,0.5005,0.5081,0.4743,0.51,0.4895,0.4686,0.4553,0.651,0.6737,0.6787	C130-CYI02-Mat	Den	6900	0.902
C130-CYI02#Mat#chr14	10225148	10234144	0.963	228	103	1	5	0.1667	103	105	0.4952	0.492	PASS	den	0.2092,0.3673,0.3814,0.0718,0.0577,0.0816,0.1237,0.1784,0.0361,0.0424,0.0492,0.0675,0.038,0.043,0.056,0.1173,0.639,0.3181,0.0853	C130-CYI02-Mat	Den	8996	0.963
C130-CYI02#Mat#chr14	22796542	22848378	0.937	352	22	22	25	0.4681	0	77	0	0.4681	PASS	den	0.7663,0.6048,0.9235,0.5836,0.5156,0.5708,0.6133,0.6133,0.5156,0.5864,0.5708,0.5765,0.6006,0.517,0.5113,0.5071,0.5751,0.5737,0.6091	C130-CYI02-Mat	Den	51836	0.937
C130-CYI02#Mat#chr14	24134136	24155521	0.874	144	7	7	7	0.5	0	34	0	0.5	PASS	den	0.8276,0.6931,0.9345,0.6862,0.6759,0.6586,0.6862,0.7172,0.7,0.6655,0.6931,0.6793,0.6793,0.7103,0.7172,0.6586,0.6621,0.669,0.6621	C130-CYI02-Mat	Den	21385	0.874
C130-CYI02#Mat#chr14	27078667	27092055	0.836	67	5	5	5	0.5	0	19	0	0.5	PASS	den	0.8235,0.5956,0.9191,0.5221,0.5441,0.5441,0.5515,0.5515,0.5294,0.5515,0.5662,0.6029,0.5221,0.5294,0.6471,0.5956,0.5588,0.5221,0.5588	C130-CYI02-Mat	Den	13388	0.836
C130-CYI02#Mat#chr14	29112112	29116724	0.886	80	7	7	1	0.875	0	77	0	0.875	PASS	den	0.8951,0.7407,0.9877,0.6605,0.537,0.6296,0.6728,0.6914,0.6543,0.642,0.6852,0.6235,0.6914,0.7531,0.6914,0.6852,0.6667,0.6914,0.679	C130-CYI02-Mat	Den	4612	0.886
C130-CYI02#Mat#chr14	30399679	30403644	0.881	66	7	7	1	0.875	0	52	0	0.875	PASS	den	0.9179,0.8209,0.9701,0.7388,0.6866,0.7463,0.7388,0.7388,0.7388,0.7164,0.7612,0.7612,0.7612,0.7388,0.8582,0.8582,0.7239,0.7836,0.7612	C130-CYI02-Mat	Den	3965	0.881
C130-CYI02#Mat#chr14	42235351	42240867	0.672	45	4	4	6	0.4	0	26	0	0.4	PASS	den	0.7826,0.75,0.8478,0.6087,0.6413,0.587,0.5978,0.6413,0.587,0.5652,0.6413,0.587,0.6413,0.5761,0.6196,0.5761,0.5761,0.5978,0.6087	C130-CYI02-Mat	Den	5516	0.672
C130-CYI02#Mat#chr14	49559107	49581045	0.945	202	49	49	26	0.6533	0	30	0	0.6533	PASS	den	0.633,0.5099,0.8695,0.4483,0.4901,0.4852,0.4532,0.5,0.4778,0.4631,0.4901,0.5025,0.4729,0.5099,0.4507,0.5049,0.4828,0.4704,0.4754	C130-CYI02-Mat	Den	21938	0.945
C130-CYI02#Mat#chr14	49741222	49750050	0.745	38	4	4	1	0.8	0	5	0	0.8	PASS	den	0.8205,0.6282,0.9615,0.6282,0.6795,0.5769,0.6923,0.6667,0.6795,0.6795,0.6282,0.6923,0.6923,0.7564,0.6795,0.6795,0.6923,0.6923,0.6923	C130-CYI02-Mat	Den	8828	0.745
C130-CYI02#Mat#chr14	54836446	54883475	0.961	249	25	25	37	0.4032	0	65	0	0.4032	PASS	den	0.77,0.72,0.83,0.646,0.662,0.64,0.676,0.646,0.632,0.642,0.658,0.65,0.656,0.8,0.65,0.652,0.72,0.772,0.708	C130-CYI02-Mat	Den	47029	0.961
C130-CYI02#Mat#chr14	58921975	58937167	0.927	97	13	12	3	0.8	1	44	0.0222	0.7402	PASS	den	0.8566,0.7197,0.9206,0.5856,0.6135,0.6127,0.6041,0.6322,0.5379,0.619,0.6461,0.6593,0.6698,0.7174,0.5917,0.7208,0.6097,0.6534,0.6277	C130-CYI02-Mat	Den	15192	0.927
C130-CYI02#Mat#chr14	71705576	71730091	0.92	123	9	9	20	0.3103	0	35	0	0.3103	PASS	den	0.75,0.6411,0.8347,0.6411,0.6169,0.625,0.6411,0.6371,0.5927,0.6169,0.6411,0.6452,0.6331,0.754,0.7298,0.625,0.625,0.6169,0.625	C130-CYI02-Mat	Den	24515	0.92
C130-CYI02#Mat#chr14	78405929	78449853	0.968	367	26	26	38	0.4062	0	107	0	0.4062	PASS	den	0.7704,0.6671,0.8967,0.5938,0.5897,0.6386,0.6535,0.5829,0.6658,0.6386,0.6522,0.6549,0.5815,0.769,0.7582,0.7418,0.6562,0.6576,0.6535	C130-CYI02-Mat	Den	43924	0.968
C130-CYI02#Mat#chr14	81270623	81278817	0.941	104	17	17	4	0.8095	0	21	0	0.8095	PASS	den	0.5762,0.5238,0.9619,0.6048,0.6048,0.5857,0.4905,0.6286,0.5714,0.5571,0.5714,0.5619,0.5476,0.7333,0.7333,0.7333,0.5952,0.7286,0.7286	C130-CYI02-Mat	Den	8194	0.941
C130-CYI02#Mat#chr14	86062109	86071652	0.904	89	9	9	1	0.9	0	16	0	0.9	PASS	den	0.7778,0.5833,0.9889,0.5889,0.5833,0.5778,0.5889,0.4944,0.5778,0.6,0.5944,0.4944,0.5,0.5889,0.4778,0.5889,0.6667,0.6778,0.5833	C130-CYI02-Mat	Den	9543	0.904
C130-CYI02#Mat#chr14	88863023	89014841	0.993	924	112	112	5	0.9573	0	170	0	0.9573	PASS	den	0.7719,0.6735,0.9903,0.6281,0.6481,0.6568,0.6416,0.6459,0.6373,0.6173,0.6092,0.6568,0.6843,0.6449,0.6449,0.6865,0.6551,0.6568,0.6459	C130-CYI02-Mat	Den	151818	0.993
C130-CYI02#Mat#chr14	91145880	91211599	0.958	521	39	39	23	0.629	0	104	0	0.629	PASS	den	0.7969,0.6944,0.9511,0.6542,0.66,0.681,0.6849,0.6609,0.6638,0.6753,0.6542,0.6619,0.6552,0.6772,0.6561,0.6906,0.6609,0.658,0.6648	C130-CYI02-Mat	Den	65719	0.958
C130-CYI02#Mat#chr14	96227705	96231334	0.908	94	26	3	2	0.6	23	37	0.3833	0.4083	PASS	den	0.5669,0.814,0.6067,0.3759,0.3029,0.189,0.3144,0.3879,0.3221,0.4213,0.3261,0.2913,0.3688,0.5624,0.5227,0.568,0.2785,0.4505,0.3899	C130-CYI02-Mat	Den	3629	0.908
C130-CYI02#Mat#chr13	27788961	27791682	0.628	51	4	4	5	0.4444	0	46	0	0.4444	PASS	den	0.8269,0.5865,0.8846,0.5192,0.5385,0.4904,0.5865,0.5,0.5481,0.5673,0.5481,0.5481,0.375,0.6154,0.5481,0.625,0.3942,0.3558,0.6058	C130-CYI02-Mat	Den	2721	0.628
C130-CYI02#Mat#chr13	98513538	98533784	0.928	99	10	10	11	0.4762	0	19	0	0.4762	PASS	den	0.8,0.68,0.87,0.695,0.685,0.69,0.665,0.675,0.68,0.685,0.695,0.655,0.675,0.79,0.68,0.755,0.685,0.675,0.67	C130-CYI02-Mat	Den	20246	0.928
C130-CYI02#Mat#chr13	98794918	98845840	0.831	391	29	29	63	0.3152	0	125	0	0.3152	PASS	den	0.7436,0.6365,0.8329,0.5676,0.6403,0.602,0.6314,0.639,0.5893,0.5587,0.611,0.6314,0.588,0.5893,0.5969,0.6212,0.6122,0.6365,0.5842	C130-CYI02-Mat	Den	50922	0.831
C130-CYI02#Mat#chr13	102709320	102724664	0.903	141	15	10	14	0.4167	7	21	0.25	0.348	PASS	den	0.6741,0.735,0.7364,0.6264,0.6084,0.5933,0.5869,0.6422,0.6118,0.6114,0.617,0.6172,0.621,0.6039,0.6243,0.6047,0.6293,0.6472,0.6234	C130-CYI02-Mat	Den	15344	0.903
C130-CYI02#Mat#chr15	20310003	20325013	0.958	282	174	1	16	0.0588	174	81	0.6824	0.6788	PASS	den	0.2878,0.73,0.5517,0.0067,0.062,0.0356,0.0439,0.2026,0.0904,0.0204,0.0092,0.0333,0.0064,0.0475,0.1715,0.1847,0.1393,0.3441,0.0721	C130-CYI02-Mat	Den	15010	0.958
C130-CYI02#Mat#chr15	23153163	23185388	0.99	693	208	208	248	0.4561	0	531	0	0.4561	PASS	den	0.5944,0.4676,0.6412,0.2097,0.2125,0.2147,0.219,0.2147,0.2075,0.2061,0.2017,0.2118,0.2075,0.2183,0.5627,0.2125,0.2255,0.5641,0.2154	C130-CYI02-Mat	Den	32225	0.99
C130-CYI02#Mat#chr15	31616830	31630645	0.733	70	5	5	8	0.3846	0	48	0	0.3846	PASS	den	0.838,0.7958,0.8873,0.7465,0.6831,0.7042,0.6901,0.7535,0.7465,0.7254,0.6972,0.6056,0.7042,0.6549,0.662,0.6901,0.7324,0.662,0.669	C130-CYI02-Mat	Den	13815	0.733
C130-CYI02#Mat#chr15	44030195	44034064	0.801	94	22	0	9	0	22	61	0.2651	0.2651	PASS	den	0.2976,0.348,0.3309,0.0734,0.2362,0.0763,0.0693,0.1892,0.0467,0.0663,0.0442,0.2042,0.1916,0.5208,0.5743,0.2126,0.1937,0.0508,0.708	C130-CYI02-Mat	Den	3869	0.801
C130-CYI02#Mat#chr15	76575418	76593927	0.954	146	44	44	18	0.7097	0	16	0	0.7097	PASS	den	0.585,0.5714,0.8776,0.5068,0.5204,0.5068,0.5,0.5102,0.5068,0.517,0.5136,0.5102,0.5136,0.7177,0.7347,0.7313,0.7313,0.7279,0.5136	C130-CYI02-Mat	Den	18509	0.954
C130-CYI02#Mat#chr15	77822526	77829843	0.685	100	4	4	14	0.2222	0	75	0	0.2222	PASS	den	0.797,0.7129,0.8515,0.6634,0.6436,0.6733,0.604,0.599,0.6436,0.6188,0.6634,0.5644,0.6535,0.7129,0.6832,0.7525,0.604,0.604,0.5891	C130-CYI02-Mat	Den	7317	0.685
C130-CYI02#Mat#chr15	83295711	83428168	0.982	1253	528	2	44	0.0435	526	550	0.4888	0.4872	PASS	den	0.5914,0.7691,0.6344,0.1973,0.1695,0.1815,0.204,0.2163,0.1772,0.2113,0.1906,0.2152,0.1927,0.5386,0.4381,0.1893,0.1976,0.3295,0.2089	C130-CYI02-Mat	Den	132457	0.982
C130-CYI02#Mat#chr16	7274177	7288197	0.95	190	14	14	2	0.875	0	174	0	0.875	PASS	den	0.8586,0.7304,0.9895,0.6702,0.6754,0.6675,0.6911,0.712,0.6937,0.7225,0.6963,0.6754,0.6937,0.6702,0.788,0.7277,0.7042,0.8063,0.8115	C130-CYI02-Mat	Den	14020	0.95
C130-CYI02#Mat#chr16	12749068	12769423	0.952	171	20	20	34	0.3704	0	34	0	0.3704	PASS	den	0.7384,0.718,0.7994,0.6686,0.6366,0.6308,0.657,0.6483,0.6483,0.6337,0.6599,0.6192,0.6744,0.6715,0.6744,0.6773,0.6715,0.6802,0.8227	C130-CYI02-Mat	Den	20355	0.952
C130-CYI02#Mat#chr16	16508399	16537157	0.817	81	11	11	1	0.9167	0	80	0	0.9167	PASS	den	0.9146,0.6524,0.9878,0.5,0.5061,0.5061,0.4695,0.4756,0.4878,0.4939,0.4756,0.4573,0.4695,0.4756,0.4939,0.6341,0.4817,0.4695,0.4573	C130-CYI02-Mat	Den	28758	0.817
C130-CYI02#Mat#chr16	19351407	19355119	0.812	45	17	0	3	0	17	1	0.9444	0.9444	PASS	den	0.5411,0.5934,0.6025,0.3342,0.3184,0.3266,0.3227,0.3107,0.2508,0.3552,0.2517,0.3667,0.3417,0.5692,0.4625,0.367,0.3146,0.2615,0.3864	C130-CYI02-Mat	Den	3712	0.812
C130-CYI02#Mat#chr16	29705745	29898585	0.89	236	11	8	20	0.2857	3	180	0.0164	0.2123	PASS	den	0.7698,0.7448,0.8685,0.6617,0.6543,0.6568,0.6724,0.6545,0.6497,0.6541,0.6418,0.6464,0.6427,0.6442,0.6273,0.6471,0.6676,0.6294,0.6668	C130-CYI02-Mat	Den	192840	0.89
C130-CYI02#Mat#chr16	74086612	74133409	0.96	414	35	31	29	0.5167	4	118	0.0328	0.4614	PASS	den	0.8191,0.7261,0.875,0.6125,0.5988,0.6129,0.6159,0.6515,0.6282,0.6309,0.5942,0.6092,0.5407,0.7238,0.6575,0.6551,0.6617,0.6767,0.5998	C130-CYI02-Mat	Den	46797	0.96
C130-CYI02#Mat#chr16	78636367	78638271	0.759	28	5	5	4	0.5556	0	14	0	0.5556	PASS	den	0.6897,0.7931,0.8621,0.6897,0.6897,0.6724,0.6724,0.7069,0.6897,0.7069,0.6724,0.6724,0.6897,0.7241,0.6552,0.6724,0.6552,0.7069,0.7759	C130-CYI02-Mat	Den	1904	0.759
C130-CYI02#Mat#chr17	7902283	7917405	0.932	86	11	11	19	0.3667	0	17	0	0.3667	PASS	den	0.7069,0.5345,0.7816,0.5517,0.5287,0.5287,0.5747,0.5747,0.5575,0.5345,0.523,0.546,0.569,0.546,0.5402,0.569,0.546,0.5287,0.5345	C130-CYI02-Mat	Den	15122	0.932
C130-CYI02#Mat#chr17	15456114	15457569	0.553	22	3	3	2	0.6	0	18	0	0.6	PASS	den	0.7826,0.6304,0.913,0.3696,0.5435,0.4783,0.4565,0.5217,0.4565,0.5217,0.5217,0.5,0.5,0.4565,0.5652,0.4565,0.5435,0.5435,0.5	C130-CYI02-Mat	Den	1455	0.553
C130-CYI02#Mat#chr17	15687933	15769891	0.947	517	27	27	54	0.3333	0	361	0	0.3333	PASS	den	0.8098,0.7114,0.888,0.666,0.7172,0.7008,0.7114,0.7423,0.7046,0.668,0.6834,0.694,0.7326,0.6911,0.7375,0.6873,0.6844,0.6853,0.6834	C130-CYI02-Mat	Den	81958	0.947
C130-CYI02#Mat#chr17	31980469	32078153	0.785	371	14	14	22	0.3889	0	142	0	0.3889	PASS	den	0.7124,0.6841,0.9368,0.7151,0.6828,0.711,0.7043,0.7043,0.7043,0.6828,0.6815,0.703,0.7083,0.828,0.828,0.707,0.8118,0.8212,0.8132	C130-CYI02-Mat	Den	97684	0.785
C130-CYI02#Mat#chr17	32098776	32237096	0.947	474	21	20	20	0.5	1	195	0.0051	0.4764	PASS	den	0.747,0.6913,0.9263,0.7253,0.6771,0.7227,0.7052,0.6948,0.697,0.6505,0.6688,0.6914,0.699,0.812,0.8104,0.7074,0.7671,0.8075,0.802	C130-CYI02-Mat	Den	138320	0.947
C130-CYI02#Mat#chr17	37120893	37215417	0.917	491	138	16	47	0.254	124	318	0.2805	0.2775	PASS	den	0.5599,0.6325,0.6513,0.2948,0.2812,0.3686,0.3056,0.3198,0.3274,0.2554,0.32,0.3177,0.3035,0.5926,0.4741,0.5929,0.3308,0.6048,0.6056	C130-CYI02-Mat	Den	94524	0.917
C130-CYI02#Mat#chr17	38694047	38814701	0.9	368	58	4	25	0.1379	54	285	0.1593	0.1578	PASS	den	0.551,0.7548,0.6898,0.2556,0.2195,0.2048,0.1906,0.3106,0.2364,0.2585,0.2426,0.2527,0.3082,0.1943,0.1953,0.2619,0.3138,0.2802,0.3233	C130-CYI02-Mat	Den	120654	0.9
C130-CYI02#Mat#chr17	39042805	39070106	0.877	169	8	8	32	0.2	0	108	0	0.2	PASS	den	0.7382,0.7324,0.8059,0.6765,0.6588,0.6647,0.6882,0.7118,0.6588,0.6912,0.6824,0.6382,0.6765,0.7088,0.7059,0.7529,0.7118,0.6971,0.7912	C130-CYI02-Mat	Den	27301	0.877
C130-CYI02#Mat#chr17	62744362	62767054	0.889	170	8	8	13	0.381	0	137	0	0.381	PASS	den	0.8772,0.7602,0.924,0.655,0.6637,0.6667,0.6842,0.6754,0.6608,0.6696,0.6579,0.6608,0.6374,0.7865,0.7895,0.6667,0.6667,0.7924,0.7953	C130-CYI02-Mat	Den	22692	0.889
C130-CYI02#Mat#chr17	64341810	64375249	0.938	338	39	39	56	0.4105	0	179	0	0.4105	PASS	den	0.7876,0.6976,0.8304,0.5664,0.5767,0.59,0.5737,0.5767,0.5737,0.5767,0.5959,0.559,0.5826,0.7478,0.7507,0.7493,0.5944,0.5914,0.6003	C130-CYI02-Mat	Den	33439	0.938
C130-CYI02#Mat#chr17	68499912	68566714	0.895	368	34	29	57	0.3372	5	106	0.045	0.2942	PASS	den	0.7401,0.6618,0.7954,0.6503,0.6613,0.6527,0.6537,0.6567,0.6338,0.6477,0.6619,0.6638,0.638,0.6258,0.6537,0.6258,0.6383,0.6335,0.6307	C130-CYI02-Mat	Den	66802	0.895
C130-CYI02#Mat#chr18	33580448	33598832	0.943	98	12	12	4	0.75	0	13	0	0.75	PASS	den	0.6667,0.5657,0.8131,0.6364,0.6263,0.5253,0.6364,0.6313,0.5707,0.5556,0.5505,0.5303,0.6061,0.5606,0.5758,0.6263,0.5707,0.5657,0.5657	C130-CYI02-Mat	Den	18384	0.943
C130-CYI02#Mat#chr18	54713052	54719969	0.858	61	8	8	4	0.6667	0	50	0	0.6667	PASS	den	0.8065,0.7581,0.9194,0.6855,0.6452,0.6613,0.6371,0.5,0.5645,0.5887,0.5403,0.5726,0.5968,0.7581,0.5887,0.6694,0.5806,0.5645,0.7581	C130-CYI02-Mat	Den	6917	0.858
C130-CYI02#Mat#chr18	62183723	62185267	0.552	15	3	3	4	0.4286	0	2	0	0.4286	PASS	den	0.6875,0.625,0.75,0.4062,0.5312,0.5625,0.5625,0.5312,0.5312,0.5625,0.4062,0.5312,0.4062,0.5625,0.5312,0.5312,0.5312,0.5312,0.5312	C130-CYI02-Mat	Den	1544	0.552
C130-CYI02#Mat#chr18	78802997	78824305	0.822	152	7	7	11	0.3889	0	14	0	0.3889	PASS	den	0.8366,0.7092,0.9183,0.6895,0.6928,0.7222,0.7124,0.719,0.6863,0.6993,0.6928,0.6797,0.6765,0.7059,0.7059,0.7157,0.7745,0.7712,0.6765	C130-CYI02-Mat	Den	21308	0.822
C130-CYI02#Mat#chr21	26171873	26218618	0.889	270	13	13	25	0.3421	0	91	0	0.3421	PASS	den	0.8469,0.8007,0.9059,0.7583,0.7546,0.7343,0.7546,0.7675,0.7768,0.7454,0.7103,0.7269,0.7657,0.7638,0.7657,0.7657,0.7749,0.7694,0.7601	C130-CYI02-Mat	Den	46745	0.889
C130-CYI02#Mat#chr21	27799470	27856496	0.97	251	27	27	31	0.4655	0	61	0	0.4655	PASS	den	0.7579,0.6508,0.875,0.6349,0.6607,0.6587,0.6627,0.6528,0.631,0.6528,0.6607,0.6607,0.6548,0.6746,0.7758,0.7837,0.6448,0.756,0.6726	C130-CYI02-Mat	Den	57026	0.97
C130-CYI02#Mat#chr20	311386	346832	0.968	327	22	20	25	0.4444	2	72	0.027	0.4065	PASS	den	0.7705,0.6746,0.8853,0.6579,0.6634,0.654,0.6545,0.636,0.6362,0.5947,0.6325,0.6462,0.6484,0.6462,0.6752,0.6632,0.6755,0.6388,0.6847	C130-CYI02-Mat	Den	35446	0.968
C130-CYI02#Mat#chr20	25182420	25205451	0.919	142	9	9	14	0.3913	0	23	0	0.3913	PASS	den	0.8252,0.7727,0.8986,0.7168,0.7273,0.6958,0.7028,0.7098,0.6748,0.6923,0.7133,0.6888,0.6993,0.7028,0.7133,0.7378,0.7063,0.7098,0.8322	C130-CYI02-Mat	Den	23031	0.919
C130-CYI02#Mat#chr20	33415312	33433520	0.92	121	8	8	10	0.4444	0	52	0	0.4444	PASS	den	0.8525,0.75,0.9098,0.6926,0.6516,0.6803,0.6598,0.6066,0.6639,0.6885,0.6967,0.6967,0.6557,0.8033,0.7541,0.7664,0.8033,0.8033,0.8074	C130-CYI02-Mat	Den	18208	0.92
C130-CYI02#Mat#chr20	49853205	49854500	0.724	22	4	4	4	0.5	0	18	0	0.5	PASS	den	0.7826,0.6739,0.8261,0.5217,0.5217,0.5435,0.5652,0.5435,0.4565,0.5435,0.4783,0.5435,0.5435,0.5435,0.5,0.5217,0.4565,0.5217,0.5217	C130-CYI02-Mat	Den	1295	0.724
C130-CYI02#Mat#chr22	30265068	30265972	0.508	13	2	2	3	0.4	0	6	0	0.4	PASS	den	0.6429,0.5,0.7857,0.3929,0.25,0.2857,0.3929,0.2143,0.3571,0.4286,0.4286,0.3214,0.3571,0.25,0.4286,0.3571,0.3571,0.4286,0.3571	C130-CYI02-Mat	Den	904	0.508
C130-CYI02#Mat#chr22	50692085	50706661	0.874	159	25	21	29	0.42	4	47	0.0784	0.3653	PASS	den	0.6783,0.7867,0.7661,0.688,0.6693,0.6821,0.6612,0.6699,0.6988,0.6571,0.6803,0.6544,0.6896,0.7426,0.7272,0.6492,0.7929,0.796,0.7212	C130-CYI02-Mat	Den	14576	0.874
C130-CYI02#Mat#chr22	55419539	55422316	0.785	27	7	7	0	1	0	18	0	1	PASS	den	0.9286,0.75,1.0,0.5893,0.5893,0.5893,0.5179,0.6071,0.6429,0.625,0.5714,0.5714,0.5893,0.5714,0.625,0.6429,0.6429,0.7679,0.625	C130-CYI02-Mat	Den	2777	0.785
C130-CYI02#Mat#chr22	56525882	56577495	0.941	530	72	69	57	0.5476	5	142	0.034	0.5129	PASS	den	0.7828,0.6871,0.864,0.5974,0.5947,0.574,0.583,0.5908,0.5859,0.5805,0.5636,0.5943,0.5776,0.5909,0.5975,0.5763,0.6028,0.5789,0.6024	C130-CYI02-Mat	Den	51613	0.941
C152-CKZ06#Mat#chr2	1529267	1546668	0.954	168	54	0	34	0	54	76	0.4154	0.4154	PASS	den	0.5763,0.8329,0.618,0.7685,0.7817,0.7712,0.753,0.7558,0.7784,0.7919,0.7672,0.7753,0.7624,0.7906,0.8064,0.7733,0.8108,0.764,0.785	C152-CKZ06-Mat	Den	17401	0.954
C152-CKZ06#Mat#chr2	23062072	23071234	0.908	72	12	12	6	0.6667	0	9	0	0.6667	PASS	den	0.7329,0.6781,0.9178,0.6849,0.6507,0.6438,0.6507,0.6849,0.6438,0.6438,0.6644,0.6712,0.6918,0.7945,0.8151,0.6438,0.8082,0.7603,0.8082	C152-CKZ06-Mat	Den	9162	0.908
C152-CKZ06#Mat#chr2	42980538	43067741	0.987	745	45	45	8	0.8491	0	199	0	0.8491	PASS	den	0.8137,0.7212,0.9873,0.6843,0.6957,0.6877,0.6823,0.7205,0.6903,0.6997,0.6756,0.6763,0.7212,0.691,0.7004,0.7017,0.7286,0.6944,0.7031	C152-CKZ06-Mat	Den	87203	0.987
C152-CKZ06#Mat#chr2	45918377	45932000	0.933	112	10	10	19	0.3448	0	27	0	0.3448	PASS	den	0.6549,0.6681,0.8319,0.6549,0.6681,0.6504,0.6549,0.6858,0.6637,0.6947,0.677,0.6637,0.6814,0.6903,0.7566,0.6726,0.7699,0.7743,0.7876	C152-CKZ06-Mat	Den	13623	0.933
C152-CKZ06#Mat#chr2	95102439	95104735	0.541	23	12	0	3	0	12	7	0.6316	0.6316	PASS	den	0.3972,0.587,0.5481,0.1992,0.179,0.1134,0.1248,0.1666,0.0919,0.17,0.1275,0.29,0.0824,0.372,0.3446,0.3625,0.1445,0.0804,0.1363	C152-CKZ06-Mat	Den	2296	0.541
C152-CKZ06#Mat#chr2	115822497	115845174	0.882	133	8	8	11	0.4211	0	40	0	0.4211	PASS	den	0.791,0.6119,0.9142,0.5373,0.556,0.5261,0.556,0.541,0.597,0.5448,0.5597,0.5933,0.5784,0.5112,0.6642,0.6604,0.5858,0.5448,0.6082	C152-CKZ06-Mat	Den	22677	0.882
C152-CKZ06#Mat#chr2	128579959	128589209	0.867	60	6	6	4	0.6	0	13	0	0.6	PASS	den	0.4918,0.4508,0.9262,0.5082,0.4836,0.377,0.4426,0.418,0.5328,0.459,0.459,0.5,0.4508,0.459,0.6311,0.6148,0.6393,0.6393,0.6393	C152-CKZ06-Mat	Den	9250	0.867
C152-CKZ06#Mat#chr2	130739725	130741973	0.875	97	31	0	11	0	31	39	0.4429	0.4429	PASS	den	0.3913,0.5461,0.4708,0.1465,0.2396,0.2227,0.2376,0.1168,0.1277,0.145,0.0993,0.2617,0.2309,0.5048,0.4981,0.1377,0.3867,0.2186,0.7242	C152-CKZ06-Mat	Den	2248	0.875
C152-CKZ06#Mat#chr2	131518458	131530409	0.973	259	66	3	16	0.1579	64	143	0.3092	0.3024	PASS	den	0.5759,0.7641,0.6527,0.2515,0.29,0.2463,0.245,0.2506,0.2347,0.2834,0.2569,0.2398,0.216,0.3215,0.2927,0.2729,0.3345,0.2209,0.2626	C152-CKZ06-Mat	Den	11951	0.973
C152-CKZ06#Mat#chr2	154083022	154107159	0.948	122	18	18	47	0.2769	0	42	0	0.2769	PASS	den	0.5772,0.5569,0.6138,0.5285,0.5163,0.5447,0.5244,0.5163,0.5366,0.5488,0.5488,0.5366,0.5407,0.7317,0.7154,0.5569,0.7276,0.5447,0.5488	C152-CKZ06-Mat	Den	24137	0.948
C152-CKZ06#Mat#chr2	166279903	166284832	0.861	47	5	5	1	0.8333	0	41	0	0.8333	PASS	den	0.9167,0.7812,0.9792,0.6979,0.6875,0.6875,0.6875,0.6771,0.6354,0.7083,0.6042,0.7188,0.6875,0.6562,0.6458,0.6875,0.6562,0.75,0.7708	C152-CKZ06-Mat	Den	4929	0.861
C152-CKZ06#Mat#chr2	192608924	192638128	0.912	143	11	11	18	0.3793	0	44	0	0.3793	PASS	den	0.7951,0.5833,0.8368,0.5312,0.5312,0.6146,0.559,0.5382,0.5312,0.4826,0.5,0.5382,0.5347,0.5451,0.5521,0.5486,0.6944,0.6875,0.4826	C152-CKZ06-Mat	Den	29204	0.912
C152-CKZ06#Mat#chr2	199529117	199534877	0.789	44	5	4	5	0.4444	1	9	0.1	0.3756	PASS	den	0.7514,0.6995,0.7961,0.6072,0.62,0.6343,0.6397,0.6017,0.6173,0.5878,0.6018,0.6145,0.6037,0.6463,0.5994,0.6202,0.6698,0.6491,0.6041	C152-CKZ06-Mat	Den	5760	0.789
C152-CKZ06#Mat#chr2	210220841	210228399	0.779	81	6	6	4	0.6	0	21	0	0.6	PASS	den	0.8293,0.7195,0.939,0.6646,0.6646,0.6463,0.6463,0.6524,0.6768,0.622,0.6951,0.5976,0.6524,0.6829,0.7073,0.6037,0.6646,0.6524,0.6707	C152-CKZ06-Mat	Den	7558	0.779
C152-CKZ06#Mat#chr2	220045334	220052332	0.515	35	2	2	0	1	0	5	0	1	PASS	den	0.7778,0.7917,1.0,0.7083,0.7917,0.7639,0.7917,0.7639,0.75,0.8056,0.75,0.7361,0.7083,0.7778,0.8056,0.8056,0.7639,0.7778,0.8194	C152-CKZ06-Mat	Den	6998	0.515
C152-CKZ06#Mat#chr2	221968344	221990255	0.941	156	15	15	7	0.6818	0	32	0	0.6818	PASS	den	0.8153,0.6752,0.9554,0.672,0.6465,0.6911,0.6783,0.6338,0.6911,0.6401,0.6497,0.6592,0.6561,0.672,0.6911,0.6529,0.6943,0.672,0.6688	C152-CKZ06-Mat	Den	21911	0.941
C152-CKZ06#Mat#chr2	226883521	226898351	0.894	99	9	9	10	0.4737	0	26	0	0.4737	PASS	den	0.82,0.695,0.9,0.635,0.635,0.68,0.64,0.605,0.655,0.635,0.605,0.605,0.645,0.78,0.64,0.66,0.655,0.67,0.655	C152-CKZ06-Mat	Den	14830	0.894
C152-CKZ06#Mat#chr2	231275772	231334430	0.847	185	9	9	32	0.2195	0	43	0	0.2195	PASS	den	0.7016,0.6882,0.7608,0.7124,0.7016,0.6989,0.6882,0.6989,0.6962,0.7177,0.7043,0.7151,0.6694,0.6747,0.6694,0.7984,0.8226,0.8172,0.8253	C152-CKZ06-Mat	Den	58658	0.847
C152-CKZ06#Mat#chr2	231345431	231442803	0.88	367	16	13	65	0.1667	3	104	0.028	0.1407	PASS	den	0.7191,0.6649,0.7681,0.6823,0.675,0.6593,0.6679,0.6753,0.6754,0.6719,0.6703,0.6883,0.6787,0.6748,0.6678,0.7356,0.7597,0.753,0.7624	C152-CKZ06-Mat	Den	97372	0.88
C152-CKZ06#Mat#chr2	241205104	241213457	0.893	64	7	7	9	0.4375	0	15	0	0.4375	PASS	den	0.7,0.6462,0.8538,0.6462,0.6462,0.6615,0.6154,0.6,0.6,0.6231,0.6385,0.6231,0.6077,0.7538,0.6308,0.7615,0.5846,0.5846,0.6692	C152-CKZ06-Mat	Den	8353	0.893
C152-CKZ06#Mat#chr1	12590427	12591341	0.556	17	3	3	0	1	0	16	0	1	PASS	den	0.9167,0.6667,0.9722,0.4444,0.4444,0.5,0.3611,0.4722,0.3889,0.4722,0.4444,0.4167,0.4722,0.4167,0.4167,0.6111,0.4444,0.4167,0.4167	C152-CKZ06-Mat	Den	914	0.556
C152-CKZ06#Mat#chr1	13373676	13398882	0.966	206	19	19	4	0.8261	0	31	0	0.8261	PASS	den	0.8575,0.657,0.9807,0.628,0.6256,0.5797,0.5966,0.628,0.6014,0.5966,0.558,0.5942,0.6087,0.5676,0.6063,0.6159,0.6329,0.7005,0.6184	C152-CKZ06-Mat	Den	25206	0.966
C152-CKZ06#Mat#chr1	16928850	16987941	0.911	595	95	1	85	0.0116	94	245	0.2773	0.2745	PASS	den	0.4609,0.6268,0.6236,0.3633,0.0651,0.2054,0.3074,0.3191,0.3384,0.3628,0.1775,0.0892,0.1727,0.5043,0.2924,0.1525,0.5915,0.3084,0.5767	C152-CKZ06-Mat	Den	59091	0.911
C152-CKZ06#Mat#chr1	18606133	18626000	0.813	102	8	8	8	0.5	0	11	0	0.5	PASS	den	0.7961,0.6942,0.9223,0.7136,0.6602,0.6748,0.7087,0.6602,0.665,0.6602,0.7136,0.7282,0.6505,0.7087,0.7136,0.6845,0.6553,0.6845,0.6796	C152-CKZ06-Mat	Den	19867	0.813
C152-CKZ06#Mat#chr1	25382960	25438296	0.981	1235	315	0	50	0	315	750	0.2958	0.2958	PASS	den	0.3128,0.575,0.3304,0.2504,0.1083,0.121,0.0759,0.095,0.0849,0.1232,0.0959,0.0924,0.1023,0.2195,0.0818,0.5377,0.1387,0.0887,0.1082	C152-CKZ06-Mat	Den	55336	0.981
C152-CKZ06#Mat#chr1	27934472	27953459	0.949	143	40	40	14	0.7407	0	69	0	0.7407	PASS	den	0.8125,0.5764,0.8924,0.5347,0.5278,0.5312,0.5312,0.4618,0.4688,0.4375,0.4792,0.5174,0.4792,0.6875,0.5208,0.691,0.4757,0.4618,0.4618	C152-CKZ06-Mat	Den	18987	0.949
C152-CKZ06#Mat#chr1	30543869	30666067	0.971	1036	41	41	40	0.5062	0	208	0	0.5062	PASS	den	0.7922,0.6688,0.9595,0.6258,0.6514,0.649,0.6543,0.6268,0.6374,0.6152,0.6283,0.6524,0.6268,0.5955,0.6307,0.6538,0.648,0.6258,0.6181	C152-CKZ06-Mat	Den	122198	0.971
C152-CKZ06#Mat#chr1	84463716	84484215	0.899	101	10	10	11	0.4762	0	28	0	0.4762	PASS	den	0.7843,0.6912,0.8775,0.6765,0.6716,0.6716,0.6765,0.6373,0.6618,0.6863,0.6667,0.6716,0.6716,0.8088,0.6569,0.7745,0.7696,0.8186,0.8284	C152-CKZ06-Mat	Den	20499	0.899
C152-CKZ06#Mat#chr1	87325524	87339680	0.928	98	8	8	14	0.3636	0	15	0	0.3636	PASS	den	0.8081,0.6566,0.8485,0.6566,0.5859,0.5859,0.5808,0.6616,0.5859,0.5808,0.5758,0.6061,0.6566,0.7323,0.596,0.6061,0.6768,0.7323,0.6061	C152-CKZ06-Mat	Den	14156	0.928
C152-CKZ06#Mat#chr1	95344457	95349875	0.551	26	3	3	7	0.3	0	7	0	0.3	PASS	den	0.6296,0.6667,0.7407,0.5741,0.6481,0.6481,0.5926,0.6296,0.6296,0.6111,0.5926,0.6111,0.6296,0.6296,0.6296,0.6667,0.6852,0.5926,0.7593	C152-CKZ06-Mat	Den	5418	0.551
C152-CKZ06#Mat#chr1	96471599	96476869	0.81	55	7	7	14	0.3333	0	28	0	0.3333	PASS	den	0.6786,0.5982,0.75,0.5268,0.5179,0.5357,0.5268,0.4821,0.5357,0.5089,0.4911,0.5179,0.5179,0.5179,0.7232,0.7143,0.5179,0.7054,0.5179	C152-CKZ06-Mat	Den	5270	0.81
C152-CKZ06#Mat#chr1	112217017	112223202	0.882	66	6	6	2	0.75	0	58	0	0.75	PASS	den	0.806,0.7687,0.9627,0.5746,0.6716,0.5597,0.6716,0.6269,0.6866,0.597,0.6791,0.5597,0.6194,0.7612,0.6866,0.7687,0.6716,0.6642,0.6642	C152-CKZ06-Mat	Den	6185	0.882
C152-CKZ06#Mat#chr1	140347239	140356576	0.871	86	12	12	10	0.5455	0	56	0	0.5455	PASS	den	0.8046,0.6782,0.8793,0.5575,0.5575,0.5575,0.5575,0.5862,0.5517,0.569,0.5575,0.6092,0.5172,0.546,0.5862,0.5805,0.5402,0.7126,0.5402	C152-CKZ06-Mat	Den	9337	0.871
C152-CKZ06#Mat#chr1	165583960	165591344	0.556	45	4	4	7	0.3636	0	5	0	0.3636	PASS	den	0.663,0.5543,0.8478,0.5543,0.587,0.5978,0.587,0.6413,0.5978,0.5978,0.5978,0.5652,0.5761,0.6522,0.5543,0.7283,0.7174,0.6413,0.587	C152-CKZ06-Mat	Den	7384	0.556
C152-CKZ06#Mat#chr1	188206048	188213800	0.921	84	11	11	39	0.22	0	56	0	0.22	PASS	den	0.4824,0.5647,0.5412,0.4294,0.4059,0.4176,0.4235,0.4294,0.4176,0.4059,0.4,0.3941,0.4294,0.3824,0.4176,0.3824,0.4059,0.4,0.4059	C152-CKZ06-Mat	Den	7752	0.921
C152-CKZ06#Mat#chr1	210594871	210611082	0.831	130	11	11	15	0.4231	0	77	0	0.4231	PASS	den	0.7366,0.6794,0.8855,0.6679,0.6412,0.6985,0.5992,0.687,0.6679,0.5878,0.645,0.6718,0.6603,0.7214,0.6565,0.7748,0.645,0.6489,0.645	C152-CKZ06-Mat	Den	16211	0.831
C152-CKZ06#Mat#chr1	224344254	224347231	0.543	20	3	3	3	0.5	0	7	0	0.5	PASS	den	0.7857,0.7857,0.8571,0.7143,0.7381,0.7143,0.7381,0.6905,0.6667,0.6429,0.7143,0.6905,0.6667,0.7143,0.6429,0.7143,0.6429,0.6667,0.7143	C152-CKZ06-Mat	Den	2977	0.543
C152-CKZ06#Mat#chr4	3545289	3564084	0.819	153	7	7	6	0.5385	0	133	0	0.5385	PASS	den	0.8831,0.7987,0.961,0.6753,0.6916,0.6753,0.6818,0.6656,0.711,0.6883,0.6981,0.6948,0.6591,0.7792,0.7078,0.776,0.7857,0.7565,0.7922	C152-CKZ06-Mat	Den	18795	0.819
C152-CKZ06#Mat#chr4	3934161	3937561	0.675	47	4	4	4	0.5	0	29	0	0.5	PASS	den	0.8438,0.6875,0.9062,0.6146,0.6042,0.625,0.6042,0.6146,0.5938,0.625,0.5729,0.6042,0.6042,0.5729,0.6562,0.5833,0.5833,0.5833,0.6354	C152-CKZ06-Mat	Den	3400	0.675
C152-CKZ06#Mat#chr4	4095985	4100492	0.566	63	3	3	6	0.3333	0	50	0	0.3333	PASS	den	0.7578,0.6641,0.9062,0.4531,0.6484,0.5703,0.5625,0.6172,0.4375,0.5,0.6406,0.5625,0.5078,0.4766,0.5703,0.5156,0.4688,0.6719,0.5078	C152-CKZ06-Mat	Den	4507	0.566
C152-CKZ06#Mat#chr4	11615629	11618771	0.726	36	4	4	3	0.5714	0	30	0	0.5714	PASS	den	0.8243,0.7703,0.8919,0.6892,0.7027,0.7162,0.7297,0.6486,0.7297,0.7027,0.6892,0.7432,0.6892,0.8108,0.6892,0.8243,0.8243,0.8243,0.8108	C152-CKZ06-Mat	Den	3142	0.726
C152-CKZ06#Mat#chr4	23646096	23661844	0.96	177	56	56	22	0.7179	0	24	0	0.7179	PASS	den	0.8315,0.486,0.8764,0.4944,0.4944,0.4803,0.4607,0.4972,0.4663,0.4803,0.4831,0.4916,0.4691,0.4775,0.4719,0.4691,0.7079,0.7022,0.4775	C152-CKZ06-Mat	Den	15748	0.96
C152-CKZ06#Mat#chr4	44313887	44360157	0.92	227	10	10	25	0.2857	0	56	0	0.2857	PASS	den	0.8443,0.8311,0.8882,0.7807,0.7807,0.8092,0.8026,0.7215,0.7785,0.8136,0.7851,0.8048,0.7588,0.8092,0.8114,0.8794,0.8158,0.7829,0.7851	C152-CKZ06-Mat	Den	46270	0.92
C152-CKZ06#Mat#chr4	58431109	58449363	0.926	117	21	21	21	0.5	0	12	0	0.5	PASS	den	0.7627,0.6144,0.822,0.5551,0.589,0.5847,0.5678,0.5508,0.5763,0.589,0.5466,0.5805,0.5339,0.6864,0.5636,0.5551,0.7331,0.7203,0.7119	C152-CKZ06-Mat	Den	18254	0.926
C152-CKZ06#Mat#chr4	60738402	60839855	0.974	746	35	34	18	0.6538	1	211	0.0047	0.6353	PASS	den	0.9012,0.7565,0.9617,0.7035,0.7063,0.7008,0.7465,0.7276,0.6778,0.7205,0.7317,0.7315,0.701,0.7307,0.7655,0.7455,0.7179,0.7191,0.7157	C152-CKZ06-Mat	Den	101453	0.974
C152-CKZ06#Mat#chr4	61195441	61233667	0.94	268	11	11	5	0.6875	0	48	0	0.6875	PASS	den	0.8848,0.658,0.974,0.5855,0.6524,0.526,0.5483,0.5335,0.5223,0.645,0.5762,0.6729,0.5836,0.6784,0.6784,0.5632,0.5576,0.5613,0.5372	C152-CKZ06-Mat	Den	38226	0.94
C152-CKZ06#Mat#chr4	61302979	61431923	0.947	955	48	44	17	0.7213	4	189	0.0207	0.6629	PASS	den	0.7405,0.6774,0.9219,0.7319,0.7025,0.734,0.7274,0.7121,0.7273,0.7407,0.7098,0.7245,0.6902,0.7258,0.7332,0.7239,0.7347,0.7286,0.7484	C152-CKZ06-Mat	Den	128944	0.947
C152-CKZ06#Mat#chr4	63270973	63303010	0.969	258	18	18	31	0.3673	0	45	0	0.3673	PASS	den	0.5734,0.4073,0.8803,0.4247,0.5714,0.4112,0.4286,0.4286,0.4421,0.4344,0.4923,0.4189,0.4151,0.6429,0.6332,0.6371,0.6255,0.4035,0.6332	C152-CKZ06-Mat	Den	32037	0.969
C152-CKZ06#Mat#chr4	71531649	71555927	0.903	179	13	8	23	0.2581	5	23	0.1786	0.2275	PASS	den	0.7034,0.6561,0.7401,0.6167,0.5458,0.6221,0.6058,0.5768,0.6321,0.6163,0.6344,0.5914,0.5922,0.5457,0.5458,0.5434,0.6728,0.556,0.6915	C152-CKZ06-Mat	Den	24278	0.903
C152-CKZ06#Mat#chr4	73131957	73137249	0.69	26	13	0	14	0	13	3	0.8125	0.8125	PASS	den	0.5204,0.8461,0.5972,0.6983,0.6522,0.7303,0.6812,0.6799,0.6925,0.695,0.7062,0.6402,0.6988,0.6604,0.6624,0.7327,0.7254,0.7138,0.7297	C152-CKZ06-Mat	Den	5292	0.69
C152-CKZ06#Mat#chr4	75312189	75318012	0.857	65	5	5	11	0.3125	0	48	0	0.3125	PASS	den	0.7727,0.6364,0.8182,0.5379,0.5758,0.5303,0.6439,0.5682,0.5833,0.5758,0.5758,0.5682,0.5152,0.5227,0.5227,0.5303,0.6364,0.5076,0.5833	C152-CKZ06-Mat	Den	5823	0.857
C152-CKZ06#Mat#chr4	79715852	79725374	0.896	63	9	9	12	0.4286	0	12	0	0.4286	PASS	den	0.7344,0.7344,0.7969,0.6797,0.7109,0.7266,0.6719,0.6797,0.7188,0.7344,0.7188,0.7422,0.7031,0.8438,0.6719,0.8672,0.8672,0.8594,0.7422	C152-CKZ06-Mat	Den	9522	0.896
C152-CKZ06#Mat#chr4	79973487	79991867	0.934	91	9	9	27	0.25	0	18	0	0.25	PASS	den	0.5978,0.5815,0.6522,0.5217,0.5217,0.5326,0.5272,0.538,0.538,0.5326,0.5272,0.5217,0.5109,0.7283,0.7337,0.7446,0.7011,0.7391,0.7337	C152-CKZ06-Mat	Den	18380	0.934
C152-CKZ06#Mat#chr4	82851735	82889435	0.935	166	9	9	25	0.2647	0	23	0	0.2647	PASS	den	0.7784,0.7635,0.8473,0.7725,0.7994,0.7754,0.7814,0.7994,0.7784,0.7964,0.7665,0.8144,0.8114,0.8084,0.8443,0.8054,0.7934,0.7844,0.8144	C152-CKZ06-Mat	Den	37700	0.935
C152-CKZ06#Mat#chr4	95948166	95952958	0.766	31	4	4	1	0.8	0	11	0	0.8	PASS	den	0.6719,0.6719,0.9688,0.6406,0.5938,0.6406,0.6406,0.5469,0.6094,0.5938,0.5469,0.6562,0.625,0.5781,0.5938,0.5781,0.7656,0.7812,0.5938	C152-CKZ06-Mat	Den	4792	0.766
C152-CKZ06#Mat#chr4	96591931	96599141	0.845	142	7	7	16	0.3043	0	107	0	0.3043	PASS	den	0.8182,0.6853,0.8881,0.6084,0.5699,0.5699,0.6084,0.5524,0.5699,0.6084,0.6119,0.5944,0.5944,0.7308,0.7273,0.5769,0.5699,0.5664,0.5804	C152-CKZ06-Mat	Den	7210	0.845
C152-CKZ06#Mat#chr4	104541082	104613794	0.879	367	15	15	23	0.3947	0	71	0	0.3947	PASS	den	0.7541,0.7717,0.9348,0.7364,0.7228,0.7432,0.7391,0.7391,0.7378,0.7255,0.75,0.7269,0.7473,0.7677,0.7337,0.7649,0.7704,0.7378,0.7663	C152-CKZ06-Mat	Den	72712	0.879
C152-CKZ06#Mat#chr4	104638713	104679908	0.946	210	13	10	19	0.3448	3	31	0.0882	0.2856	PASS	den	0.7588,0.7366,0.822,0.6867,0.6766,0.6891,0.6396,0.703,0.6603,0.6824,0.7069,0.6754,0.671,0.7173,0.6905,0.7177,0.7315,0.6915,0.7157	C152-CKZ06-Mat	Den	41195	0.946
C152-CKZ06#Mat#chr4	120946538	120956388	0.537	109	16	0	2	0	16	48	0.25	0.25	PASS	den	0.5632,0.7919,0.6153,0.3345,0.3119,0.3063,0.2702,0.2983,0.3175,0.3202,0.3237,0.3372,0.3346,0.269,0.3165,0.4983,0.4357,0.3143,0.3662	C152-CKZ06-Mat	Den	9850	0.537
C152-CKZ06#Mat#chr4	134171714	134176825	0.852	60	6	6	9	0.4	0	44	0	0.4	PASS	den	0.7869,0.6148,0.8525,0.5082,0.4754,0.5656,0.4508,0.5328,0.5164,0.5328,0.418,0.5328,0.5738,0.5164,0.6393,0.6393,0.4508,0.459,0.459	C152-CKZ06-Mat	Den	5111	0.852
C152-CKZ06#Mat#chr4	136121069	136153478	0.814	248	13	13	56	0.1884	0	47	0	0.1884	PASS	den	0.5984,0.5783,0.7731,0.6024,0.6145,0.6325,0.6004,0.6285,0.5984,0.5984,0.6506,0.6205,0.6285,0.7751,0.7671,0.7651,0.6004,0.6024,0.7731	C152-CKZ06-Mat	Den	32409	0.814
C152-CKZ06#Mat#chr4	146386447	146400720	0.737	119	6	6	22	0.2143	0	69	0	0.2143	PASS	den	0.6292,0.6458,0.8083,0.5708,0.5125,0.4958,0.6625,0.5208,0.5125,0.5,0.5208,0.6833,0.5083,0.725,0.7292,0.7125,0.7333,0.525,0.5208	C152-CKZ06-Mat	Den	14273	0.737
C152-CKZ06#Mat#chr4	177798131	177810616	0.785	74	5	5	7	0.4167	0	9	0	0.4167	PASS	den	0.6267,0.62,0.9,0.7267,0.7,0.6933,0.7,0.68,0.6933,0.6933,0.6867,0.7067,0.7067,0.68,0.7067,0.6933,0.7133,0.7067,0.7133	C152-CKZ06-Mat	Den	12485	0.785
C152-CKZ06#Mat#chr4	177849475	177859017	0.903	66	7	7	10	0.4118	0	16	0	0.4118	PASS	den	0.7612,0.6493,0.8358,0.6343,0.6418,0.6493,0.6418,0.6642,0.6716,0.6045,0.6194,0.6791,0.6343,0.6194,0.6716,0.6493,0.6791,0.6716,0.6791	C152-CKZ06-Mat	Den	9542	0.903
C152-CKZ06#Mat#chr4	177938867	178089698	0.986	863	67	63	39	0.6176	4	190	0.0206	0.582	PASS	den	0.8003,0.681,0.9272,0.6307,0.6545,0.657,0.6635,0.657,0.6614,0.6373,0.6538,0.6726,0.649,0.6689,0.658,0.6526,0.6573,0.6597,0.6583	C152-CKZ06-Mat	Den	150831	0.986
C152-CKZ06#Mat#chr4	180077576	180097114	0.856	116	10	10	11	0.4762	0	37	0	0.4762	PASS	den	0.7906,0.5855,0.906,0.5983,0.6197,0.5769,0.6154,0.5855,0.641,0.6325,0.6026,0.5983,0.6154,0.5513,0.6026,0.688,0.7009,0.7094,0.5641	C152-CKZ06-Mat	Den	19538	0.856
C152-CKZ06#Mat#chr4	180999561	181016060	0.97	197	79	79	9	0.8977	0	25	0	0.8977	PASS	den	0.5985,0.7172,0.952,0.4672,0.5051,0.4722,0.4874,0.5,0.5025,0.4874,0.4773,0.4773,0.4798,0.4949,0.4975,0.5051,0.4899,0.4899,0.4899	C152-CKZ06-Mat	Den	16499	0.97
C152-CKZ06#Mat#chr4	185113640	185129530	0.911	77	6	6	22	0.2143	0	17	0	0.2143	PASS	den	0.6474,0.5321,0.7179,0.5513,0.5962,0.5962,0.5897,0.5577,0.5449,0.5641,0.5962,0.5449,0.5833,0.7115,0.5641,0.5577,0.5064,0.5962,0.6923	C152-CKZ06-Mat	Den	15890	0.911
C152-CKZ06#Mat#chr3	14297482	14299109	0.524	16	3	3	2	0.6	0	0	0	0.6	PASS	den	0.4118,0.5294,0.8235,0.4706,0.4412,0.4706,0.2941,0.4118,0.4706,0.4706,0.4706,0.4706,0.3235,0.4412,0.4706,0.4118,0.4412,0.4412,0.6176	C152-CKZ06-Mat	Den	1627	0.524
C152-CKZ06#Mat#chr3	21309215	21329998	0.873	164	15	14	10	0.5833	1	35	0.0278	0.5463	PASS	den	0.7062,0.6275,0.9106,0.6289,0.6055,0.5976,0.647,0.5501,0.5502,0.5604,0.5874,0.5476,0.5862,0.5894,0.719,0.6985,0.6253,0.715,0.6866	C152-CKZ06-Mat	Den	20783	0.873
C152-CKZ06#Mat#chr3	22159647	22162160	0.846	48	5	5	2	0.7143	0	41	0	0.7143	PASS	den	0.8878,0.8673,0.9592,0.7347,0.7653,0.7551,0.7143,0.7347,0.7857,0.7449,0.7959,0.7245,0.7857,0.7449,0.7449,0.7143,0.8469,0.7857,0.8571	C152-CKZ06-Mat	Den	2513	0.846
C152-CKZ06#Mat#chr3	32650749	32652652	0.938	103	28	28	18	0.6087	0	94	0	0.6087	PASS	den	0.726,0.5192,0.8269,0.2981,0.2548,0.3173,0.2981,0.3173,0.3125,0.2981,0.2837,0.2644,0.3317,0.5913,0.5962,0.5769,0.5769,0.5865,0.5577	C152-CKZ06-Mat	Den	1903	0.938
C152-CKZ06#Mat#chr3	57503080	57513377	0.878	104	10	10	12	0.4545	0	34	0	0.4545	PASS	den	0.6857,0.6381,0.8095,0.6095,0.6429,0.6476,0.6238,0.6238,0.6571,0.619,0.6,0.6429,0.5905,0.7571,0.8,0.7714,0.7667,0.7571,0.8048	C152-CKZ06-Mat	Den	10297	0.878
C152-CKZ06#Mat#chr3	75902828	75917393	0.922	112	8	8	13	0.381	0	55	0	0.381	PASS	den	0.823,0.7788,0.8805,0.6416,0.7345,0.7478,0.7212,0.7345,0.6858,0.6858,0.7301,0.7301,0.6858,0.8186,0.8274,0.8186,0.6726,0.6681,0.6991	C152-CKZ06-Mat	Den	14565	0.922
C152-CKZ06#Mat#chr3	87918426	87990861	0.976	460	26	24	52	0.3158	2	169	0.0117	0.2924	PASS	den	0.7384,0.6399,0.8599,0.6292,0.6525,0.64,0.6389,0.6363,0.6479,0.6204,0.644,0.6249,0.6296,0.6954,0.7284,0.7045,0.6943,0.7043,0.6933	C152-CKZ06-Mat	Den	72435	0.976
C152-CKZ06#Mat#chr3	89967882	89969872	0.821	35	7	7	0	1	0	29	0	1	PASS	den	0.8889,0.9028,1.0,0.7083,0.7639,0.7083,0.6667,0.7222,0.7917,0.6667,0.75,0.7361,0.8056,0.8889,0.7917,0.7917,0.8056,0.8056,0.8056	C152-CKZ06-Mat	Den	1990	0.821
C152-CKZ06#Mat#chr3	111148644	111174117	0.856	157	7	7	16	0.3043	0	36	0	0.3043	PASS	den	0.8006,0.6835,0.8956,0.6899,0.6867,0.7437,0.6804,0.6677,0.7057,0.6867,0.6867,0.6994,0.6804,0.7215,0.6772,0.712,0.7911,0.7025,0.7658	C152-CKZ06-Mat	Den	25473	0.856
C152-CKZ06#Mat#chr3	124999925	125014953	0.934	102	15	15	12	0.5556	0	55	0	0.5556	PASS	den	0.835,0.699,0.8786,0.5728,0.6068,0.5874,0.5728,0.6117,0.5971,0.5291,0.5922,0.5777,0.5874,0.733,0.733,0.6068,0.5583,0.5534,0.5631	C152-CKZ06-Mat	Den	15028	0.934
C152-CKZ06#Mat#chr3	142003946	142010939	0.909	66	9	9	6	0.6	0	51	0	0.6	PASS	den	0.8209,0.8134,0.8881,0.6716,0.6343,0.6716,0.6493,0.6642,0.6791,0.7015,0.7164,0.6567,0.6493,0.8358,0.8358,0.8433,0.8284,0.8284,0.8209	C152-CKZ06-Mat	Den	6993	0.909
C152-CKZ06#Mat#chr3	147821632	147832202	0.896	78	6	6	7	0.4615	0	23	0	0.4615	PASS	den	0.7342,0.5949,0.9114,0.5696,0.5823,0.5949,0.5696,0.5696,0.5633,0.557,0.5127,0.5759,0.557,0.6329,0.6962,0.538,0.6962,0.7025,0.7089	C152-CKZ06-Mat	Den	10570	0.896
C152-CKZ06#Mat#chr3	150156346	150159145	0.899	67	7	7	5	0.5833	0	50	0	0.5833	PASS	den	0.7721,0.6691,0.9118,0.5662,0.5515,0.5956,0.5956,0.5588,0.5588,0.6324,0.5515,0.5294,0.5882,0.6103,0.5735,0.5735,0.7206,0.6029,0.5809	C152-CKZ06-Mat	Den	2799	0.899
C152-CKZ06#Mat#chr3	200292515	200334419	0.961	632	164	6	116	0.0492	158	306	0.3405	0.3299	PASS	den	0.3382,0.6222,0.6721,0.2571,0.1933,0.2179,0.2629,0.3806,0.3836,0.1732,0.233,0.3637,0.3871,0.2843,0.242,0.5749,0.5581,0.2653,0.5844	C152-CKZ06-Mat	Den	41904	0.961
C152-CKZ06#Mat#chr3	200545976	200550428	0.638	68	10	1	2	0.3333	9	44	0.1698	0.1862	PASS	den	0.6503,0.8305,0.7371,0.3574,0.4552,0.4397,0.4411,0.4821,0.4185,0.3988,0.4847,0.4274,0.4422,0.4003,0.5517,0.5887,0.5876,0.4695,0.46	C152-CKZ06-Mat	Den	4452	0.638
C152-CKZ06#Mat#chr6	7410764	7447403	0.913	205	15	15	21	0.4167	0	50	0	0.4167	PASS	den	0.7791,0.6869,0.8859,0.6845,0.6796,0.665,0.7063,0.6845,0.682,0.6772,0.7087,0.6869,0.7015,0.6893,0.784,0.7985,0.8107,0.8058,0.6917	C152-CKZ06-Mat	Den	36639	0.913
C152-CKZ06#Mat#chr6	13479435	13490352	0.892	71	6	6	9	0.4	0	11	0	0.4	PASS	den	0.6944,0.5764,0.7708,0.5347,0.5208,0.5208,0.5764,0.5278,0.5347,0.5486,0.5347,0.4653,0.5069,0.5625,0.5208,0.6736,0.5278,0.4931,0.5278	C152-CKZ06-Mat	Den	10917	0.892
C152-CKZ06#Mat#chr6	29056527	29061198	0.731	29	4	4	1	0.8	0	14	0	0.8	PASS	den	0.9167,0.8833,0.9667,0.8333,0.75,0.85,0.8167,0.7167,0.7333,0.7333,0.7333,0.8167,0.85,0.8167,0.9167,0.85,0.9167,0.85,0.9167	C152-CKZ06-Mat	Den	4671	0.731
C152-CKZ06#Mat#chr6	31008805	31022200	0.802	138	6	6	47	0.1132	0	33	0	0.1132	PASS	den	0.6151,0.518,0.6475,0.5216,0.4496,0.4928,0.5072,0.5036,0.4568,0.4928,0.464,0.5144,0.464,0.4245,0.6511,0.4568,0.5144,0.4928,0.464	C152-CKZ06-Mat	Den	13395	0.802
C152-CKZ06#Mat#chr6	38402410	38430843	0.942	133	14	14	13	0.5185	0	27	0	0.5185	PASS	den	0.8582,0.6269,0.903,0.5448,0.5224,0.5784,0.5261,0.5224,0.4963,0.5112,0.5709,0.5336,0.541,0.5933,0.5149,0.6045,0.6007,0.597,0.6045	C152-CKZ06-Mat	Den	28433	0.942
C152-CKZ06#Mat#chr6	51746896	51778850	0.959	186	63	62	6	0.9118	1	37	0.0263	0.8977	PASS	den	0.5933,0.5571,0.7979,0.5055,0.5135,0.5374,0.5429,0.5297,0.5033,0.4977,0.5188,0.5346,0.5156,0.7376,0.7343,0.5318,0.74,0.5457,0.5193	C152-CKZ06-Mat	Den	31954	0.959
C152-CKZ06#Mat#chr6	102556404	102562579	0.875	49	7	7	4	0.6364	0	28	0	0.6364	PASS	den	0.73,0.72,0.92,0.7,0.65,0.62,0.66,0.64,0.64,0.67,0.67,0.65,0.59,0.77,0.77,0.78,0.77,0.79,0.79	C152-CKZ06-Mat	Den	6175	0.875
C152-CKZ06#Mat#chr6	137258407	137263589	0.88	57	6	6	4	0.6	0	56	0	0.6	PASS	den	0.8621,0.8448,0.931,0.7328,0.7328,0.7845,0.7759,0.7414,0.7155,0.7241,0.75,0.7328,0.681,0.6724,0.681,0.681,0.7155,0.569,0.7069	C152-CKZ06-Mat	Den	5182	0.88
C152-CKZ06#Mat#chr6	141824846	141899714	0.795	251	10	9	51	0.15	1	82	0.012	0.1362	PASS	den	0.7096,0.6961,0.7684,0.7122,0.7298,0.7206,0.6956,0.6943,0.7191,0.7149,0.7113,0.724,0.713,0.7185,0.7612,0.7799,0.7263,0.6935,0.7137	C152-CKZ06-Mat	Den	74868	0.795
C152-CKZ06#Mat#chr6	145946987	145959042	0.856	50	5	5	3	0.625	0	16	0	0.625	PASS	den	0.7059,0.6569,0.902,0.6275,0.7059,0.6667,0.7255,0.7157,0.7157,0.6961,0.6961,0.6961,0.7157,0.6569,0.7157,0.7157,0.7157,0.7255,0.7255	C152-CKZ06-Mat	Den	12055	0.856
C152-CKZ06#Mat#chr6	165785722	165803821	0.913	135	7	7	20	0.2593	0	25	0	0.2593	PASS	den	0.7206,0.7353,0.8493,0.761,0.7794,0.7757,0.7426,0.7647,0.7647,0.7904,0.8051,0.7904,0.7868,0.8088,0.7831,0.875,0.8529,0.739,0.875	C152-CKZ06-Mat	Den	18099	0.913
C152-CKZ06#Mat#chr6	170586418	170595410	0.908	80	13	13	23	0.3611	0	51	0	0.3611	PASS	den	0.6481,0.5247,0.7037,0.3951,0.4259,0.4444,0.4198,0.4012,0.3642,0.4012,0.3765,0.4074,0.3951,0.3889,0.3765,0.4136,0.6543,0.3765,0.6852	C152-CKZ06-Mat	Den	8992	0.908
C152-CKZ06#Mat#chr6	170876480	170884991	0.851	77	6	6	22	0.2143	0	17	0	0.2143	PASS	den	0.6603,0.5897,0.6987,0.5513,0.5321,0.5449,0.5192,0.5385,0.5769,0.5321,0.5256,0.5641,0.5385,0.5513,0.5321,0.5513,0.5962,0.5641,0.5705	C152-CKZ06-Mat	Den	8511	0.851
C152-CKZ06#Mat#chr5	680910	688286	0.916	107	9	9	10	0.4737	0	65	0	0.4737	PASS	den	0.7897,0.6822,0.8972,0.5981,0.5187,0.5467,0.6028,0.5841,0.5701,0.528,0.514,0.5514,0.5935,0.6542,0.6589,0.6355,0.6776,0.6776,0.6308	C152-CKZ06-Mat	Den	7376	0.916
C152-CKZ06#Mat#chr5	17358329	17386432	0.894	156	14	10	3	0.7692	4	31	0.1143	0.5821	PASS	den	0.7385,0.7126,0.8468,0.6514,0.6498,0.6773,0.6362,0.674,0.6463,0.646,0.6571,0.64,0.6686,0.6723,0.672,0.6466,0.6916,0.6687,0.6624	C152-CKZ06-Mat	Den	28103	0.894
C152-CKZ06#Mat#chr5	19885783	19891733	0.839	41	5	5	2	0.7143	0	7	0	0.7143	PASS	den	0.7857,0.6667,0.9524,0.6786,0.6667,0.7143,0.7381,0.6786,0.6667,0.75,0.6667,0.6548,0.7381,0.8333,0.8095,0.8333,0.8095,0.8214,0.7976	C152-CKZ06-Mat	Den	5950	0.839
C152-CKZ06#Mat#chr5	23716447	23725995	0.912	73	22	22	9	0.7097	1	12	0.0769	0.6822	PASS	den	0.606,0.5969,0.8595,0.4983,0.5051,0.4848,0.4825,0.5024,0.4947,0.4669,0.5079,0.5019,0.5195,0.5082,0.5262,0.4896,0.7221,0.7179,0.7173	C152-CKZ06-Mat	Den	9548	0.912
C152-CKZ06#Mat#chr5	37858600	37875792	0.819	125	9	9	17	0.3462	0	64	0	0.3462	PASS	den	0.8095,0.7778,0.8611,0.6944,0.7024,0.7103,0.6905,0.7143,0.7063,0.7143,0.6984,0.6944,0.6865,0.8333,0.7063,0.7103,0.7103,0.7024,0.8373	C152-CKZ06-Mat	Den	17192	0.819
C152-CKZ06#Mat#chr5	44838062	44890729	0.95	290	18	18	26	0.4091	0	83	0	0.4091	PASS	den	0.7285,0.7234,0.9089,0.6254,0.5962,0.6203,0.5979,0.6409,0.5997,0.6375,0.6357,0.5997,0.5722,0.6048,0.6065,0.5997,0.6065,0.6168,0.61	C152-CKZ06-Mat	Den	52667	0.95
C152-CKZ06#Mat#chr5	72532245	72666831	0.949	496	82	1	104	0.0095	81	211	0.2774	0.2741	PASS	den	0.3335,0.5469,0.6042,0.3034,0.2564,0.3013,0.3763,0.227,0.3012,0.3081,0.2767,0.2514,0.2574,0.2327,0.1233,0.211,0.5294,0.4621,0.4552	C152-CKZ06-Mat	Den	134586	0.949
C152-CKZ06#Mat#chr5	116434472	116437300	0.715	32	4	4	6	0.4	0	21	0	0.4	PASS	den	0.7576,0.697,0.803,0.5909,0.6061,0.5909,0.6061,0.5909,0.5606,0.5758,0.6061,0.5909,0.5455,0.6061,0.5909,0.6061,0.803,0.5606,0.5455	C152-CKZ06-Mat	Den	2828	0.715
C152-CKZ06#Mat#chr5	153778100	153781328	0.552	30	3	3	1	0.75	0	25	0	0.75	PASS	den	0.8387,0.6774,0.9194,0.629,0.5484,0.5484,0.5645,0.5161,0.5323,0.5645,0.5645,0.5968,0.5645,0.6774,0.6774,0.6935,0.5484,0.5484,0.4839	C152-CKZ06-Mat	Den	3228	0.552
C152-CKZ06#Mat#chr5	165007603	165042491	0.947	317	55	54	86	0.3857	1	97	0.0102	0.3789	PASS	den	0.6005,0.5709,0.6375,0.4356,0.446,0.4446,0.4437,0.4516,0.4412,0.4471,0.4592,0.4691,0.419,0.4339,0.4792,0.4343,0.4339,0.438,0.4551	C152-CKZ06-Mat	Den	34888	0.947
C152-CKZ06#Mat#chr5	179437438	179483253	0.912	198	9	9	4	0.6923	0	156	0	0.6923	PASS	den	0.9221,0.8141,0.9774,0.7286,0.7387,0.7186,0.7337,0.7513,0.7035,0.7739,0.6935,0.7286,0.7412,0.8241,0.8141,0.7688,0.7513,0.7462,0.7412	C152-CKZ06-Mat	Den	45815	0.912
C152-CKZ06#Mat#chr8	12874848	13101739	0.992	2594	134	133	129	0.5076	1	1132	9e-4	0.5039	PASS	den	0.8443,0.7816,0.9431,0.7233,0.7231,0.7179,0.7446,0.7307,0.7336,0.7124,0.7353,0.7301,0.7286,0.756,0.7465,0.7519,0.7471,0.7305,0.749	C152-CKZ06-Mat	Den	226891	0.992
C152-CKZ06#Mat#chr8	84877115	84921233	0.963	354	40	40	29	0.5797	0	93	0	0.5797	PASS	den	0.738,0.6183,0.9113,0.5662,0.5521,0.5873,0.607,0.6465,0.6338,0.593,0.5915,0.6366,0.5915,0.6408,0.6,0.7394,0.6,0.7324,0.7296	C152-CKZ06-Mat	Den	44118	0.963
C152-CKZ06#Mat#chr10	6812437	6819310	0.934	104	10	10	8	0.5556	0	85	0	0.5556	PASS	den	0.8667,0.7238,0.9238,0.5286,0.6333,0.5286,0.5429,0.6333,0.5571,0.6619,0.6286,0.5667,0.5762,0.7571,0.5476,0.7381,0.7476,0.6524,0.7619	C152-CKZ06-Mat	Den	6873	0.934
C152-CKZ06#Mat#chr10	32849534	32868533	0.925	116	7	7	17	0.2917	0	42	0	0.2917	PASS	den	0.7821,0.6667,0.8462,0.6282,0.6325,0.6368,0.6453,0.6581,0.6667,0.6239,0.6325,0.6197,0.6709,0.6368,0.7521,0.7436,0.641,0.6538,0.6453	C152-CKZ06-Mat	Den	18999	0.925
C152-CKZ06#Mat#chr10	46425164	46527830	0.869	456	23	23	48	0.3239	0	95	0	0.3239	PASS	den	0.7823,0.6958,0.8917,0.7002,0.7002,0.6816,0.7079,0.698,0.7024,0.7024,0.6893,0.7166,0.6882,0.7024,0.6838,0.6871,0.7024,0.7101,0.6958	C152-CKZ06-Mat	Den	102666	0.869
C152-CKZ06#Mat#chr10	49131536	49287971	0.973	678	34	34	25	0.5763	0	653	0	0.5763	PASS	den	0.8726,0.8395,0.961,0.7695,0.7334,0.7246,0.7246,0.7526,0.7658,0.7518,0.7401,0.7305,0.7386,0.7194,0.8218,0.7305,0.8189,0.8277,0.8284	C152-CKZ06-Mat	Den	156435	0.973
C152-CKZ06#Mat#chr10	53983568	54065551	0.985	517	66	66	39	0.6286	0	342	0	0.6286	PASS	den	0.8041,0.7056,0.8842,0.5647,0.5666,0.5734,0.5598,0.5994,0.6042,0.5888,0.5753,0.5734,0.5666,0.7693,0.7732,0.7674,0.582,0.6052,0.584	C152-CKZ06-Mat	Den	81983	0.985
C152-CKZ06#Mat#chr10	68444417	68460065	0.572	88	5	5	5	0.5	0	23	0	0.5	PASS	den	0.7022,0.6966,0.9438,0.6685,0.6685,0.6798,0.6629,0.6685,0.7079,0.6292,0.7022,0.6348,0.6292,0.7584,0.6461,0.6461,0.6461,0.6798,0.7697	C152-CKZ06-Mat	Den	15648	0.572
C152-CKZ06#Mat#chr10	85559699	85574546	0.927	113	8	8	4	0.6667	0	68	0	0.6667	PASS	den	0.8947,0.7368,0.9649,0.6579,0.6491,0.6667,0.636,0.6535,0.6316,0.6184,0.693,0.6798,0.6491,0.6623,0.6579,0.6535,0.6711,0.693,0.6491	C152-CKZ06-Mat	Den	14847	0.927
C152-CKZ06#Mat#chr10	92400203	92451953	0.974	233	46	45	30	0.6	1	54	0.0182	0.5874	PASS	den	0.6635,0.6028,0.8572,0.5961,0.6081,0.5893,0.591,0.5903,0.5838,0.5718,0.5845,0.6238,0.6001,0.5867,0.5884,0.5896,0.6023,0.7306,0.7355	C152-CKZ06-Mat	Den	51750	0.974
C152-CKZ06#Mat#chr10	92493234	92540779	0.972	251	20	20	4	0.8333	0	58	0	0.8333	PASS	den	0.8433,0.7738,0.9583,0.752,0.7877,0.7798,0.752,0.754,0.746,0.754,0.7579,0.7262,0.7599,0.7599,0.748,0.75,0.7698,0.7579,0.7579	C152-CKZ06-Mat	Den	47545	0.972
C152-CKZ06#Mat#chr10	117262770	117267154	0.578	24	3	3	9	0.25	0	4	0	0.25	PASS	den	0.52,0.56,0.62,0.52,0.5,0.48,0.48,0.48,0.5,0.48,0.48,0.48,0.5,0.48,0.46,0.66,0.5,0.72,0.5	C152-CKZ06-Mat	Den	4384	0.578
C152-CKZ06#Mat#chr10	120624650	120634850	0.904	65	9	9	8	0.5294	0	17	0	0.5294	PASS	den	0.6212,0.6288,0.8636,0.5909,0.6288,0.5682,0.5758,0.5985,0.5909,0.5909,0.5606,0.5758,0.5606,0.5909,0.6136,0.6061,0.5758,0.7652,0.5758	C152-CKZ06-Mat	Den	10200	0.904
C152-CKZ06#Mat#chr7	7034089	7037426	0.541	43	3	3	8	0.2727	0	33	0	0.2727	PASS	den	0.6705,0.7386,0.7955,0.6932,0.7159,0.7614,0.6705,0.6818,0.75,0.6364,0.7159,0.6477,0.7045,0.7727,0.5227,0.6932,0.5909,0.6591,0.6023	C152-CKZ06-Mat	Den	3337	0.541
C152-CKZ06#Mat#chr7	7326518	7342148	0.933	125	9	7	24	0.2258	2	40	0.0476	0.1862	PASS	den	0.5678,0.5637,0.6945,0.5609,0.5838,0.5774,0.5601,0.5755,0.5838,0.5936,0.5668,0.6067,0.571,0.5867,0.5566,0.685,0.5953,0.6605,0.6737	C152-CKZ06-Mat	Den	15630	0.933
C152-CKZ06#Mat#chr7	33141645	33204784	0.912	395	20	17	41	0.2931	3	197	0.015	0.2514	PASS	den	0.8038,0.7713,0.8481,0.6718,0.6458,0.6508,0.6992,0.7173,0.7068,0.6777,0.6855,0.7077,0.7235,0.7169,0.7439,0.7013,0.7127,0.7189,0.7698	C152-CKZ06-Mat	Den	63139	0.912
C152-CKZ06#Mat#chr7	36289918	36303386	0.918	91	18	18	4	0.8182	0	15	0	0.8182	PASS	den	0.5761,0.5489,0.75,0.5543,0.5435,0.5272,0.5761,0.5707,0.5217,0.5761,0.5435,0.5435,0.5272,0.538,0.7065,0.7283,0.5326,0.6087,0.5815	C152-CKZ06-Mat	Den	13468	0.918
C152-CKZ06#Mat#chr7	77567800	77630777	0.931	307	13	13	27	0.325	0	248	0	0.325	PASS	den	0.8442,0.75,0.9091,0.5909,0.6234,0.6818,0.6169,0.6104,0.6023,0.6591,0.6088,0.6737,0.6153,0.6234,0.6039,0.6607,0.6266,0.7468,0.6071	C152-CKZ06-Mat	Den	62977	0.931
C152-CKZ06#Mat#chr7	77799754	77804036	0.536	34	3	3	3	0.5	0	29	0	0.5	PASS	den	0.8143,0.8714,0.9,0.8143,0.8,0.8143,0.8,0.8286,0.8143,0.7143,0.7,0.7,0.8286,0.8,0.7857,0.8,0.8286,0.8,0.8	C152-CKZ06-Mat	Den	4282	0.536
C152-CKZ06#Mat#chr7	103226197	103264892	0.897	195	38	2	32	0.0588	36	158	0.1856	0.1789	PASS	den	0.5688,0.7489,0.7503,0.0661,0.055,0.0942,0.086,0.0728,0.0848,0.0527,0.0728,0.0567,0.0652,0.4186,0.2139,0.1109,0.1159,0.0935,0.0995	C152-CKZ06-Mat	Den	38695	0.897
C152-CKZ06#Mat#chr7	134528867	134540323	0.93	95	19	19	22	0.4634	0	65	0	0.4634	PASS	den	0.6875,0.4844,0.7708,0.3438,0.3281,0.3333,0.375,0.349,0.375,0.349,0.3333,0.3646,0.3438,0.5938,0.6042,0.5938,0.6042,0.3281,0.3177	C152-CKZ06-Mat	Den	11456	0.93
C152-CKZ06#Mat#chr7	147464338	147490656	0.957	185	21	20	12	0.625	2	59	0.0328	0.5712	PASS	den	0.685,0.5783,0.8964,0.5074,0.5639,0.58,0.5679,0.5692,0.5669,0.5578,0.5725,0.5638,0.5838,0.5889,0.5754,0.5817,0.5837,0.5858,0.5728	C152-CKZ06-Mat	Den	26318	0.957
C152-CKZ06#Mat#chr7	153211967	153260797	0.816	308	11	10	32	0.2381	1	225	0.0044	0.2169	PASS	den	0.8255,0.7961,0.8685,0.7287,0.7128,0.6714,0.6981,0.7015,0.6896,0.6754,0.7261,0.6963,0.7086,0.793,0.778,0.6953,0.6955,0.7081,0.7932	C152-CKZ06-Mat	Den	48830	0.816
C152-CKZ06#Mat#chr11	10535345	10548864	0.905	151	61	42	19	0.6885	51	41	0.5543	0.6149	PASS	den	0.5893,0.5845,0.6496,0.2934,0.2534,0.2919,0.2776,0.2959,0.2925,0.2944,0.3129,0.2732,0.3256,0.2745,0.2646,0.2806,0.344,0.306,0.3534	C152-CKZ06-Mat	Den	13519	0.905
C152-CKZ06#Mat#chr11	19175507	19185062	0.903	63	7	7	5	0.5833	0	13	0	0.5833	PASS	den	0.6484,0.6328,0.9219,0.6641,0.5859,0.6562,0.5703,0.6719,0.5859,0.5938,0.6484,0.5938,0.5859,0.5781,0.6562,0.6016,0.7578,0.5938,0.5703	C152-CKZ06-Mat	Den	9555	0.903
C152-CKZ06#Mat#chr11	25031052	25039172	0.828	78	5	5	6	0.4545	0	51	0	0.4545	PASS	den	0.8291,0.8418,0.9241,0.7658,0.7658,0.7722,0.7658,0.7722,0.7722,0.7658,0.7278,0.7532,0.7278,0.7785,0.7785,0.7405,0.8734,0.8861,0.8734	C152-CKZ06-Mat	Den	8120	0.828
C152-CKZ06#Mat#chr11	42987062	43029467	0.983	437	75	75	28	0.7282	0	164	0	0.7282	PASS	den	0.8037,0.653,0.9304,0.6005,0.5879,0.6142,0.597,0.6221,0.5925,0.5902,0.589,0.597,0.5856,0.6221,0.6096,0.5879,0.621,0.6062,0.6358	C152-CKZ06-Mat	Den	42405	0.983
C152-CKZ06#Mat#chr11	56271537	56274525	0.827	69	7	7	11	0.3889	0	42	0	0.3889	PASS	den	0.7714,0.8214,0.8214,0.7429,0.75,0.7857,0.7643,0.7571,0.7071,0.7571,0.7643,0.7071,0.7429,0.7786,0.7786,0.7643,0.8643,0.75,0.8643	C152-CKZ06-Mat	Den	2988	0.827
C152-CKZ06#Mat#chr11	56323479	56326811	0.673	53	4	4	9	0.3077	0	47	0	0.3077	PASS	den	0.7593,0.7778,0.8333,0.8056,0.8148,0.7685,0.7593,0.7778,0.7315,0.7778,0.787,0.7778,0.8056,0.787,0.787,0.7778,0.8796,0.7593,0.8796	C152-CKZ06-Mat	Den	3332	0.673
C152-CKZ06#Mat#chr11	56405782	56407490	0.607	38	4	4	0	1	0	31	0	1	PASS	den	0.9231,0.6923,1.0,0.6026,0.641,0.4103,0.6154,0.641,0.5897,0.6282,0.6538,0.641,0.641,0.7051,0.641,0.6282,0.7051,0.6282,0.7051	C152-CKZ06-Mat	Den	1708	0.607
C152-CKZ06#Mat#chr11	59476695	59512671	0.617	228	8	8	19	0.2963	0	65	0	0.2963	PASS	den	0.8472,0.6856,0.917,0.5786,0.5742,0.6725,0.5764,0.6878,0.5786,0.5459,0.5393,0.5764,0.6878,0.583,0.5764,0.5873,0.714,0.7118,0.7009	C152-CKZ06-Mat	Den	35976	0.617
C152-CKZ06#Mat#chr11	68392315	68399025	0.74	79	5	5	6	0.4545	0	59	0	0.4545	PASS	den	0.775,0.6875,0.9187,0.6625,0.55,0.625,0.6625,0.5938,0.65,0.6375,0.6813,0.65,0.625,0.6562,0.6438,0.5875,0.5938,0.5938,0.5813	C152-CKZ06-Mat	Den	6710	0.74
C152-CKZ06#Mat#chr11	71225223	71234071	0.635	39	4	4	2	0.6667	0	4	0	0.6667	PASS	den	0.8,0.8,0.95,0.7,0.725,0.7375,0.6875,0.675,0.725,0.775,0.725,0.675,0.75,0.7375,0.6875,0.7375,0.725,0.7375,0.825	C152-CKZ06-Mat	Den	8848	0.635
C152-CKZ06#Mat#chr11	98632492	98640007	0.9	60	17	15	2	0.8824	3	15	0.1667	0.7631	PASS	den	0.5837,0.5539,0.8581,0.5273,0.4583,0.5456,0.4768,0.4434,0.449,0.4727,0.475,0.4553,0.4766,0.4561,0.6144,0.4567,0.6613,0.4782,0.6546	C152-CKZ06-Mat	Den	7515	0.9
C152-CKZ06#Mat#chr11	104034914	104064824	0.88	287	11	11	12	0.4783	0	94	0	0.4783	PASS	den	0.6823,0.7465,0.9358,0.6788,0.6753,0.5955,0.5833,0.6806,0.5868,0.6528,0.6719,0.6719,0.592,0.724,0.7413,0.783,0.5885,0.6719,0.7552	C152-CKZ06-Mat	Den	29910	0.88
C152-CKZ06#Mat#chr11	111207977	111218113	0.939	111	11	11	25	0.3056	0	75	0	0.3056	PASS	den	0.7366,0.6786,0.7768,0.5938,0.5893,0.567,0.567,0.5536,0.5446,0.5536,0.5982,0.5625,0.5804,0.7009,0.683,0.5625,0.5357,0.7143,0.7054	C152-CKZ06-Mat	Den	10136	0.939
C152-CKZ06#Mat#chr9	15694207	15706573	0.667	98	6	6	11	0.3529	0	35	0	0.3529	PASS	den	0.8232,0.6414,0.8838,0.6061,0.5909,0.6566,0.596,0.6515,0.6263,0.6566,0.6061,0.5909,0.6061,0.7374,0.5859,0.7424,0.6162,0.7374,0.7424	C152-CKZ06-Mat	Den	12366	0.667
C152-CKZ06#Mat#chr9	24822936	24829581	0.897	57	16	15	11	0.5769	1	22	0.0435	0.5436	PASS	den	0.5171,0.6066,0.7895,0.4628,0.4371,0.4663,0.4629,0.4683,0.4428,0.4464,0.4596,0.4539,0.453,0.672,0.6218,0.451,0.6733,0.679,0.4511	C152-CKZ06-Mat	Den	6645	0.897
C152-CKZ06#Mat#chr9	38959275	39013522	0.944	389	61	13	25	0.3421	48	297	0.1391	0.1824	PASS	den	0.7259,0.7172,0.7762,0.4412,0.4297,0.3825,0.4342,0.4217,0.4643,0.4112,0.4566,0.4414,0.4171,0.4399,0.4434,0.4203,0.5059,0.5159,0.5115	C152-CKZ06-Mat	Den	54247	0.944
C152-CKZ06#Mat#chr9	39220819	39228015	0.571	36	3	3	1	0.75	0	32	0	0.75	PASS	den	0.9189,0.7432,0.973,0.7027,0.6757,0.6622,0.6622,0.6892,0.5676,0.6622,0.6486,0.5811,0.6622,0.5811,0.5946,0.7027,0.5811,0.5811,0.5811	C152-CKZ06-Mat	Den	7196	0.571
C152-CKZ06#Mat#chr9	80757525	80792036	0.789	199	9	8	12	0.4	1	104	0.0095	0.3566	PASS	den	0.7463,0.8024,0.9037,0.7116,0.7969,0.7983,0.801,0.6829,0.7803,0.7236,0.8084,0.7246,0.7685,0.7945,0.7848,0.8084,0.8553,0.8572,0.8007	C152-CKZ06-Mat	Den	34511	0.789
C152-CKZ06#Mat#chr9	81915124	81923316	0.886	61	6	6	2	0.75	0	57	0	0.75	PASS	den	0.7742,0.5968,0.9677,0.6371,0.5806,0.6532,0.629,0.6371,0.6452,0.6371,0.6048,0.5242,0.629,0.629,0.629,0.629,0.621,0.5968,0.6129	C152-CKZ06-Mat	Den	8192	0.886
C152-CKZ06#Mat#chr9	113595014	113613571	0.95	117	29	29	10	0.7436	0	34	0	0.7436	PASS	den	0.6525,0.572,0.911,0.5508,0.5636,0.5551,0.5466,0.5424,0.5932,0.6059,0.5593,0.5593,0.5339,0.5593,0.5636,0.5678,0.572,0.589,0.5763	C152-CKZ06-Mat	Den	18557	0.95
C152-CKZ06#Mat#chr9	131309100	131314188	0.879	49	6	6	13	0.3158	0	8	0	0.3158	PASS	den	0.64,0.68,0.74,0.61,0.61,0.58,0.61,0.61,0.62,0.62,0.6,0.61,0.62,0.62,0.64,0.61,0.61,0.59,0.63	C152-CKZ06-Mat	Den	5088	0.879
C152-CKZ06#Mat#chr9	133226749	133234236	0.607	53	4	4	7	0.3636	0	40	0	0.3636	PASS	den	0.8241,0.8148,0.8704,0.7315,0.6944,0.7407,0.6481,0.713,0.6759,0.7222,0.6852,0.7037,0.7222,0.8519,0.8241,0.7407,0.7222,0.7222,0.7407	C152-CKZ06-Mat	Den	7487	0.607
C152-CKZ06#Mat#chr9	133247633	133311693	0.965	611	35	23	25	0.4792	12	438	0.0267	0.324	PASS	den	0.7879,0.7464,0.8414,0.539,0.5014,0.5222,0.6521,0.5693,0.5431,0.6639,0.6722,0.5557,0.5441,0.6253,0.6142,0.7056,0.6697,0.7008,0.6914	C152-CKZ06-Mat	Den	64060	0.965
C152-CKZ06#Mat#chr13	10541955	10544606	0.802	35	11	11	8	0.5789	0	21	0	0.5789	PASS	den	0.7222,0.625,0.7639,0.4722,0.4583,0.4861,0.4861,0.4861,0.4722,0.4306,0.5139,0.4583,0.4444,0.5556,0.5694,0.5278,0.5972,0.4583,0.4861	C152-CKZ06-Mat	Den	2651	0.802
C152-CKZ06#Mat#chr13	11820715	11851048	0.745	134	10	9	13	0.4091	1	22	0.0435	0.3725	PASS	den	0.8074,0.7147,0.8688,0.6001,0.6353,0.6073,0.5885,0.5901,0.6346,0.5802,0.6017,0.5877,0.5713,0.5921,0.5824,0.6163,0.5796,0.5918,0.6166	C152-CKZ06-Mat	Den	30333	0.745
C152-CKZ06#Mat#chr13	42538832	42566302	0.959	200	13	13	28	0.3171	0	54	0	0.3171	PASS	den	0.7313,0.6493,0.8532,0.602,0.6318,0.6393,0.6443,0.6567,0.6567,0.6194,0.6318,0.6144,0.6219,0.6841,0.6368,0.6219,0.6269,0.6318,0.6766	C152-CKZ06-Mat	Den	27470	0.959
C152-CKZ06#Mat#chr13	68682796	68752394	0.983	486	21	19	80	0.1919	2	107	0.0183	0.1754	PASS	den	0.7638,0.6147,0.8078,0.5782,0.5835,0.6241,0.6015,0.6013,0.5747,0.5775,0.5938,0.5862,0.6001,0.6548,0.6489,0.614,0.6646,0.6468,0.6583	C152-CKZ06-Mat	Den	69598	0.983
C152-CKZ06#Mat#chr13	82942654	82951310	0.898	112	10	10	8	0.5556	0	103	0	0.5556	PASS	den	0.8363,0.6726,0.9292,0.5133,0.5265,0.6106,0.5929,0.5354,0.6062,0.5265,0.5265,0.5442,0.5398,0.6504,0.5487,0.6681,0.5354,0.5885,0.5752	C152-CKZ06-Mat	Den	8656	0.898
C152-CKZ06#Mat#chr12	7258042	7307943	0.967	316	15	15	48	0.2381	0	111	0	0.2381	PASS	den	0.776,0.7003,0.8454,0.7019,0.7114,0.7208,0.6767,0.6593,0.664,0.6814,0.6656,0.7003,0.7003,0.8028,0.6688,0.6703,0.6735,0.6735,0.7035	C152-CKZ06-Mat	Den	49901	0.967
C152-CKZ06#Mat#chr12	11589586	11596597	0.915	78	11	11	8	0.5789	0	65	0	0.5789	PASS	den	0.7911,0.7215,0.8987,0.5886,0.5696,0.538,0.5759,0.6013,0.5633,0.6203,0.5886,0.5633,0.6266,0.7468,0.6076,0.5823,0.5886,0.5759,0.5696	C152-CKZ06-Mat	Den	7011	0.915
C152-CKZ06#Mat#chr12	18206246	18214326	0.865	56	10	9	9	0.5	1	16	0.0588	0.4559	PASS	den	0.7064,0.6013,0.8084,0.5516,0.4763,0.4499,0.4903,0.5332,0.5261,0.4459,0.418,0.518,0.4508,0.4613,0.4593,0.5179,0.6789,0.6699,0.6677	C152-CKZ06-Mat	Den	8080	0.865
C152-CKZ06#Mat#chr12	40071051	40104332	0.959	291	101	0	27	0	101	65	0.6084	0.6084	PASS	den	0.5378,0.6659,0.5671,0.2556,0.2799,0.2408,0.2597,0.2768,0.2517,0.2716,0.2847,0.2769,0.2875,0.5534,0.2485,0.422,0.3166,0.234,0.2659	C152-CKZ06-Mat	Den	33281	0.959
C152-CKZ06#Mat#chr12	42303395	42320551	0.887	152	32	32	19	0.6275	0	34	0	0.6275	PASS	den	0.6993,0.6928,0.8758,0.5588,0.5359,0.5719,0.5359,0.5392,0.5065,0.5261,0.5327,0.5556,0.5523,0.5327,0.5686,0.5882,0.5359,0.7353,0.5915	C152-CKZ06-Mat	Den	17156	0.887
C152-CKZ06#Mat#chr12	50796148	50878802	0.954	337	67	67	53	0.5583	0	94	0	0.5583	PASS	den	0.6109,0.5976,0.8373,0.5488,0.5355,0.5163,0.5607,0.5607,0.5518,0.5207,0.5222,0.5429,0.5059,0.713,0.713,0.5207,0.716,0.7204,0.7086	C152-CKZ06-Mat	Den	82654	0.954
C152-CKZ06#Mat#chr12	54361480	54414177	0.97	520	80	77	60	0.562	3	171	0.0172	0.5416	PASS	den	0.7247,0.6641,0.8695,0.5453,0.4781,0.5105,0.5146,0.5267,0.4989,0.5101,0.5491,0.5255,0.5553,0.6598,0.5455,0.4648,0.509,0.6729,0.6726	C152-CKZ06-Mat	Den	52697	0.97
C152-CKZ06#Mat#chr12	63342387	63347049	0.76	102	6	6	3	0.6667	0	94	0	0.6667	PASS	den	0.9078,0.7476,0.9709,0.7039,0.6505,0.6165,0.6311,0.6796,0.6845,0.6893,0.699,0.6845,0.699,0.7427,0.5728,0.6165,0.6359,0.6893,0.5777	C152-CKZ06-Mat	Den	4662	0.76
C152-CKZ06#Mat#chr12	65612678	65632965	0.736	177	8	8	36	0.1818	0	123	0	0.1818	PASS	den	0.7303,0.6798,0.7921,0.6124,0.677,0.6376,0.6573,0.6433,0.6657,0.5843,0.6854,0.6461,0.6264,0.7416,0.7163,0.75,0.5646,0.6545,0.7556	C152-CKZ06-Mat	Den	20287	0.736
C152-CKZ06#Mat#chr12	72294973	72329033	0.954	214	17	17	25	0.4048	0	55	0	0.4048	PASS	den	0.8349,0.6628,0.8814,0.6372,0.6163,0.614,0.6465,0.6326,0.6605,0.6279,0.6186,0.6279,0.6535,0.6535,0.6349,0.7047,0.7,0.6907,0.6953	C152-CKZ06-Mat	Den	34060	0.954
C152-CKZ06#Mat#chr12	76910475	76919501	0.878	54	6	6	7	0.4615	0	15	0	0.4615	PASS	den	0.7091,0.6364,0.8727,0.6182,0.5455,0.5909,0.6,0.6455,0.6636,0.6091,0.6273,0.6273,0.6364,0.6455,0.6,0.6636,0.6182,0.6273,0.6273	C152-CKZ06-Mat	Den	9026	0.878
C152-CKZ06#Mat#chr12	115821950	115838290	0.918	121	7	7	20	0.2593	0	20	0	0.2593	PASS	den	0.7869,0.7459,0.8279,0.7582,0.7459,0.709,0.7664,0.7705,0.7377,0.7459,0.7623,0.75,0.7623,0.8156,0.7664,0.8443,0.7295,0.75,0.8566	C152-CKZ06-Mat	Den	16340	0.918
C152-CKZ06#Mat#chr14	11362445	11369732	0.967	233	112	0	3	0	112	106	0.5138	0.5138	PASS	den	0.1897,0.3305,0.3763,0.0724,0.0469,0.0282,0.0178,0.1257,0.152,0.0254,0.0318,0.1184,0.0175,0.0715,0.0342,0.0196,0.2047,0.1778,0.296	C152-CKZ06-Mat	Den	7287	0.967
C152-CKZ06#Mat#chr14	12390239	12393878	0.762	35	4	4	11	0.2667	0	9	0	0.2667	PASS	den	0.5417,0.4722,0.6389,0.4861,0.4861,0.4583,0.4444,0.5,0.4583,0.4861,0.4583,0.4861,0.4444,0.6667,0.4583,0.4861,0.6528,0.6667,0.625	C152-CKZ06-Mat	Den	3639	0.762
C152-CKZ06#Mat#chr14	13578456	13594153	0.949	115	42	42	25	0.6269	0	29	0	0.6269	PASS	den	0.6724,0.5862,0.7845,0.4698,0.4267,0.444,0.4267,0.444,0.4612,0.4397,0.431,0.4655,0.4612,0.6983,0.4612,0.4569,0.6897,0.4612,0.4569	C152-CKZ06-Mat	Den	15697	0.949
C152-CKZ06#Mat#chr14	16786136	16787989	0.773	26	5	5	3	0.625	0	12	0	0.625	PASS	den	0.7407,0.7407,0.8519,0.6111,0.6111,0.5741,0.6667,0.6481,0.6481,0.6111,0.5741,0.6481,0.6111,0.7963,0.7778,0.8148,0.7037,0.6852,0.7037	C152-CKZ06-Mat	Den	1853	0.773
C152-CKZ06#Mat#chr14	28142570	28166610	0.917	89	7	7	12	0.3684	0	18	0	0.3684	PASS	den	0.7833,0.6667,0.8667,0.6278,0.65,0.6611,0.6333,0.6167,0.6556,0.6222,0.6389,0.6111,0.6556,0.6611,0.6556,0.6444,0.6167,0.6389,0.6389	C152-CKZ06-Mat	Den	24040	0.917
C152-CKZ06#Mat#chr14	60066777	60079182	0.875	81	9	9	4	0.6923	0	38	0	0.6923	PASS	den	0.8659,0.7378,0.9207,0.6646,0.5854,0.5549,0.5793,0.5976,0.6524,0.628,0.6646,0.6646,0.6585,0.7561,0.6159,0.7561,0.6646,0.6707,0.622	C152-CKZ06-Mat	Den	12405	0.875
C152-CKZ06#Mat#chr14	64643172	64665800	0.896	151	7	7	19	0.2692	0	39	0	0.2692	PASS	den	0.6316,0.6086,0.8717,0.6546,0.7039,0.6316,0.7039,0.7105,0.6875,0.7237,0.6711,0.6612,0.6875,0.6612,0.5987,0.6678,0.6908,0.6776,0.6809	C152-CKZ06-Mat	Den	22628	0.896
C152-CKZ06#Mat#chr14	89847675	89945461	0.984	665	67	67	11	0.859	0	111	0	0.859	PASS	den	0.8483,0.6502,0.982,0.6074,0.6126,0.6314,0.6374,0.6291,0.5856,0.6336,0.6044,0.5946,0.5901,0.6374,0.6126,0.6419,0.6389,0.6411,0.6014	C152-CKZ06-Mat	Den	97786	0.984
C152-CKZ06#Mat#chr15	15431280	15469724	0.986	488	75	75	159	0.3205	0	280	0	0.3205	PASS	den	0.6158,0.5891,0.668,0.415,0.4201,0.4293,0.4201,0.418,0.4334,0.4211,0.4191,0.4211,0.4211,0.418,0.668,0.4303,0.4232,0.4242,0.4273	C152-CKZ06-Mat	Den	38444	0.986
C152-CKZ06#Mat#chr15	47124688	47238176	0.983	631	66	66	77	0.4615	0	250	0	0.4615	PASS	den	0.7611,0.6922,0.8766,0.6377,0.6369,0.6297,0.64,0.6353,0.6464,0.6377,0.6329,0.6464,0.6392,0.6551,0.7975,0.7832,0.784,0.64,0.7682	C152-CKZ06-Mat	Den	113488	0.983
C152-CKZ06#Mat#chr15	75306760	75601140	0.99	2085	768	10	62	0.1389	758	1071	0.4144	0.4108	PASS	den	0.6091,0.7819,0.6609,0.2563,0.2535,0.2517,0.2517,0.247,0.2481,0.2605,0.2428,0.2351,0.2448,0.5473,0.2203,0.5415,0.4159,0.256,0.2701	C152-CKZ06-Mat	Den	294380	0.99
C152-CKZ06#Mat#chr15	78266777	78283073	0.933	109	22	22	20	0.5238	0	22	0	0.5238	PASS	den	0.6,0.5636,0.8,0.6045,0.6227,0.5909,0.6227,0.6136,0.6,0.6091,0.6273,0.6318,0.5909,0.6045,0.6182,0.7727,0.6,0.6136,0.6273	C152-CKZ06-Mat	Den	16296	0.933
C152-CKZ06#Mat#chr17	10734230	10742893	0.863	54	5	5	4	0.5556	0	13	0	0.5556	PASS	den	0.8545,0.5818,0.9182,0.5818,0.5727,0.5909,0.5364,0.6455,0.6364,0.6182,0.5909,0.6,0.5727,0.6909,0.5909,0.6091,0.6182,0.6,0.6091	C152-CKZ06-Mat	Den	8663	0.863
C152-CKZ06#Mat#chr17	13917540	13991389	0.979	387	22	22	20	0.5238	0	174	0	0.5238	PASS	den	0.8222,0.6946,0.9472,0.6366,0.6843,0.6727,0.6392,0.674,0.701,0.6263,0.625,0.701,0.6392,0.6753,0.6443,0.6585,0.6675,0.7371,0.6637	C152-CKZ06-Mat	Den	73849	0.979
C152-CKZ06#Mat#chr17	37366109	37436887	0.958	394	130	4	57	0.0656	126	232	0.352	0.3431	PASS	den	0.5034,0.6468,0.6155,0.1567,0.2706,0.16,0.2165,0.1736,0.1798,0.1575,0.2042,0.1175,0.2271,0.5321,0.5471,0.536,0.5891,0.5516,0.5691	C152-CKZ06-Mat	Den	70778	0.958
C152-CKZ06#Mat#chr17	42323465	42337741	0.941	107	10	10	31	0.2439	0	29	0	0.2439	PASS	den	0.6157,0.5741,0.6991,0.5278,0.5602,0.537,0.5185,0.5278,0.5417,0.5139,0.5231,0.5556,0.5046,0.537,0.537,0.537,0.5417,0.5509,0.7546	C152-CKZ06-Mat	Den	14276	0.941
C152-CKZ06#Mat#chr17	70468416	70479340	0.84	100	6	6	7	0.4615	0	31	0	0.4615	PASS	den	0.8515,0.6287,0.9307,0.5198,0.5347,0.6337,0.5693,0.6238,0.5347,0.5297,0.5644,0.4901,0.5842,0.703,0.5545,0.7079,0.6238,0.604,0.604	C152-CKZ06-Mat	Den	10924	0.84
C152-CKZ06#Mat#chr17	78214875	78221110	0.622	43	4	4	4	0.5	0	11	0	0.5	PASS	den	0.7159,0.6932,0.9091,0.6591,0.7159,0.6591,0.6477,0.6591,0.6932,0.7159,0.6818,0.6477,0.6591,0.8182,0.7955,0.7955,0.7955,0.8295,0.7955	C152-CKZ06-Mat	Den	6235	0.622
C152-CKZ06#Mat#chr17	80009349	80034392	0.943	186	25	25	5	0.8333	0	45	0	0.8333	PASS	den	0.7005,0.6765,0.9599,0.6364,0.607,0.6203,0.6043,0.5829,0.6257,0.6283,0.6471,0.5936,0.6203,0.6257,0.6524,0.5936,0.631,0.6417,0.7353	C152-CKZ06-Mat	Den	25043	0.943
C152-CKZ06#Mat#chr16	219401	278164	0.91	492	29	29	23	0.5577	0	127	0	0.5577	PASS	den	0.8526,0.7713,0.9512,0.7236,0.6626,0.7134,0.751,0.7236,0.7287,0.6819,0.7287,0.7581,0.7154,0.7591,0.7358,0.7307,0.7368,0.7297,0.7287	C152-CKZ06-Mat	Den	58763	0.91
C152-CKZ06#Mat#chr16	7280598	7293486	0.952	200	15	15	2	0.8824	0	186	0	0.8824	PASS	den	0.8607,0.7239,0.99,0.6766,0.6642,0.6642,0.6965,0.6891,0.6841,0.7139,0.6891,0.699,0.6841,0.6816,0.7836,0.6692,0.796,0.7861,0.7761	C152-CKZ06-Mat	Den	12888	0.952
C152-CKZ06#Mat#chr16	19197555	19229210	0.91	193	10	9	16	0.36	1	146	0.0068	0.3247	PASS	den	0.8377,0.7964,0.8801,0.6498,0.6364,0.626,0.678,0.667,0.6199,0.693,0.6754,0.6588,0.6858,0.6778,0.6836,0.6783,0.7974,0.793,0.7853	C152-CKZ06-Mat	Den	31655	0.91
C152-CKZ06#Mat#chr16	19543091	19624480	0.83	245	10	10	37	0.2128	0	198	0	0.2128	PASS	den	0.7866,0.7967,0.8374,0.8028,0.7988,0.813,0.8008,0.8171,0.811,0.7907,0.7703,0.7988,0.8008,0.7744,0.8028,0.7886,0.7825,0.7927,0.8069	C152-CKZ06-Mat	Den	81389	0.83
C152-CKZ06#Mat#chr16	22323421	22677368	0.992	849	121	117	16	0.8797	4	332	0.0119	0.851	PASS	den	0.7885,0.7335,0.9649,0.6802,0.6791,0.6741,0.6824,0.6752,0.6756,0.679,0.6667,0.6759,0.6752,0.6707,0.6658,0.6802,0.6779,0.6788,0.777	C152-CKZ06-Mat	Den	353947	0.992
C152-CKZ06#Mat#chr16	30434763	30635564	0.596	241	10	6	26	0.1875	4	190	0.0206	0.1207	PASS	den	0.7664,0.7513,0.8349,0.6259,0.6352,0.6119,0.6348,0.6202,0.6055,0.6305,0.6004,0.6104,0.6352,0.6193,0.5965,0.607,0.6177,0.5766,0.5916	C152-CKZ06-Mat	Den	200801	0.596
C152-CKZ06#Mat#chr16	60662377	60678043	0.881	98	8	8	15	0.3478	0	12	0	0.3478	PASS	den	0.798,0.6616,0.8384,0.601,0.6313,0.5758,0.6111,0.6061,0.6212,0.6061,0.6212,0.6313,0.6162,0.6414,0.6263,0.6414,0.6616,0.6414,0.7626	C152-CKZ06-Mat	Den	15666	0.881
C152-CKZ06#Mat#chr16	61159003	61198677	0.979	329	55	55	35	0.6111	0	70	0	0.6111	PASS	den	0.6985,0.6167,0.8939,0.5682,0.6242,0.6182,0.6197,0.5621,0.5318,0.5455,0.6076,0.6061,0.5848,0.5758,0.5758,0.5727,0.5606,0.6909,0.7394	C152-CKZ06-Mat	Den	39674	0.979
C152-CKZ06#Mat#chr16	63352674	63376615	0.938	144	11	11	19	0.3667	0	50	0	0.3667	PASS	den	0.5828,0.6552,0.8379,0.7207,0.7069,0.7,0.7103,0.6897,0.7069,0.6793,0.7207,0.6862,0.7138,0.8103,0.8069,0.8172,0.7069,0.7,0.7034	C152-CKZ06-Mat	Den	23941	0.938
C152-CKZ06#Mat#chr16	72392379	72561957	0.958	939	103	101	71	0.5872	3	681	0.0044	0.5704	PASS	den	0.8415,0.6353,0.9123,0.549,0.5177,0.5143,0.537,0.5167,0.5111,0.5324,0.5323,0.5274,0.5184,0.6516,0.5359,0.6538,0.5207,0.551,0.5159	C152-CKZ06-Mat	Den	169578	0.958
C152-CKZ06#Mat#chr16	82253624	82261456	0.934	103	10	10	11	0.4762	0	24	0	0.4762	PASS	den	0.7356,0.7692,0.8846,0.6923,0.6394,0.649,0.6442,0.6779,0.6875,0.6442,0.6731,0.6923,0.6298,0.7067,0.7933,0.7067,0.649,0.6923,0.7163	C152-CKZ06-Mat	Den	7832	0.934
C152-CKZ06#Mat#chr16	88483138	88491598	0.848	113	9	9	14	0.3913	0	13	0	0.3913	PASS	den	0.75,0.5526,0.8728,0.5263,0.5132,0.5658,0.5,0.4912,0.5307,0.5789,0.4518,0.5833,0.5702,0.5088,0.5965,0.4518,0.6096,0.6053,0.6096	C152-CKZ06-Mat	Den	8460	0.848
C152-CKZ06#Mat#chr16	88903829	88907904	0.696	26	4	4	5	0.4444	0	3	0	0.4444	PASS	den	0.7407,0.5741,0.8148,0.5741,0.5926,0.5556,0.5185,0.5185,0.5556,0.5741,0.5556,0.5741,0.5741,0.7037,0.7037,0.7037,0.6296,0.537,0.6481	C152-CKZ06-Mat	Den	4075	0.696
C152-CKZ06#Mat#chr19	8806993	8819698	0.853	140	7	7	28	0.2	0	85	0	0.2	PASS	den	0.7589,0.617,0.8014,0.5745,0.617,0.5355,0.6312,0.5709,0.6348,0.6064,0.5887,0.6206,0.578,0.6312,0.6986,0.5567,0.5284,0.5248,0.6277	C152-CKZ06-Mat	Den	12705	0.853
C152-CKZ06#Mat#chr19	40579600	40583474	0.831	64	8	8	4	0.6667	0	36	0	0.6667	PASS	den	0.8154,0.7077,0.9385,0.6308,0.6231,0.5846,0.6,0.6692,0.6077,0.6308,0.6462,0.6462,0.6692,0.7231,0.7462,0.7462,0.6231,0.6692,0.6615	C152-CKZ06-Mat	Den	3874	0.831
C152-CKZ06#Mat#chr19	47883915	47884357	0.569	7	3	3	0	1	0	7	0	1	PASS	den	0.625,0.625,1.0,0.4375,0.4375,0.4375,0.4375,0.5,0.5,0.4375,0.4375,0.4375,0.4375,0.5,0.3125,0.4375,0.375,0.4375,0.5	C152-CKZ06-Mat	Den	442	0.569
C152-CKZ06#Mat#chr19	56081396	56084823	0.77	30	4	4	5	0.4444	0	7	0	0.4444	PASS	den	0.7097,0.629,0.8387,0.5806,0.5645,0.5323,0.5645,0.5806,0.5645,0.5806,0.5806,0.5968,0.5323,0.6935,0.7097,0.5484,0.6452,0.6452,0.629	C152-CKZ06-Mat	Den	3427	0.77
C152-CKZ06#Mat#chr19	57949036	57955254	0.825	35	6	6	3	0.6667	0	10	0	0.6667	PASS	den	0.6944,0.5556,0.9028,0.5694,0.5833,0.5556,0.5694,0.5417,0.5417,0.5556,0.5,0.5694,0.5139,0.5556,0.7083,0.5278,0.7222,0.7083,0.5556	C152-CKZ06-Mat	Den	6218	0.825
C152-CKZ06#Mat#chr19	59576993	59578863	0.831	38	8	8	2	0.8	0	28	0	0.8	PASS	den	0.7821,0.5256,0.859,0.4615,0.4231,0.4487,0.359,0.4231,0.3205,0.3718,0.3205,0.3462,0.4744,0.4744,0.4615,0.3205,0.4103,0.4103,0.3974	C152-CKZ06-Mat	Den	1870	0.831
C152-CKZ06#Mat#chr19	59654256	59678744	0.944	315	37	34	15	0.6939	3	148	0.0199	0.6392	PASS	den	0.7601,0.6445,0.9189,0.5566,0.579,0.5492,0.5449,0.5734,0.5645,0.5747,0.5485,0.5719,0.563,0.5979,0.5787,0.5242,0.5393,0.5297,0.5292	C152-CKZ06-Mat	Den	24488	0.944
C152-CKZ06#Mat#chr19	59934049	59943502	0.908	65	26	26	5	0.8387	0	18	0	0.8387	PASS	den	0.6136,0.5606,0.9167,0.3788,0.3485,0.3712,0.3788,0.3788,0.3636,0.3409,0.3864,0.3788,0.3788,0.3712,0.3636,0.3712,0.6364,0.3712,0.3712	C152-CKZ06-Mat	Den	9453	0.908
C152-CKZ06#Mat#chr18	4935135	4944263	0.892	78	11	11	7	0.6111	0	17	0	0.6111	PASS	den	0.6013,0.5127,0.8987,0.5696,0.5949,0.5506,0.5696,0.6013,0.5506,0.6139,0.5886,0.5823,0.5823,0.5949,0.7215,0.5823,0.6013,0.6013,0.5316	C152-CKZ06-Mat	Den	9128	0.892
C152-CKZ06#Mat#chr20	200136	210320	0.933	113	21	21	28	0.4286	0	61	0	0.4286	PASS	den	0.5929,0.5354,0.7478,0.4336,0.4204,0.4513,0.4204,0.4469,0.4602,0.4381,0.4248,0.4513,0.4513,0.6903,0.4292,0.6903,0.4513,0.4381,0.4381	C152-CKZ06-Mat	Den	10184	0.933
C152-CKZ06#Mat#chr20	16698914	16706455	0.905	82	9	9	15	0.375	0	26	0	0.375	PASS	den	0.5542,0.3976,0.8193,0.3373,0.3735,0.3855,0.3855,0.4157,0.3434,0.4096,0.3916,0.3916,0.488,0.3916,0.4458,0.5904,0.3434,0.3434,0.494	C152-CKZ06-Mat	Den	7541	0.905
C152-CKZ06#Mat#chr20	51505948	51516590	0.894	98	18	18	9	0.6667	0	23	0	0.6667	PASS	den	0.6768,0.6313,0.8889,0.5657,0.6212,0.5808,0.5606,0.5859,0.5758,0.5303,0.5909,0.5707,0.5707,0.5808,0.5253,0.5253,0.5354,0.5758,0.5707	C152-CKZ06-Mat	Den	10642	0.894
C152-CKZ06#Mat#chr21	15060116	15071661	0.913	76	10	10	0	1	0	76	0	1	PASS	den	0.7468,0.7143,1.0,0.7078,0.6494,0.6818,0.7078,0.6948,0.7078,0.6883,0.6818,0.7078,0.6753,0.6818,0.6948,0.7078,0.7792,0.7922,0.8182	C152-CKZ06-Mat	Den	11545	0.913
C152-CKZ06#Mat#chr21	17333791	17381356	0.857	381	40	38	75	0.3363	2	102	0.0192	0.3204	PASS	den	0.594,0.4876,0.7849,0.4733,0.4841,0.4699,0.5596,0.5401,0.4788,0.5458,0.5126,0.473,0.4729,0.6604,0.6545,0.5391,0.5425,0.5392,0.5739	C152-CKZ06-Mat	Den	47565	0.857
C152-CKZ06#Mat#chr21	26871466	26886972	0.932	116	8	8	26	0.2353	0	33	0	0.2353	PASS	den	0.7265,0.6111,0.7692,0.6325,0.6154,0.6111,0.6239,0.6239,0.6239,0.6282,0.641,0.6111,0.641,0.7393,0.7607,0.6282,0.5897,0.6154,0.6197	C152-CKZ06-Mat	Den	15506	0.932
C152-CKZ06#Mat#chr21	44747846	44751582	0.905	64	9	9	8	0.5294	0	36	0	0.5294	PASS	den	0.7308,0.6231,0.8769,0.4538,0.4308,0.4385,0.4538,0.4385,0.4615,0.4462,0.4308,0.4385,0.4923,0.4692,0.4462,0.5,0.4231,0.6462,0.4692	C152-CKZ06-Mat	Den	3736	0.905
C152-CKZ06#Mat#chr22	42394829	42401660	0.938	113	22	22	13	0.6286	0	19	0	0.6286	PASS	den	0.7061,0.7149,0.8816,0.5877,0.5746,0.6184,0.5614,0.5614,0.5307,0.5526,0.6096,0.6228,0.5482,0.5789,0.5833,0.5789,0.5921,0.6096,0.5965	C152-CKZ06-Mat	Den	6831	0.938
HG02106_hap2_chr1	40926	69028	0.973	229	54	54	54	0.5	0	229	0	0.5	PASS	den	0.7271,0.4694,0.7642,0.4105,0.4127,0.4039,0.4105,0.3952,0.3952,0.4105,0.4148,0.417,0.4214,0.4105,0.4214,0.4214,0.417,0.4214,0.4127	HG02106_hap2	Den	28102	0.973
HG02106_hap2_chr1	7568303	7596595	0.932	134	10	10	9	0.5263	0	31	0	0.5263	PASS	den	0.7889,0.6926,0.9296,0.6667,0.6852,0.6519,0.7185,0.6778,0.6778,0.6444,0.7111,0.6963,0.6963,0.6926,0.6852,0.7111,0.8074,0.7963,0.8037	HG02106_hap2	Den	28292	0.932
HG02106_hap2_chr1	8712360	8718032	0.903	66	10	10	10	0.5	0	26	0	0.5	PASS	den	0.694,0.6119,0.8433,0.5075,0.5,0.5,0.5075,0.5672,0.5448,0.4776,0.5522,0.5448,0.5075,0.5299,0.694,0.5224,0.5821,0.5224,0.5522	HG02106_hap2	Den	5672	0.903
HG02106_hap2_chr1	13598262	13615939	0.942	110	11	11	12	0.4783	0	32	0	0.4783	PASS	den	0.8108,0.6486,0.8829,0.5315,0.4955,0.5586,0.5225,0.5541,0.5541,0.509,0.5721,0.5586,0.5495,0.536,0.5405,0.5405,0.5315,0.5405,0.5315	HG02106_hap2	Den	17677	0.942
HG02106_hap2_chr1	16702892	16740716	0.972	452	152	0	30	0	152	247	0.381	0.381	PASS	den	0.1265,0.5068,0.4051,0.1193,0.0706,0.239,0.0371,0.1176,0.1107,0.1264,0.1113,0.0627,0.0533,0.3728,0.0269,0.1461,0.1122,0.3926,0.1148	HG02106_hap2	Den	37824	0.972
HG02106_hap2_chr1	17129426	17199542	0.975	675	164	2	142	0.0139	162	319	0.3368	0.3329	PASS	den	0.4536,0.6279,0.64,0.2979,0.1788,0.2939,0.1664,0.1628,0.1526,0.367,0.1716,0.0943,0.0912,0.3496,0.1421,0.1498,0.3133,0.5784,0.3243	HG02106_hap2	Den	70116	0.975
HG02106_hap2_chr1	22193887	22212044	0.778	93	6	6	10	0.375	0	16	0	0.375	PASS	den	0.7979,0.7181,0.8936,0.7394,0.7021,0.6649,0.7021,0.7128,0.7128,0.7074,0.6543,0.7128,0.7021,0.6968,0.7074,0.8138,0.6968,0.6968,0.7021	HG02106_hap2	Den	18157	0.778
HG02106_hap2_chr1	22232165	22233622	0.593	18	3	3	4	0.4286	0	12	0	0.4286	PASS	den	0.7368,0.7632,0.7895,0.6579,0.6316,0.5789,0.5526,0.5263,0.5263,0.6053,0.5263,0.5789,0.5263,0.5526,0.5526,0.5526,0.5789,0.5789,0.5789	HG02106_hap2	Den	1457	0.593
HG02106_hap2_chr1	34329205	34338237	0.884	57	13	13	3	0.8125	0	14	0	0.8125	PASS	den	0.8534,0.6466,0.9397,0.4655,0.5948,0.5948,0.5948,0.6034,0.6034,0.5862,0.5259,0.5345,0.5431,0.6034,0.6379,0.5948,0.5862,0.5948,0.7241	HG02106_hap2	Den	9032	0.884
HG02106_hap2_chr1	47819507	47877634	0.966	370	89	88	5	0.9462	1	45	0.0217	0.9358	PASS	den	0.7934,0.642,0.9774,0.5681,0.5565,0.5766,0.5582,0.5748,0.5537,0.5564,0.5699,0.5603,0.5708,0.5568,0.5774,0.5926,0.594,0.5611,0.5618	HG02106_hap2	Den	58127	0.966
HG02106_hap2_chr1	47983993	47998764	0.839	69	5	5	18	0.2174	0	10	0	0.2174	PASS	den	0.6571,0.6714,0.7286,0.6357,0.6643,0.6,0.65,0.6429,0.6286,0.6143,0.6571,0.6357,0.65,0.6429,0.6214,0.6214,0.6571,0.6571,0.6571	HG02106_hap2	Den	14771	0.839
HG02106_hap2_chr1	55905809	55929408	0.823	145	7	7	16	0.3043	0	53	0	0.3043	PASS	den	0.7877,0.7329,0.8836,0.7021,0.6781,0.7192,0.6986,0.7295,0.6952,0.7466,0.7466,0.7192,0.7158,0.7397,0.7774,0.8151,0.7123,0.6884,0.6952	HG02106_hap2	Den	23599	0.823
HG02106_hap2_chr1	84802384	84819688	0.904	73	9	9	11	0.45	0	17	0	0.45	PASS	den	0.7568,0.6486,0.8378,0.6081,0.6081,0.5878,0.6419,0.6216,0.6081,0.6014,0.5946,0.6622,0.6216,0.6081,0.6216,0.6216,0.7635,0.6216,0.777	HG02106_hap2	Den	17304	0.904
HG02106_hap2_chr1	111886182	111888264	0.756	32	4	4	0	1	0	20	0	1	PASS	den	0.8636,0.7727,1.0,0.6818,0.697,0.7121,0.6818,0.6515,0.7121,0.697,0.6667,0.6818,0.6818,0.7576,0.6818,0.803,0.803,0.7879,0.8333	HG02106_hap2	Den	2082	0.756
HG02106_hap2_chr1	112542406	112573151	0.964	301	14	14	56	0.2	0	185	0	0.2	PASS	den	0.7483,0.6672,0.8113,0.548,0.5745,0.6606,0.6639,0.5646,0.649,0.5348,0.6589,0.5215,0.5712,0.7368,0.7268,0.7401,0.7417,0.7401,0.7136	HG02106_hap2	Den	30745	0.964
HG02106_hap2_chr1	116140185	116146630	0.795	55	5	5	4	0.5556	0	15	0	0.5556	PASS	den	0.4464,0.5,0.9286,0.7232,0.7054,0.7232,0.7321,0.6875,0.7232,0.7232,0.7321,0.7232,0.7232,0.7232,0.7411,0.7232,0.7857,0.7054,0.7054	HG02106_hap2	Den	6445	0.795
HG02106_hap2_chr1	119285456	119297190	0.888	60	11	11	11	0.5	0	18	0	0.5	PASS	den	0.6066,0.582,0.8197,0.5246,0.5984,0.5902,0.5574,0.5738,0.6066,0.5902,0.6148,0.5656,0.5902,0.5738,0.7213,0.5738,0.5738,0.5574,0.7623	HG02106_hap2	Den	11734	0.888
HG02106_hap2_chr1	119345063	119379769	0.969	236	99	99	18	0.8462	0	88	0	0.8462	PASS	den	0.7911,0.5549,0.9219,0.3797,0.4051,0.3819,0.3945,0.3903,0.3861,0.3776,0.3797,0.3776,0.365,0.3882,0.3776,0.3755,0.3629,0.3903,0.6435	HG02106_hap2	Den	34706	0.969
HG02106_hap2_chr1	138612463	138619908	0.868	75	13	13	7	0.65	0	54	0	0.65	PASS	den	0.8026,0.7368,0.9013,0.5987,0.6118,0.5789,0.5789,0.5789,0.5724,0.6118,0.6053,0.6053,0.6118,0.5921,0.5987,0.5921,0.7697,0.7697,0.6184	HG02106_hap2	Den	7445	0.868
HG02106_hap2_chr1	154780688	154817887	0.922	199	18	18	22	0.45	0	51	0	0.45	PASS	den	0.74,0.665,0.8875,0.6775,0.6725,0.675,0.6825,0.68,0.68,0.6675,0.6775,0.6775,0.6875,0.78,0.75,0.675,0.7725,0.785,0.6825	HG02106_hap2	Den	37199	0.922
HG02106_hap2_chr1	163825180	163836794	0.852	63	5	5	10	0.3333	0	17	0	0.3333	PASS	den	0.6875,0.5781,0.8438,0.5859,0.5859,0.5781,0.6406,0.5703,0.5547,0.6094,0.6094,0.6172,0.5703,0.75,0.5703,0.5703,0.7344,0.6719,0.5938	HG02106_hap2	Den	11614	0.852
HG02106_hap2_chr1	202247366	202261831	0.913	79	19	19	5	0.7917	1	19	0.05	0.7546	PASS	den	0.8699,0.663,0.9161,0.5268,0.5312,0.5315,0.5312,0.5261,0.5189,0.4985,0.4952,0.5214,0.5089,0.537,0.5185,0.5214,0.5291,0.5183,0.6484	HG02106_hap2	Den	14465	0.913
HG02106_hap2_chr1	208667162	208674898	0.879	103	11	11	10	0.5238	0	89	0	0.5238	PASS	den	0.8558,0.774,0.9038,0.6298,0.6587,0.6587,0.5962,0.6346,0.6635,0.6442,0.6587,0.6058,0.6442,0.7837,0.6154,0.6587,0.6442,0.6635,0.7885	HG02106_hap2	Den	7736	0.879
HG02106_hap2_chr1	214701094	214735379	0.927	229	23	23	65	0.2614	0	41	0	0.2614	PASS	den	0.65,0.5283,0.7065,0.5652,0.5239,0.563,0.537,0.5543,0.5435,0.5891,0.513,0.537,0.587,0.5239,0.6,0.5196,0.5587,0.6957,0.5283	HG02106_hap2	Den	34285	0.927
HG02106_hap2_chr1	224978477	225001376	0.955	140	12	12	7	0.6316	0	31	0	0.6316	PASS	den	0.8156,0.6809,0.9504,0.6312,0.6028,0.6277,0.617,0.5887,0.6206,0.6241,0.6312,0.6241,0.6241,0.5816,0.5922,0.5993,0.5993,0.5887,0.5957	HG02106_hap2	Den	22899	0.955
HG02106_hap2_chr1	226500803	226517946	0.925	88	7	7	4	0.6364	0	22	0	0.6364	PASS	den	0.7135,0.618,0.9551,0.5955,0.6348,0.6124,0.5787,0.5955,0.618,0.5562,0.6067,0.6348,0.6067,0.6573,0.5955,0.6629,0.6348,0.5899,0.6067	HG02106_hap2	Den	17143	0.925
HG02106_hap2_chr1	237950551	237956580	0.891	93	6	6	5	0.5455	0	23	0	0.5455	PASS	den	0.617,0.6968,0.9415,0.7606,0.75,0.7872,0.6543,0.7606,0.7234,0.7713,0.6755,0.7713,0.6915,0.7181,0.7181,0.7181,0.6968,0.766,0.7713	HG02106_hap2	Den	6029	0.891
HG02106_hap2_chr10	4009624	4018864	0.916	71	10	10	9	0.5263	0	14	0	0.5263	PASS	den	0.6875,0.625,0.8681,0.6944,0.6597,0.6667,0.6597,0.6736,0.6736,0.6389,0.6597,0.6736,0.6458,0.8125,0.7986,0.8056,0.8125,0.8125,0.8125	HG02106_hap2	Den	9240	0.916
HG02106_hap2_chr10	7195864	7214726	0.773	135	6	6	9	0.4	0	17	0	0.4	PASS	den	0.739,0.6213,0.9301,0.6875,0.6654,0.7206,0.6801,0.6544,0.6544,0.5919,0.625,0.6949,0.6985,0.7059,0.6176,0.6103,0.6691,0.6912,0.7022	HG02106_hap2	Den	18862	0.773
HG02106_hap2_chr10	7282921	7330624	0.947	165	10	10	10	0.5	0	36	0	0.5	PASS	den	0.8072,0.7018,0.9337,0.6747,0.7169,0.6988,0.6807,0.7169,0.7048,0.6566,0.7018,0.7199,0.7048,0.7078,0.7199,0.6928,0.7319,0.7199,0.6988	HG02106_hap2	Den	47703	0.947
HG02106_hap2_chr10	9071731	9139121	0.874	381	14	13	49	0.2097	1	87	0.0114	0.1955	PASS	den	0.7842,0.7065,0.8447,0.6767,0.6837,0.6689,0.6884,0.6676,0.6658,0.6828,0.6727,0.6794,0.6803,0.6742,0.663,0.6756,0.6702,0.6759,0.6753	HG02106_hap2	Den	67390	0.874
HG02106_hap2_chr10	13171841	13225393	0.972	313	17	17	22	0.4359	0	59	0	0.4359	PASS	den	0.7866,0.6959,0.9188,0.6529,0.6513,0.6959,0.6943,0.6561,0.6561,0.6688,0.6592,0.6529,0.6783,0.6736,0.6815,0.6768,0.6529,0.6799,0.7261	HG02106_hap2	Den	53552	0.972
HG02106_hap2_chr10	36950978	37000592	0.979	297	40	38	72	0.3455	2	118	0.0167	0.329	PASS	den	0.6518,0.6287,0.7453,0.5553,0.5284,0.5381,0.5488,0.5399,0.5564,0.5258,0.533,0.5386,0.5383,0.5452,0.5333,0.5391,0.717,0.7402,0.7416	HG02106_hap2	Den	49614	0.979
HG02106_hap2_chr10	50642733	50699339	0.849	166	8	7	9	0.4375	1	122	0.0081	0.3838	PASS	den	0.846,0.835,0.8955,0.7297,0.7571,0.7068,0.7854,0.8067,0.8074,0.7235,0.7432,0.7643,0.7931,0.7939,0.8325,0.8351,0.773,0.8418,0.8359	HG02106_hap2	Den	56606	0.849
HG02106_hap2_chr10	51459844	51534068	0.969	485	47	47	39	0.5465	0	331	0	0.5465	PASS	den	0.8313,0.677,0.8868,0.5206,0.5288,0.5761,0.4897,0.5391,0.5237,0.5504,0.5442,0.536,0.537,0.7016,0.7006,0.7274,0.5586,0.5977,0.5916	HG02106_hap2	Den	74224	0.969
HG02106_hap2_chr10	54049444	54075508	0.939	205	44	44	29	0.6027	0	57	0	0.6027	PASS	den	0.5534,0.483,0.8519,0.466,0.4393,0.466,0.5194,0.449,0.449,0.5,0.5146,0.4466,0.4684,0.6917,0.4636,0.6845,0.6966,0.6772,0.4636	HG02106_hap2	Den	26064	0.939
HG02106_hap2_chr10	85244269	85279123	0.964	210	18	18	17	0.5143	0	58	0	0.5143	PASS	den	0.8483,0.7559,0.9194,0.7299,0.7393,0.7393,0.7275,0.7583,0.7441,0.7275,0.7109,0.7275,0.718,0.718,0.8365,0.7962,0.8223,0.7536,0.8009	HG02106_hap2	Den	34854	0.964
HG02106_hap2_chr10	87445573	87453103	0.85	39	8	8	7	0.5333	0	10	0	0.5333	PASS	den	0.525,0.6625,0.825,0.525,0.5875,0.5375,0.55,0.525,0.5125,0.5375,0.6,0.55,0.5375,0.725,0.55,0.55,0.5,0.5625,0.55	HG02106_hap2	Den	7530	0.85
HG02106_hap2_chr10	88121193	88128441	0.587	46	4	4	4	0.5	0	38	0	0.5	PASS	den	0.7447,0.7234,0.9149,0.6809,0.6383,0.6489,0.617,0.617,0.6915,0.6809,0.5957,0.6489,0.6383,0.766,0.617,0.6809,0.6277,0.6277,0.7766	HG02106_hap2	Den	7248	0.587
HG02106_hap2_chr10	116061644	116067827	0.876	60	6	6	2	0.75	0	56	0	0.75	PASS	den	0.8852,0.7541,0.9508,0.5246,0.5574,0.6311,0.6639,0.6393,0.6311,0.6148,0.582,0.6475,0.6311,0.7541,0.7541,0.6639,0.6311,0.6311,0.6311	HG02106_hap2	Den	6183	0.876
HG02106_hap2_chr10	119878427	119884406	0.842	50	5	5	2	0.7143	0	32	0	0.7143	PASS	den	0.8431,0.8333,0.9608,0.6569,0.7059,0.7843,0.7549,0.7745,0.7843,0.7745,0.7647,0.7843,0.7549,0.8824,0.8824,0.8725,0.7353,0.7451,0.7549	HG02106_hap2	Den	5979	0.842
HG02106_hap2_chr10	134382572	134498166	0.937	392	71	4	97	0.0396	67	301	0.1821	0.174	PASS	den	0.5547,0.674,0.6208,0.1686,0.1977,0.1635,0.1752,0.1758,0.1721,0.2337,0.1768,0.1641,0.1419,0.2494,0.1783,0.2771,0.2154,0.2698,0.2216	HG02106_hap2	Den	115594	0.937
HG02106_hap2_chr11	1766569	1769430	0.588	34	3	3	0	1	0	19	0	1	PASS	den	0.8143,0.7714,0.8714,0.7286,0.5571,0.7143,0.5857,0.5571,0.7,0.6429,0.5429,0.5857,0.6714,0.7143,0.7143,0.7,0.8,0.7714,0.7571	HG02106_hap2	Den	2861	0.588
HG02106_hap2_chr11	1790906	1794798	0.679	49	4	4	6	0.4	0	36	0	0.4	PASS	den	0.8,0.7,0.88,0.6,0.58,0.6,0.55,0.49,0.52,0.57,0.59,0.58,0.55,0.67,0.59,0.68,0.72,0.62,0.71	HG02106_hap2	Den	3892	0.679
HG02106_hap2_chr11	2721916	2732272	0.906	64	13	13	4	0.7647	0	13	0	0.7647	PASS	den	0.8923,0.6615,0.9385,0.5231,0.5385,0.5692,0.6,0.6231,0.6077,0.5769,0.5615,0.5769,0.5692,0.5385,0.5923,0.5692,0.5692,0.6769,0.6846	HG02106_hap2	Den	10356	0.906
HG02106_hap2_chr11	3551640	3566500	0.904	197	10	9	11	0.45	1	162	0.0061	0.4056	PASS	den	0.8644,0.7464,0.9127,0.5746,0.6438,0.6134,0.5852,0.6349,0.6801,0.6326,0.5602,0.6685,0.6738,0.6416,0.6143,0.6009,0.613,0.7307,0.723	HG02106_hap2	Den	14860	0.904
HG02106_hap2_chr11	3595230	3618573	0.835	241	12	11	28	0.2821	1	170	0.0058	0.259	PASS	den	0.742,0.7686,0.8605,0.6547,0.6945,0.6017,0.7,0.6925,0.6897,0.7067,0.7064,0.6256,0.6815,0.635,0.6326,0.6899,0.6393,0.7842,0.6878	HG02106_hap2	Den	23343	0.835
HG02106_hap2_chr11	5504087	5505239	0.535	20	3	3	0	1	0	15	0	1	PASS	den	0.9524,0.7381,1.0,0.5476,0.5476,0.5952,0.5952,0.4762,0.4762,0.5714,0.619,0.5952,0.4524,0.5714,0.7143,0.619,0.5238,0.7143,0.7381	HG02106_hap2	Den	1152	0.535
HG02106_hap2_chr11	5637122	5652875	0.91	156	20	20	22	0.4762	0	36	0	0.4762	PASS	den	0.4777,0.4554,0.8535,0.3949,0.5382,0.551,0.5096,0.4968,0.4968,0.4045,0.551,0.5669,0.5096,0.535,0.4108,0.586,0.5096,0.4013,0.5032	HG02106_hap2	Den	15753	0.91
HG02106_hap2_chr11	7923142	7940205	0.929	215	10	10	33	0.2326	0	122	0	0.2326	PASS	den	0.7778,0.6319,0.8449,0.581,0.6273,0.537,0.6389,0.5625,0.5532,0.6019,0.537,0.6273,0.5787,0.5833,0.6412,0.6481,0.6991,0.7014,0.7176	HG02106_hap2	Den	17063	0.929
HG02106_hap2_chr11	10580774	10589103	0.955	137	68	44	12	0.7857	58	39	0.5979	0.6789	PASS	den	0.6018,0.6434,0.6423,0.2616,0.1801,0.2421,0.252,0.2361,0.2315,0.2739,0.2273,0.1907,0.1916,0.1633,0.1707,0.175,0.2618,0.2352,0.2801	HG02106_hap2	Den	8329	0.955
HG02106_hap2_chr11	36145096	36171025	0.964	178	29	29	5	0.8529	0	27	0	0.8529	PASS	den	0.8911,0.6927,0.9441,0.5838,0.5782,0.5726,0.6089,0.6061,0.6061,0.6145,0.6034,0.6341,0.5922,0.5922,0.581,0.5978,0.6089,0.5978,0.6061	HG02106_hap2	Den	25929	0.964
HG02106_hap2_chr11	36496411	36548429	0.909	362	21	21	5	0.8077	0	61	0	0.8077	PASS	den	0.8926,0.6088,0.9821,0.595,0.6033,0.5592,0.6336,0.5978,0.6006,0.5496,0.6074,0.6074,0.5248,0.6267,0.6102,0.6171,0.5923,0.5909,0.5923	HG02106_hap2	Den	52018	0.909
HG02106_hap2_chr11	54667388	54674481	0.894	109	7	7	18	0.28	0	94	0	0.28	PASS	den	0.7318,0.7727,0.8364,0.7409,0.7364,0.7591,0.75,0.7409,0.7545,0.75,0.7773,0.7591,0.7636,0.8591,0.8636,0.8591,0.8545,0.8455,0.8273	HG02106_hap2	Den	7093	0.894
HG02106_hap2_chr11	54750232	54752094	0.725	37	4	4	0	1	0	30	0	1	PASS	den	0.8947,0.6184,1.0,0.2632,0.2632,0.5526,0.25,0.5658,0.5658,0.5658,0.5658,0.5658,0.5526,0.6316,0.6316,0.6316,0.6316,0.6184,0.6316	HG02106_hap2	Den	1862	0.725
HG02106_hap2_chr11	57954013	57956335	0.607	22	12	0	3	0	12	3	0.8	0.8	PASS	den	0.4971,0.7905,0.5729,0.1755,0.1604,0.2243,0.1075,0.1857,0.1115,0.1803,0.1767,0.1418,0.1541,0.1427,0.1367,0.1507,0.1645,0.2539,0.5253	HG02106_hap2	Den	2322	0.607
HG02106_hap2_chr11	66984125	67026918	0.949	365	14	14	35	0.2857	0	276	0	0.2857	PASS	den	0.791,0.8074,0.8962,0.7131,0.791,0.7883,0.7254,0.7828,0.7391,0.7418,0.7541,0.7281,0.7828,0.8552,0.8101,0.8593,0.8648,0.765,0.8593	HG02106_hap2	Den	42793	0.949
HG02106_hap2_chr11	131550334	131565209	0.925	109	8	8	20	0.2857	0	19	0	0.2857	PASS	den	0.7227,0.6636,0.8182,0.6364,0.6091,0.6136,0.5818,0.6227,0.6227,0.6364,0.6227,0.6,0.6364,0.7636,0.7864,0.7636,0.6227,0.6455,0.7455	HG02106_hap2	Den	14875	0.925
HG02106_hap2_chr12	30134183	30140253	0.83	43	9	9	7	0.5625	0	6	0	0.5625	PASS	den	0.7614,0.6023,0.8182,0.5114,0.4659,0.5,0.5227,0.5114,0.5114,0.5,0.5341,0.4773,0.4659,0.6591,0.6591,0.6818,0.7045,0.7045,0.6932	HG02106_hap2	Den	6070	0.83
HG02106_hap2_chr12	39652595	39751300	0.911	585	29	23	60	0.2771	6	132	0.0435	0.2288	PASS	den	0.6965,0.6764,0.8176,0.721,0.7055,0.6935,0.7022,0.7073,0.6956,0.7133,0.7026,0.7012,0.6928,0.7091,0.7711,0.715,0.7681,0.783,0.7109	HG02106_hap2	Den	98705	0.911
HG02106_hap2_chr12	67340496	67349359	0.901	74	14	14	21	0.4	0	50	0	0.4	PASS	den	0.6,0.64,0.7067,0.4733,0.4733,0.5133,0.4533,0.4733,0.4933,0.4733,0.4867,0.5,0.4667,0.7133,0.4933,0.72,0.5,0.5067,0.72	HG02106_hap2	Den	8863	0.901
HG02106_hap2_chr12	82298712	82332029	0.914	215	26	26	89	0.2261	0	92	0	0.2261	PASS	den	0.5162,0.4954,0.5741,0.4167,0.4398,0.4259,0.4468,0.4074,0.3958,0.4213,0.4259,0.4144,0.4097,0.412,0.6713,0.6644,0.4236,0.4282,0.4097	HG02106_hap2	Den	33317	0.914
HG02106_hap2_chr13	10364499	10378220	0.844	138	26	0	13	0	26	48	0.3514	0.3514	PASS	den	0.5183,0.619,0.5702,0.3413,0.3213,0.3671,0.3824,0.3897,0.359,0.3534,0.3413,0.3981,0.386,0.3263,0.2967,0.3073,0.4147,0.4683,0.3814	HG02106_hap2	Den	13721	0.844
HG02106_hap2_chr13	15334034	15349380	0.947	126	40	7	17	0.2917	33	33	0.5	0.4635	PASS	den	0.5027,0.5916,0.53,0.3301,0.3373,0.3842,0.3767,0.3957,0.359,0.3546,0.3621,0.3157,0.3596,0.3328,0.3422,0.3747,0.3586,0.4022,0.3875	HG02106_hap2	Den	15346	0.947
HG02106_hap2_chr13	19624651	19629051	0.524	34	3	3	2	0.6	0	11	0	0.6	PASS	den	0.8,0.7571,0.9286,0.6857,0.7,0.5571,0.5286,0.6571,0.5571,0.6571,0.6857,0.6286,0.6857,0.7429,0.6857,0.6857,0.6143,0.6,0.6429	HG02106_hap2	Den	4400	0.524
HG02106_hap2_chr13	32299956	32320598	0.923	83	12	12	6	0.6667	0	14	0	0.6667	PASS	den	0.7202,0.6845,0.8393,0.6131,0.6012,0.5952,0.6071,0.619,0.631,0.631,0.6369,0.6131,0.619,0.7976,0.619,0.619,0.631,0.6369,0.6369	HG02106_hap2	Den	20642	0.923
HG02106_hap2_chr13	35387796	35415852	0.878	202	10	10	12	0.4545	0	111	0	0.4545	PASS	den	0.6305,0.7094,0.9384,0.7709,0.7833,0.7931,0.7857,0.5813,0.569,0.7857,0.7857,0.7833,0.7906,0.7808,0.7783,0.564,0.7709,0.5714,0.7906	HG02106_hap2	Den	28056	0.878
HG02106_hap2_chr13	36710223	36725159	0.967	178	43	40	57	0.4124	3	112	0.0261	0.3854	PASS	den	0.6222,0.5512,0.672,0.3428,0.3439,0.3393,0.3482,0.3458,0.3577,0.3496,0.3422,0.3335,0.3424,0.6434,0.347,0.6249,0.6285,0.6129,0.6491	HG02106_hap2	Den	14936	0.967
HG02106_hap2_chr13	41190208	41206432	0.629	105	11	3	7	0.3	8	61	0.1159	0.1661	PASS	den	0.6943,0.8261,0.7498,0.5548,0.5841,0.5552,0.6153,0.5656,0.5939,0.568,0.5697,0.588,0.5513,0.5503,0.6343,0.6383,0.587,0.6109,0.5637	HG02106_hap2	Den	16224	0.629
HG02106_hap2_chr13	88970114	89002370	0.958	181	11	11	43	0.2037	0	46	0	0.2037	PASS	den	0.7088,0.6429,0.761,0.6154,0.6209,0.6071,0.5879,0.5962,0.6154,0.6099,0.6209,0.5907,0.6071,0.6209,0.5962,0.739,0.5989,0.6154,0.6374	HG02106_hap2	Den	32256	0.958
HG02106_hap2_chr14	11139309	11146916	0.963	243	101	0	5	0	101	129	0.4391	0.4391	PASS	den	0.1973,0.3595,0.3503,0.047,0.0217,0.0217,0.1647,0.0489,0.02,0.0237,0.0381,0.0462,0.1202,0.0822,0.0329,0.0817,0.1912,0.1751,0.1024	HG02106_hap2	Den	7607	0.963
HG02106_hap2_chr14	27505535	27509539	0.853	50	6	6	7	0.4615	0	36	0	0.4615	PASS	den	0.8039,0.598,0.8529,0.5098,0.3235,0.5098,0.5098,0.4412,0.4412,0.3137,0.4706,0.5196,0.3235,0.451,0.5098,0.5098,0.6176,0.598,0.6078	HG02106_hap2	Den	4004	0.853
HG02106_hap2_chr14	27987721	28001621	0.8	65	5	5	4	0.5556	0	20	0	0.5556	PASS	den	0.8409,0.697,0.9318,0.6288,0.6439,0.6061,0.6288,0.6212,0.6212,0.6212,0.6212,0.6818,0.6288,0.6818,0.6742,0.6667,0.6439,0.697,0.6818	HG02106_hap2	Den	13900	0.8
HG02106_hap2_chr14	30023017	30027592	0.888	74	7	7	1	0.875	0	70	0	0.875	PASS	den	0.92,0.86,0.9867,0.72,0.7933,0.7533,0.8067,0.7733,0.7733,0.7333,0.8,0.7333,0.6933,0.7933,0.8533,0.7733,0.8,0.8,0.78	HG02106_hap2	Den	4575	0.888
HG02106_hap2_chr14	35226890	35236878	0.623	46	4	4	3	0.5714	0	12	0	0.5714	PASS	den	0.7447,0.6702,0.8617,0.734,0.6702,0.6489,0.6596,0.6702,0.6702,0.6702,0.6596,0.6383,0.7128,0.6915,0.6702,0.6915,0.6809,0.6702,0.6809	HG02106_hap2	Den	9988	0.623
HG02106_hap2_chr14	78489898	78512087	0.913	272	17	16	16	0.5	1	156	0.0064	0.471	PASS	den	0.8141,0.715,0.9207,0.6451,0.6084,0.6212,0.5813,0.6568,0.5912,0.6126,0.6374,0.5993,0.6014,0.588,0.6263,0.5856,0.5917,0.5924,0.586	HG02106_hap2	Den	22189	0.913
HG02106_hap2_chr14	87319584	87360894	0.928	247	14	14	33	0.2979	0	32	0	0.2979	PASS	den	0.7198,0.6935,0.8649,0.629,0.623,0.631,0.6331,0.629,0.6169,0.6089,0.5927,0.627,0.6069,0.631,0.627,0.6411,0.6956,0.748,0.6371	HG02106_hap2	Den	41310	0.928
HG02106_hap2_chr14	89052953	89436474	0.993	2738	207	195	34	0.8515	12	595	0.0198	0.8033	PASS	den	0.8229,0.6636,0.9529,0.6192,0.6458,0.6461,0.6405,0.6305,0.6331,0.6302,0.6204,0.6287,0.6449,0.6363,0.6596,0.6331,0.633,0.6457,0.6265	HG02106_hap2	Den	383521	0.993
HG02106_hap2_chr14	91889071	91922046	0.973	242	34	34	9	0.7907	0	45	0	0.7907	PASS	den	0.8786,0.7551,0.9568,0.6584,0.6255,0.6193,0.6379,0.6132,0.6481,0.6399,0.6296,0.642,0.677,0.6255,0.6255,0.644,0.642,0.642,0.6399	HG02106_hap2	Den	32975	0.973
HG02106_hap2_chr14	96713628	96725445	0.884	86	4	4	6	0.4	1	80	0.0123	0.3225	PASS	den	0.8477,0.8449,0.9006,0.6897,0.6696,0.7424,0.755,0.6951,0.667,0.6971,0.7095,0.7255,0.6574,0.7459,0.76,0.7161,0.7072,0.8052,0.7107	HG02106_hap2	Den	11817	0.884
HG02106_hap2_chr15	14053629	14068059	0.973	299	165	0	15	0	165	80	0.6735	0.6735	PASS	den	0.3032,0.7359,0.5504,0.0213,0.0206,0.0227,0.2192,0.0453,0.098,0.0257,0.0119,0.0344,0.198,0.066,0.3247,0.2066,0.2118,0.3224,0.4249	HG02106_hap2	Den	14430	0.973
HG02106_hap2_chr15	18425987	18429882	0.758	31	4	4	9	0.3077	0	11	0	0.3077	PASS	den	0.5781,0.5938,0.7188,0.5156,0.5625,0.5312,0.5312,0.5312,0.5156,0.5781,0.5469,0.5,0.5,0.7344,0.75,0.75,0.7344,0.75,0.7344	HG02106_hap2	Den	3895	0.758
HG02106_hap2_chr15	32575532	32582717	0.877	98	9	9	4	0.6923	0	78	0	0.6923	PASS	den	0.9091,0.7374,0.9545,0.6414,0.6263,0.6414,0.6414,0.6414,0.6414,0.6414,0.6566,0.6515,0.6061,0.6313,0.697,0.702,0.6818,0.6263,0.7475	HG02106_hap2	Den	7185	0.877
HG02106_hap2_chr15	48461534	48523891	0.968	592	96	96	35	0.7328	0	200	0	0.7328	PASS	den	0.6762,0.6973,0.9401,0.5489,0.5548,0.5422,0.5405,0.5413,0.5523,0.5472,0.5489,0.5008,0.5632,0.5202,0.5405,0.5675,0.5801,0.6771,0.554	HG02106_hap2	Den	62357	0.968
HG02106_hap2_chr15	67974939	67977457	0.603	18	12	0	2	0	12	4	0.75	0.75	PASS	den	0.5041,0.7665,0.6064,0.1974,0.273,0.1729,0.2025,0.1784,0.1347,0.1802,0.2377,0.1659,0.2643,0.1807,0.1742,0.2574,0.21,0.3468,0.1729	HG02106_hap2	Den	2518	0.603
HG02106_hap2_chr15	76168869	76238950	0.899	394	179	2	14	0.125	177	210	0.4574	0.4537	PASS	den	0.5397,0.7767,0.6397,0.2489,0.2545,0.2484,0.2353,0.2529,0.2323,0.2824,0.2536,0.2502,0.2393,0.2632,0.2472,0.2568,0.2447,0.3154,0.2544	HG02106_hap2	Den	70081	0.899
HG02106_hap2_chr15	76326715	76375800	0.981	1042	321	47	28	0.6267	283	708	0.2856	0.3342	PASS	den	0.3068,0.4424,0.3272,0.1169,0.1153,0.1205,0.1229,0.1063,0.1027,0.1222,0.1196,0.1169,0.1085,0.0969,0.1277,0.096,0.1114,0.2166,0.1811	HG02106_hap2	Den	49085	0.981
HG02106_hap2_chr15	79342013	79350792	0.948	138	51	0	6	0	51	68	0.4286	0.4286	PASS	den	0.3537,0.5821,0.3784,0.1494,0.1399,0.1384,0.1017,0.1305,0.0909,0.1537,0.1337,0.1353,0.128,0.1891,0.1648,0.1535,0.1282,0.2069,0.168	HG02106_hap2	Den	8779	0.948
HG02106_hap2_chr15	83521649	83533016	0.974	260	108	4	33	0.1081	104	84	0.5532	0.5367	PASS	den	0.4477,0.6326,0.4735,0.23,0.2221,0.2251,0.2448,0.2226,0.2186,0.263,0.2449,0.2534,0.2416,0.2383,0.2175,0.222,0.2347,0.2681,0.229	HG02106_hap2	Den	11367	0.974
HG02106_hap2_chr15	85232843	85250553	0.861	144	22	22	13	0.6286	0	47	0	0.6286	PASS	den	0.6966,0.5897,0.9103,0.5069,0.5138,0.5172,0.4828,0.5069,0.5103,0.4655,0.5517,0.5,0.5138,0.6931,0.7,0.7034,0.5034,0.5138,0.6966	HG02106_hap2	Den	17710	0.861
HG02106_hap2_chr15	86823103	86834089	0.757	86	5	5	7	0.4167	0	20	0	0.4167	PASS	den	0.8276,0.6437,0.9138,0.6379,0.6149,0.5632,0.5575,0.5517,0.592,0.5172,0.569,0.5517,0.546,0.5345,0.7011,0.5345,0.7241,0.7184,0.5575	HG02106_hap2	Den	10986	0.757
HG02106_hap2_chr15	92546153	92566418	0.831	285	10	10	8	0.5556	0	264	0	0.5556	PASS	den	0.7185,0.6206,0.972,0.6434,0.6503,0.5752,0.5332,0.6206,0.6189,0.5734,0.5769,0.6801,0.5472,0.6556,0.7203,0.7203,0.7098,0.5664,0.7185	HG02106_hap2	Den	20265	0.831
HG02106_hap2_chr16	1251007	1255702	0.94	129	63	0	5	0	63	53	0.5431	0.5431	PASS	den	0.4404,0.817,0.5142,0.188,0.1653,0.1364,0.1129,0.1487,0.1203,0.2132,0.0994,0.1754,0.1407,0.1442,0.1714,0.2219,0.1665,0.207,0.1385	HG02106_hap2	Den	4695	0.94
HG02106_hap2_chr16	1819006	1829817	0.929	146	21	21	14	0.6	0	34	0	0.6	PASS	den	0.7619,0.4218,0.9048,0.5102,0.3231,0.3265,0.4898,0.4762,0.5034,0.3197,0.5102,0.3503,0.3299,0.5,0.4694,0.6327,0.415,0.4218,0.4184	HG02106_hap2	Den	10811	0.929
HG02106_hap2_chr16	1846524	1896648	0.982	598	301	301	76	0.7984	0	174	0	0.7984	PASS	den	0.4324,0.4499,0.8723,0.3381,0.3664,0.3606,0.3564,0.3514,0.3531,0.3573,0.3347,0.3364,0.3548,0.3573,0.3531,0.6611,0.3497,0.3523,0.3514	HG02106_hap2	Den	50124	0.982
HG02106_hap2_chr16	7270816	7284669	0.953	186	14	14	3	0.8235	0	172	0	0.8235	PASS	den	0.8503,0.6898,0.984,0.6631,0.6283,0.639,0.6738,0.639,0.6604,0.6845,0.6578,0.6578,0.6711,0.7674,0.7326,0.623,0.7701,0.7647,0.7727	HG02106_hap2	Den	13853	0.953
HG02106_hap2_chr16	19378899	19382687	0.841	45	18	0	3	0	18	2	0.9	0.9	PASS	den	0.5377,0.5854,0.6206,0.2761,0.3123,0.3285,0.2874,0.384,0.2784,0.3339,0.2459,0.3647,0.2399,0.3836,0.8461,0.4997,0.3794,0.5787,0.4736	HG02106_hap2	Den	3788	0.841
HG02106_hap2_chr16	21224720	21637496	0.991	1083	155	150	29	0.838	5	362	0.0136	0.8114	PASS	den	0.7881,0.7082,0.9586,0.654,0.6261,0.6501,0.6571,0.6385,0.64,0.6464,0.6494,0.6417,0.6427,0.6451,0.6398,0.6483,0.6492,0.7227,0.6476	HG02106_hap2	Den	412776	0.991
HG02106_hap2_chr16	29050367	29088368	0.785	177	10	10	12	0.4545	0	133	0	0.4545	PASS	den	0.8764,0.7753,0.9213,0.6826,0.6742,0.6798,0.7022,0.7163,0.6742,0.677,0.6826,0.7163,0.6573,0.7135,0.7331,0.6798,0.6573,0.6798,0.6826	HG02106_hap2	Den	38001	0.785
HG02106_hap2_chr16	29310035	29595694	0.985	540	36	33	43	0.4342	3	432	0.0069	0.3986	PASS	den	0.8507,0.779,0.9046,0.6771,0.6779,0.6737,0.6915,0.6597,0.6676,0.6905,0.6723,0.6951,0.6739,0.7499,0.7423,0.6715,0.6782,0.6729,0.6976	HG02106_hap2	Den	285659	0.985
HG02106_hap2_chr16	32189500	32219265	0.523	62	4	2	4	0.3333	2	47	0.0408	0.1871	PASS	den	0.7878,0.7443,0.8433,0.5546,0.5253,0.5656,0.6044,0.6451,0.5938,0.6161,0.5697,0.589,0.5707,0.612,0.6392,0.5814,0.5813,0.6407,0.6187	HG02106_hap2	Den	29765	0.523
HG02106_hap2_chr16	55777144	55792060	0.904	103	17	12	35	0.2553	5	25	0.1667	0.2292	PASS	den	0.5733,0.5511,0.6139,0.5045,0.4934,0.5181,0.4975,0.5166,0.5035,0.5144,0.5191,0.4927,0.5001,0.6109,0.6411,0.648,0.6643,0.5077,0.6698	HG02106_hap2	Den	14916	0.904
HG02106_hap2_chr16	57666136	57684252	0.932	110	15	15	6	0.7143	0	42	0	0.7143	PASS	den	0.7658,0.6982,0.9414,0.6577,0.6486,0.6532,0.6306,0.6441,0.6441,0.6216,0.6577,0.6441,0.6486,0.6351,0.7838,0.6577,0.7793,0.7748,0.7838	HG02106_hap2	Den	18116	0.932
HG02106_hap2_chr16	62701639	62725227	0.938	149	11	11	23	0.3235	0	49	0	0.3235	PASS	den	0.57,0.6433,0.8167,0.6967,0.6867,0.68,0.6867,0.6833,0.6833,0.6633,0.7033,0.68,0.67,0.6867,0.7933,0.7967,0.7,0.69,0.68	HG02106_hap2	Den	23588	0.938
HG02106_hap2_chr16	71724668	71989451	0.976	1256	114	107	91	0.5404	7	935	0.0074	0.5077	PASS	den	0.8637,0.6855,0.9092,0.5807,0.5744,0.5709,0.5744,0.5727,0.5726,0.5748,0.5805,0.5755,0.5755,0.6857,0.5609,0.6853,0.5622,0.5708,0.5848	HG02106_hap2	Den	264783	0.976
HG02106_hap2_chr16	78648874	78679132	0.949	193	13	13	6	0.6842	0	50	0	0.6842	PASS	den	0.6804,0.6134,0.8634,0.6521,0.5773,0.5464,0.6314,0.6418,0.6211,0.6366,0.6495,0.6366,0.5052,0.6237,0.6289,0.6392,0.6366,0.6392,0.6237	HG02106_hap2	Den	30258	0.949
HG02106_hap2_chr16	88262239	88265890	0.715	27	4	4	4	0.5	0	5	0	0.5	PASS	den	0.7857,0.6607,0.8571,0.6786,0.6429,0.6786,0.6786,0.6607,0.625,0.6786,0.6607,0.625,0.6607,0.6429,0.7679,0.7679,0.7321,0.6964,0.7321	HG02106_hap2	Den	3651	0.715
HG02106_hap2_chr16	90108497	90115821	0.914	90	7	7	16	0.3043	0	58	0	0.3043	PASS	den	0.7747,0.7582,0.8242,0.6154,0.5934,0.6044,0.5934,0.6484,0.6484,0.6209,0.6374,0.5934,0.5989,0.6484,0.7582,0.6703,0.7857,0.7088,0.6374	HG02106_hap2	Den	7324	0.914
HG02106_hap2_chr17	13764909	13794991	0.947	234	14	14	17	0.4516	0	76	0	0.4516	PASS	den	0.6894,0.6532,0.9234,0.7404,0.7213,0.717,0.7149,0.7106,0.6872,0.7,0.6723,0.6979,0.7404,0.717,0.7128,0.7213,0.7128,0.7745,0.8213	HG02106_hap2	Den	30082	0.947
HG02106_hap2_chr17	32014002	32107678	0.842	345	13	13	25	0.3421	0	123	0	0.3421	PASS	den	0.6965,0.6662,0.922,0.7038,0.7095,0.7081,0.6994,0.6792,0.6951,0.6618,0.6633,0.6951,0.7066,0.8208,0.815,0.8092,0.8092,0.8064,0.8006	HG02106_hap2	Den	93676	0.842
HG02106_hap2_chr17	32135380	32270132	0.946	483	23	22	22	0.5	1	206	0.0048	0.4785	PASS	den	0.7464,0.6941,0.9254,0.727,0.733,0.7312,0.6997,0.6987,0.7027,0.6599,0.6723,0.698,0.6914,0.8173,0.8103,0.8134,0.7738,0.8109,0.7674	HG02106_hap2	Den	134752	0.946
HG02106_hap2_chr17	35325221	35337966	0.906	70	8	8	18	0.3077	0	12	0	0.3077	PASS	den	0.6197,0.5423,0.6972,0.6056,0.5704,0.5563,0.5986,0.5493,0.5352,0.5775,0.5775,0.5563,0.5493,0.7254,0.7183,0.7394,0.7183,0.7324,0.7254	HG02106_hap2	Den	12745	0.906
HG02106_hap2_chr17	42578051	42592409	0.976	257	147	0	22	0	147	44	0.7696	0.7696	PASS	den	0.4063,0.3782,0.5565,0.201,0.1279,0.2058,0.2047,0.0957,0.0966,0.2891,0.1249,0.1357,0.1974,0.0996,0.0858,0.0846,0.2596,0.2934,0.2268	HG02106_hap2	Den	14358	0.976
HG02106_hap2_chr17	63672141	63693795	0.777	159	7	7	13	0.35	0	134	0	0.35	PASS	den	0.8719,0.725,0.9156,0.6188,0.6625,0.6312,0.65,0.7,0.6562,0.6312,0.6344,0.6344,0.6656,0.6406,0.7531,0.7281,0.7594,0.75,0.6219	HG02106_hap2	Den	21654	0.777
HG02106_hap2_chr18	514689	518567	0.776	34	4	4	2	0.6667	0	12	0	0.6667	PASS	den	0.6571,0.6429,0.9286,0.5571,0.5857,0.6429,0.6714,0.6571,0.6429,0.6286,0.5857,0.6714,0.6571,0.6571,0.6571,0.6571,0.6571,0.6429,0.5571	HG02106_hap2	Den	3878	0.776
HG02106_hap2_chr18	5007017	5012777	0.906	67	6	6	2	0.75	0	66	0	0.75	PASS	den	0.8971,0.7426,0.9706,0.6838,0.6765,0.6838,0.6691,0.6544,0.6691,0.6691,0.6544,0.5221,0.6397,0.5441,0.5662,0.5074,0.6765,0.6838,0.7574	HG02106_hap2	Den	5760	0.906
HG02106_hap2_chr18	14305017	14306109	0.65	42	4	4	5	0.4444	0	17	0	0.4444	PASS	den	0.8256,0.5814,0.8837,0.593,0.4767,0.5814,0.5581,0.5698,0.593,0.4884,0.3256,0.5814,0.593,0.6395,0.593,0.6047,0.6395,0.6395,0.6395	HG02106_hap2	Den	1092	0.65
HG02106_hap2_chr18	14322171	14328347	0.942	138	9	9	16	0.36	0	95	0	0.36	PASS	den	0.8417,0.8129,0.8849,0.7266,0.6942,0.6835,0.7302,0.6942,0.6871,0.6187,0.6942,0.6727,0.6906,0.8237,0.6978,0.8201,0.8129,0.8201,0.8165	HG02106_hap2	Den	6176	0.942
HG02106_hap2_chr18	14348841	14371419	0.873	191	9	9	28	0.2432	0	116	0	0.2432	PASS	den	0.7969,0.7734,0.8542,0.6667,0.6927,0.6562,0.6667,0.6641,0.6667,0.6667,0.6406,0.6849,0.651,0.7474,0.6719,0.7943,0.7891,0.7891,0.7891	HG02106_hap2	Den	22578	0.873
HG02106_hap2_chr18	14416365	14449062	0.834	213	9	8	7	0.5333	1	152	0.0065	0.4748	PASS	den	0.8563,0.8324,0.9349,0.7342,0.712,0.7236,0.7007,0.7357,0.733,0.7084,0.6969,0.7596,0.7064,0.7475,0.7498,0.7741,0.7776,0.8085,0.8093	HG02106_hap2	Den	32697	0.834
HG02106_hap2_chr18	14584376	14605424	0.902	166	10	8	11	0.4211	2	86	0.0227	0.3414	PASS	den	0.7487,0.7619,0.8743,0.6954,0.7084,0.6948,0.7023,0.7001,0.6739,0.6723,0.6815,0.7059,0.6757,0.7804,0.7466,0.772,0.7002,0.7222,0.6962	HG02106_hap2	Den	21048	0.902
HG02106_hap2_chr18	29767786	29795865	0.954	137	30	30	23	0.566	0	36	0	0.566	PASS	den	0.5797,0.5833,0.8297,0.5399,0.558,0.5725,0.5471,0.558,0.5435,0.5362,0.558,0.5507,0.5652,0.5399,0.5725,0.5471,0.558,0.6377,0.5471	HG02106_hap2	Den	28079	0.954
HG02106_hap2_chr18	52327187	52419187	0.981	444	68	66	11	0.8571	2	73	0.0267	0.8327	PASS	den	0.7175,0.65,0.9563,0.6284,0.5882,0.5712,0.6295,0.6332,0.6322,0.6023,0.6025,0.6051,0.6091,0.5955,0.5905,0.607,0.5915,0.5937,0.5942	HG02106_hap2	Den	92000	0.981
HG02106_hap2_chr18	55857225	55859894	0.734	22	4	4	2	0.6667	0	16	0	0.6667	PASS	den	0.8261,0.6522,0.8696,0.5435,0.3913,0.3913,0.3261,0.413,0.413,0.4565,0.3913,0.4348,0.413,0.413,0.413,0.413,0.413,0.413,0.413	HG02106_hap2	Den	2669	0.734
HG02106_hap2_chr18	79813703	79825118	0.925	78	22	22	13	0.6286	0	9	0	0.6286	PASS	den	0.5506,0.519,0.8291,0.5063,0.5063,0.4873,0.5127,0.5,0.5,0.4937,0.4937,0.5063,0.5,0.7342,0.4937,0.7342,0.6519,0.6139,0.538	HG02106_hap2	Den	11415	0.925
HG02106_hap2_chr19	5147794	5168130	0.972	182	57	57	22	0.7215	0	150	0	0.7215	PASS	den	0.8087,0.5546,0.8798,0.3224,0.3142,0.2842,0.3634,0.2869,0.2896,0.3251,0.3388,0.2951,0.2623,0.347,0.306,0.3169,0.3579,0.3361,0.3169	HG02106_hap2	Den	20336	0.972
HG02106_hap2_chr19	8685435	8689433	0.734	48	4	4	1	0.8	0	35	0	0.8	PASS	den	0.8163,0.8673,0.9796,0.7857,0.7959,0.8061,0.7755,0.7449,0.7449,0.7959,0.8163,0.6735,0.7755,0.8776,0.7857,0.7959,0.7449,0.7551,0.7755	HG02106_hap2	Den	3998	0.734
HG02106_hap2_chr19	8754959	8767764	0.953	138	13	13	26	0.3333	0	90	0	0.3333	PASS	den	0.7698,0.6259,0.8094,0.5288,0.5144,0.5216,0.5791,0.5755,0.5755,0.5791,0.5683,0.5647,0.5647,0.5396,0.518,0.5036,0.4928,0.6007,0.5755	HG02106_hap2	Den	12805	0.953
HG02106_hap2_chr19	16962460	16966052	0.864	45	9	9	2	0.8182	0	9	0	0.8182	PASS	den	0.5435,0.6196,0.9565,0.5217,0.4674,0.6304,0.4783,0.5217,0.5,0.4891,0.5326,0.5435,0.5435,0.75,0.7283,0.7609,0.5435,0.7391,0.7609	HG02106_hap2	Den	3592	0.864
HG02106_hap2_chr19	46281420	46291689	0.719	123	8	8	6	0.5714	0	68	0	0.5714	PASS	den	0.8387,0.746,0.9355,0.6855,0.6411,0.629,0.6895,0.629,0.6694,0.6613,0.6532,0.6935,0.7137,0.6411,0.6129,0.6169,0.6532,0.7782,0.7702	HG02106_hap2	Den	10269	0.719
HG02106_hap2_chr19	46365308	46368786	0.64	29	3	3	6	0.3333	0	21	0	0.3333	PASS	den	0.6167,0.7833,0.8,0.7833,0.7167,0.7167,0.6333,0.75,0.7333,0.7167,0.7333,0.7833,0.7167,0.6667,0.7333,0.75,0.7,0.8333,0.7333	HG02106_hap2	Den	3478	0.64
HG02106_hap2_chr19	46459111	46473510	0.87	96	8	8	39	0.1702	0	36	0	0.1702	PASS	den	0.5567,0.5412,0.5876,0.4897,0.5,0.4433,0.4897,0.4948,0.4845,0.5,0.4845,0.5,0.5052,0.5,0.4794,0.4845,0.4897,0.7268,0.7268	HG02106_hap2	Den	14399	0.87
HG02106_hap2_chr2	9683639	9793063	0.993	1362	542	542	467	0.5372	0	965	0	0.5372	PASS	den	0.5726,0.464,0.6552,0.1809,0.1871,0.1838,0.1816,0.2047,0.1842,0.1812,0.1933,0.1842,0.1886,0.2098,0.2153,0.2157,0.2058,0.2117,0.2098	HG02106_hap2	Den	109424	0.993
HG02106_hap2_chr2	11779281	11810177	0.92	209	10	10	20	0.3333	0	53	0	0.3333	PASS	den	0.8452,0.7429,0.9024,0.6905,0.6976,0.6929,0.6238,0.6714,0.7143,0.7048,0.681,0.6643,0.6952,0.7167,0.7143,0.7,0.7048,0.6857,0.7214	HG02106_hap2	Den	30896	0.92
HG02106_hap2_chr2	37013052	37017615	0.916	134	35	0	11	0	35	19	0.6481	0.6481	PASS	den	0.5257,0.7037,0.5544,0.262,0.2455,0.2516,0.2304,0.2878,0.2374,0.2773,0.1703,0.2211,0.1996,0.2888,0.6837,0.2124,0.3,0.6009,0.4748	HG02106_hap2	Den	4563	0.916
HG02106_hap2_chr2	40316266	40322955	0.905	68	8	8	5	0.6154	0	58	0	0.6154	PASS	den	0.8623,0.6739,0.9275,0.587,0.558,0.558,0.5725,0.5797,0.587,0.5507,0.5797,0.5652,0.5217,0.5725,0.587,0.587,0.7101,0.529,0.6304	HG02106_hap2	Den	6689	0.905
HG02106_hap2_chr2	44477854	44490296	0.799	92	5	5	7	0.4167	0	17	0	0.4167	PASS	den	0.7473,0.629,0.9194,0.6183,0.6613,0.6559,0.6505,0.6344,0.6344,0.6022,0.6075,0.6129,0.629,0.6022,0.7634,0.6344,0.629,0.7688,0.629	HG02106_hap2	Den	12442	0.799
HG02106_hap2_chr2	45954738	45959796	0.595	42	4	4	10	0.2857	0	5	0	0.2857	PASS	den	0.6512,0.6163,0.7674,0.6628,0.6512,0.686,0.6977,0.686,0.686,0.686,0.6628,0.6628,0.6628,0.686,0.686,0.7093,0.686,0.7326,0.7093	HG02106_hap2	Den	5058	0.595
HG02106_hap2_chr2	55856434	55867200	0.875	78	7	5	10	0.3333	2	56	0.0345	0.2479	PASS	den	0.7657,0.7722,0.8222,0.6487,0.6926,0.6434,0.6904,0.6079,0.6918,0.6708,0.7019,0.6259,0.6753,0.6368,0.6241,0.6246,0.7468,0.7543,0.6554	HG02106_hap2	Den	10766	0.875
HG02106_hap2_chr2	56206295	56213699	0.911	80	7	7	8	0.4667	0	54	0	0.4667	PASS	den	0.8395,0.784,0.8951,0.6914,0.7099,0.7531,0.6605,0.6667,0.7346,0.7037,0.6358,0.7222,0.7099,0.7593,0.7716,0.7778,0.7099,0.8025,0.7222	HG02106_hap2	Den	7404	0.911
HG02106_hap2_chr2	56620300	56627556	0.923	99	7	7	6	0.5385	0	82	0	0.5385	PASS	den	0.825,0.675,0.93,0.605,0.65,0.555,0.625,0.54,0.625,0.53,0.63,0.555,0.59,0.66,0.625,0.505,0.505,0.715,0.705	HG02106_hap2	Den	7256	0.923
HG02106_hap2_chr2	62665483	62719391	0.941	302	27	27	32	0.4576	0	128	0	0.4576	PASS	den	0.736,0.6452,0.8894,0.5462,0.6139,0.5974,0.5495,0.6205,0.5957,0.5759,0.5957,0.6106,0.6188,0.5528,0.5528,0.6205,0.5545,0.5462,0.5545	HG02106_hap2	Den	53908	0.941
HG02106_hap2_chr2	81993652	82005306	0.88	74	8	8	19	0.2963	0	33	0	0.2963	PASS	den	0.62,0.6,0.7333,0.5333,0.5867,0.5467,0.5333,0.5333,0.54,0.5333,0.5333,0.5,0.54,0.7267,0.7267,0.54,0.74,0.7467,0.7333	HG02106_hap2	Den	11654	0.88
HG02106_hap2_chr2	97384970	97396865	0.865	92	20	1	6	0.1429	19	50	0.2754	0.2687	PASS	den	0.5023,0.6425,0.5579,0.2392,0.2785,0.2749,0.2983,0.2934,0.2789,0.2889,0.3056,0.2479,0.2343,0.2684,0.2175,0.2958,0.297,0.3569,0.2717	HG02106_hap2	Den	11895	0.865
HG02106_hap2_chr2	97437530	97502637	0.949	312	70	0	44	0	70	205	0.2545	0.2545	PASS	den	0.4227,0.6033,0.4552,0.1705,0.1618,0.1749,0.1534,0.1697,0.135,0.171,0.1477,0.1389,0.1449,0.1669,0.1507,0.1604,0.1697,0.2221,0.1503	HG02106_hap2	Den	65107	0.949
HG02106_hap2_chr2	111373071	111405043	0.901	153	9	9	3	0.75	0	140	0	0.75	PASS	den	0.9221,0.8669,0.9708,0.7565,0.7727,0.7565,0.7727,0.7727,0.7825,0.7435,0.7695,0.7435,0.7532,0.737,0.7532,0.7565,0.8279,0.7597,0.8409	HG02106_hap2	Den	31972	0.901
HG02106_hap2_chr2	112395096	112398066	0.577	19	3	3	0	1	0	19	0	1	PASS	den	0.95,0.725,1.0,0.55,0.65,0.6,0.625,0.6,0.625,0.45,0.55,0.55,0.625,0.725,0.6,0.5,0.725,0.725,0.525	HG02106_hap2	Den	2970	0.577
HG02106_hap2_chr2	129691796	129694156	0.883	75	25	0	3	0	25	41	0.3788	0.3788	PASS	den	0.1975,0.3183,0.328,0.0621,0.0322,0.059,0.138,0.0451,0.1053,0.0988,0.1254,0.0464,0.1622,0.0717,0.014,0.0493,0.0475,0.0154,0.0425	HG02106_hap2	Den	2360	0.883
HG02106_hap2_chr2	141152795	141188693	0.97	320	20	20	27	0.4255	0	76	0	0.4255	PASS	den	0.7913,0.6791,0.9159,0.6838,0.6698,0.6324,0.69,0.6464,0.6838,0.6854,0.6682,0.6589,0.7025,0.7866,0.7009,0.7648,0.6495,0.7835,0.7819	HG02106_hap2	Den	35898	0.97
HG02106_hap2_chr2	163802922	163823622	0.929	102	8	7	11	0.3889	1	21	0.0455	0.346	PASS	den	0.7766,0.7472,0.8394,0.7268,0.7213,0.7157,0.7369,0.7276,0.7166,0.7064,0.7284,0.698,0.7172,0.7427,0.7355,0.7333,0.7322,0.7453,0.7813	HG02106_hap2	Den	20700	0.929
HG02106_hap2_chr2	175436135	175471165	0.97	345	49	49	48	0.5052	0	216	0	0.5052	PASS	den	0.7905,0.6517,0.8584,0.4986,0.5434,0.5332,0.5275,0.5202,0.5289,0.5058,0.5275,0.5448,0.5303,0.5275,0.5318,0.5217,0.5087,0.6792,0.6763	HG02106_hap2	Den	35030	0.97
HG02106_hap2_chr2	192000250	192019889	0.897	87	6	6	6	0.5	0	48	0	0.5	PASS	den	0.8352,0.6818,0.9091,0.6364,0.5966,0.6023,0.6705,0.6591,0.625,0.625,0.5284,0.5966,0.5966,0.767,0.767,0.608,0.6136,0.6364,0.7557	HG02106_hap2	Den	19639	0.897
HG02106_hap2_chr2	223811745	223831992	0.946	120	20	20	16	0.5556	0	21	0	0.5556	PASS	den	0.7645,0.6529,0.8678,0.5909,0.6116,0.6033,0.595,0.6074,0.5992,0.6116,0.6074,0.6405,0.6116,0.7397,0.7686,0.6653,0.6488,0.6529,0.7397	HG02106_hap2	Den	20247	0.946
HG02106_hap2_chr2	227135689	227369861	0.949	1426	110	108	117	0.48	2	397	0.005	0.4714	PASS	den	0.8106,0.6806,0.9009,0.6199,0.6525,0.618,0.6387,0.6398,0.6259,0.6061,0.6481,0.6414,0.6467,0.6608,0.6197,0.6223,0.6669,0.6465,0.6142	HG02106_hap2	Den	234172	0.949
HG02106_hap2_chr2	232366108	232387453	0.925	114	7	7	4	0.6364	0	32	0	0.6364	PASS	den	0.7652,0.6391,0.9609,0.6087,0.5783,0.5739,0.6304,0.5957,0.6478,0.5913,0.6522,0.6348,0.6478,0.6609,0.6652,0.613,0.6261,0.613,0.6261	HG02106_hap2	Den	21345	0.925
HG02106_hap2_chr2	240625256	240626739	0.782	36	15	0	8	0	15	9	0.625	0.625	PASS	den	0.474,0.7783,0.5134,0.2803,0.3507,0.2768,0.2738,0.2554,0.2214,0.2819,0.3188,0.2822,0.337,0.3531,0.2916,0.1912,0.306,0.3185,0.2205	HG02106_hap2	Den	1483	0.782
HG02106_hap2_chr20	33110142	33127727	0.908	112	7	7	11	0.3889	0	53	0	0.3889	PASS	den	0.823,0.708,0.8938,0.6195,0.6195,0.6062,0.5265,0.6947,0.6372,0.6195,0.646,0.6814,0.646,0.7655,0.7257,0.6681,0.7655,0.7478,0.7655	HG02106_hap2	Den	17585	0.908
HG02106_hap2_chr20	48866655	48882746	0.957	169	16	16	20	0.4444	0	36	0	0.4444	PASS	den	0.8059,0.7618,0.8824,0.7059,0.7176,0.7059,0.6029,0.7029,0.7382,0.6118,0.5971,0.6118,0.7029,0.8382,0.8412,0.7588,0.7412,0.8235,0.8324	HG02106_hap2	Den	16091	0.957
HG02106_hap2_chr20	51547259	51559843	0.94	98	31	31	8	0.7949	0	25	0	0.7949	PASS	den	0.5303,0.5303,0.904,0.5202,0.5303,0.5354,0.4848,0.4899,0.5152,0.5253,0.5101,0.5,0.4848,0.7172,0.4848,0.4899,0.5303,0.5051,0.4848	HG02106_hap2	Den	12584	0.94
HG02106_hap2_chr21	41837555	41860979	0.757	166	10	10	17	0.3704	0	47	0	0.3704	PASS	den	0.6737,0.6737,0.8084,0.6108,0.6198,0.6317,0.6497,0.6467,0.6347,0.6228,0.6257,0.6437,0.6497,0.7635,0.7455,0.7246,0.7156,0.6018,0.7275	HG02106_hap2	Den	23424	0.757
HG02106_hap2_chr22	17248111	17248871	0.742	24	4	4	2	0.6667	0	13	0	0.6667	PASS	den	0.78,0.66,0.9,0.54,0.54,0.54,0.54,0.6,0.6,0.54,0.58,0.62,0.6,0.56,0.54,0.44,0.48,0.52,0.62	HG02106_hap2	Den	760	0.742
HG02106_hap2_chr22	32551428	32570037	0.974	250	115	114	41	0.7355	1	122	0.0081	0.7292	PASS	den	0.77,0.5446,0.8266,0.3618,0.3637,0.3642,0.3641,0.3562,0.3478,0.3562,0.3677,0.3779,0.3714,0.6548,0.3613,0.3657,0.6519,0.3544,0.6521	HG02106_hap2	Den	18609	0.974
HG02106_hap2_chr22	33226062	33248556	0.94	131	16	14	8	0.6364	3	38	0.0732	0.537	PASS	den	0.7294,0.6985,0.8626,0.6018,0.6105,0.6048,0.6335,0.6308,0.6293,0.627,0.583,0.6001,0.5759,0.6153,0.5799,0.6018,0.6075,0.6067,0.5893	HG02106_hap2	Den	22494	0.94
HG02106_hap2_chr22	41289928	41315875	0.841	172	17	17	4	0.8095	0	79	0	0.8095	PASS	den	0.8786,0.6994,0.9249,0.6156,0.6532,0.6156,0.5896,0.6301,0.6474,0.604,0.5983,0.6012,0.6387,0.5867,0.5723,0.6387,0.6647,0.5751,0.6474	HG02106_hap2	Den	25947	0.841
HG02106_hap2_chr3	6794370	6814933	0.858	103	6	6	10	0.375	0	14	0	0.375	PASS	den	0.7596,0.7452,0.9038,0.6538,0.6779,0.649,0.6394,0.6731,0.6442,0.6394,0.6298,0.6346,0.6875,0.6923,0.6587,0.6827,0.6538,0.7019,0.6683	HG02106_hap2	Den	20563	0.858
HG02106_hap2_chr3	21255943	21291949	0.982	374	36	35	36	0.493	1	142	0.007	0.4795	PASS	den	0.7945,0.6826,0.8936,0.5704,0.6417,0.6232,0.6007,0.6183,0.5903,0.6284,0.5761,0.6005,0.6385,0.6056,0.6093,0.6259,0.6448,0.6226,0.7224	HG02106_hap2	Den	36006	0.982
HG02106_hap2_chr3	34054811	34069770	0.912	102	15	15	13	0.5357	0	23	0	0.5357	PASS	den	0.6699,0.6359,0.8738,0.6505,0.6845,0.6408,0.6602,0.6796,0.6796,0.6505,0.6505,0.6456,0.6408,0.6748,0.6748,0.6845,0.665,0.7913,0.7961	HG02106_hap2	Den	14959	0.912
HG02106_hap2_chr3	35871308	35905122	0.959	149	10	10	15	0.4	0	58	0	0.4	PASS	den	0.7633,0.7167,0.89,0.6867,0.7167,0.6933,0.6833,0.6867,0.7267,0.6933,0.6867,0.6933,0.6833,0.7433,0.82,0.82,0.8267,0.8267,0.84	HG02106_hap2	Den	33814	0.959
HG02106_hap2_chr3	55234314	55240812	0.912	72	11	11	11	0.5	0	54	0	0.5	PASS	den	0.7329,0.6712,0.8493,0.6027,0.5548,0.5822,0.6027,0.5479,0.6027,0.5479,0.5342,0.6027,0.5479,0.5753,0.5685,0.5616,0.5616,0.589,0.5616	HG02106_hap2	Den	6498	0.912
HG02106_hap2_chr3	98431534	98436707	0.795	75	5	5	6	0.4545	0	60	0	0.4545	PASS	den	0.8224,0.75,0.9211,0.6842,0.6711,0.6579,0.6579,0.6842,0.6711,0.6184,0.6382,0.6316,0.6711,0.6513,0.7763,0.5855,0.5855,0.5855,0.5855	HG02106_hap2	Den	5173	0.795
HG02106_hap2_chr3	102254655	102280715	0.829	178	15	15	18	0.4545	0	45	0	0.4545	PASS	den	0.743,0.6676,0.824,0.6536,0.6592,0.6313,0.6453,0.6257,0.6788,0.6592,0.6397,0.6285,0.6648,0.7737,0.8017,0.7709,0.8017,0.8017,0.8045	HG02106_hap2	Den	26060	0.829
HG02106_hap2_chr3	122263427	122266908	0.563	37	3	3	0	1	0	34	0	1	PASS	den	0.9211,0.6974,1.0,0.5526,0.5658,0.5789,0.5658,0.5658,0.5395,0.5526,0.6184,0.6316,0.6184,0.5263,0.5395,0.6053,0.5395,0.5789,0.5789	HG02106_hap2	Den	3481	0.563
HG02106_hap2_chr3	129123498	129140046	0.928	133	10	9	12	0.4286	1	56	0.0175	0.3875	PASS	den	0.7245,0.7201,0.8699,0.6044,0.5551,0.6711,0.6649,0.6473,0.6358,0.6095,0.6205,0.6724,0.6351,0.749,0.6484,0.6738,0.6653,0.6484,0.7315	HG02106_hap2	Den	16548	0.928
HG02106_hap2_chr3	138146439	138161593	0.841	124	11	11	21	0.3438	0	78	0	0.3438	PASS	den	0.776,0.62,0.824,0.512,0.504,0.516,0.512,0.504,0.524,0.54,0.5,0.516,0.492,0.688,0.688,0.488,0.696,0.696,0.688	HG02106_hap2	Den	15154	0.841
HG02106_hap2_chr3	156523971	156529419	0.807	34	6	6	7	0.4615	0	10	0	0.4615	PASS	den	0.4857,0.6286,0.8,0.6143,0.6143,0.5429,0.6,0.5714,0.6,0.5857,0.6,0.5857,0.6143,0.5571,0.7286,0.7286,0.6,0.7714,0.7429	HG02106_hap2	Den	5448	0.807
HG02106_hap2_chr3	156556473	156568455	0.835	62	5	5	15	0.25	0	9	0	0.25	PASS	den	0.6984,0.6587,0.7381,0.6111,0.6111,0.5952,0.5952,0.6032,0.5952,0.5873,0.6111,0.5714,0.5873,0.627,0.7619,0.6032,0.5952,0.746,0.7778	HG02106_hap2	Den	11982	0.835
HG02106_hap2_chr3	166092901	166096920	0.907	73	6	6	7	0.4615	0	68	0	0.4615	PASS	den	0.8041,0.6554,0.9054,0.5946,0.4054,0.4054,0.4122,0.3919,0.3919,0.5946,0.5878,0.5743,0.4054,0.4054,0.4392,0.3581,0.3851,0.4189,0.4122	HG02106_hap2	Den	4019	0.907
HG02106_hap2_chr3	197866765	197876867	0.883	98	16	16	13	0.5517	0	10	0	0.5517	PASS	den	0.4747,0.3939,0.8687,0.4343,0.4495,0.4141,0.3838,0.404,0.404,0.3788,0.3788,0.4495,0.3889,0.3838,0.3788,0.3535,0.3939,0.3939,0.3788	HG02106_hap2	Den	10102	0.883
HG02106_hap2_chr4	3838455	3838700	0.535	9	3	3	0	1	0	9	0	1	PASS	den	0.7,0.65,1.0,0.5,0.5,0.55,0.55,0.45,0.45,0.45,0.55,0.55,0.55,0.5,0.5,0.5,0.5,0.55,0.5	HG02106_hap2	Den	245	0.535
HG02106_hap2_chr4	38825036	38833025	0.905	75	9	9	21	0.3	0	42	0	0.3	PASS	den	0.6513,0.5789,0.7039,0.4539,0.4342,0.4671,0.4474,0.4079,0.4211,0.4276,0.4605,0.4013,0.4539,0.4276,0.6842,0.6842,0.6776,0.6842,0.6842	HG02106_hap2	Den	7989	0.905
HG02106_hap2_chr4	39838045	39859705	0.933	160	19	19	19	0.5	1	51	0.0192	0.476	PASS	den	0.687,0.734,0.8544,0.6336,0.6306,0.6585,0.6197,0.6743,0.6942,0.6293,0.6284,0.6807,0.6395,0.7997,0.7123,0.789,0.7528,0.7752,0.7649	HG02106_hap2	Den	21660	0.933
HG02106_hap2_chr4	70821148	70826537	0.899	72	6	6	3	0.6667	0	61	0	0.6667	PASS	den	0.8493,0.7877,0.9589,0.6096,0.6233,0.6438,0.7192,0.6781,0.6918,0.6575,0.589,0.6849,0.6781,0.7945,0.6644,0.6849,0.7945,0.6712,0.7466	HG02106_hap2	Den	5389	0.899
HG02106_hap2_chr4	72250737	72256436	0.923	87	16	16	11	0.5926	0	71	0	0.5926	PASS	den	0.8125,0.7443,0.8693,0.5966,0.6136,0.6023,0.6136,0.608,0.5284,0.5682,0.5909,0.5739,0.5341,0.7557,0.7443,0.75,0.7443,0.75,0.5739	HG02106_hap2	Den	5699	0.923
HG02106_hap2_chr4	94765974	94778960	0.868	125	7	7	3	0.7	0	66	0	0.7	PASS	den	0.8889,0.8492,0.9762,0.8294,0.8254,0.8214,0.8095,0.8294,0.8294,0.8333,0.8413,0.6905,0.8254,0.8889,0.8532,0.8294,0.8333,0.8849,0.8929	HG02106_hap2	Den	12986	0.868
HG02106_hap2_chr4	113520163	113521217	0.577	12	3	3	0	1	0	1	0	1	PASS	den	0.7692,0.5,1.0,0.3846,0.3846,0.3462,0.3846,0.4231,0.3846,0.3462,0.3462,0.3846,0.3846,0.2692,0.3077,0.3462,0.3462,0.2692,0.2692	HG02106_hap2	Den	1054	0.577
HG02106_hap2_chr4	119527625	119543326	0.862	200	32	0	6	0	32	118	0.2133	0.2133	PASS	den	0.6261,0.8077,0.6723,0.3415,0.3045,0.3273,0.3164,0.3352,0.2776,0.3445,0.335,0.2815,0.2889,0.3593,0.4849,0.3762,0.3374,0.5729,0.5008	HG02106_hap2	Den	15701	0.862
HG02106_hap2_chr4	143647538	143756381	0.977	630	37	34	34	0.5	3	117	0.025	0.4615	PASS	den	0.7815,0.6498,0.908,0.6283,0.6641,0.6073,0.6579,0.6253,0.6281,0.6476,0.6343,0.6481,0.6448,0.6414,0.6304,0.5985,0.6731,0.6714,0.6714	HG02106_hap2	Den	108843	0.977
HG02106_hap2_chr4	163698902	163720441	0.9	85	9	9	11	0.45	0	15	0	0.45	PASS	den	0.7093,0.686,0.8023,0.6279,0.6337,0.6395,0.6279,0.6512,0.6686,0.6279,0.6105,0.6395,0.6512,0.6453,0.7791,0.7674,0.6453,0.6395,0.6744	HG02106_hap2	Den	21539	0.9
HG02106_hap2_chr4	166608599	166632647	0.934	122	12	12	20	0.375	1	22	0.0435	0.3495	PASS	den	0.6734,0.6757,0.7955,0.6297,0.6334,0.6467,0.6406,0.6224,0.6355,0.6791,0.6526,0.6693,0.669,0.6548,0.8097,0.6446,0.6649,0.7691,0.7628	HG02106_hap2	Den	24048	0.934
HG02106_hap2_chr4	169008512	169032377	0.928	106	9	8	8	0.5	1	22	0.0435	0.4493	PASS	den	0.6991,0.6113,0.8067,0.6308,0.5686,0.6239,0.5595,0.6335,0.6332,0.599,0.5972,0.6334,0.6323,0.5761,0.5984,0.6312,0.6532,0.6459,0.6043	HG02106_hap2	Den	23865	0.928
HG02106_hap2_chr4	169296221	169303058	0.897	60	8	8	3	0.7273	0	52	0	0.7273	PASS	den	0.9016,0.7049,0.9508,0.5246,0.541,0.5164,0.5492,0.5164,0.5164,0.582,0.5492,0.5738,0.5246,0.7131,0.7213,0.7131,0.7049,0.541,0.7213	HG02106_hap2	Den	6837	0.897
HG02106_hap2_chr4	175863705	175869956	0.896	77	7	7	4	0.6364	0	74	0	0.6364	PASS	den	0.8846,0.6795,0.9359,0.6282,0.6026,0.6282,0.5513,0.6538,0.6603,0.6218,0.6154,0.5577,0.6474,0.6538,0.6859,0.6923,0.6859,0.7051,0.4936	HG02106_hap2	Den	6251	0.896
HG02106_hap2_chr4	180400313	180410382	0.891	56	12	10	12	0.4545	2	7	0.2222	0.4158	PASS	den	0.6263,0.5637,0.7397,0.5331,0.5338,0.5472,0.5183,0.5413,0.5579,0.5132,0.5408,0.5032,0.5269,0.5129,0.5185,0.5216,0.5465,0.5364,0.6643	HG02106_hap2	Den	10069	0.891
HG02106_hap2_chr5	30905638	30909156	0.821	38	7	7	3	0.7	0	2	0	0.7	PASS	den	0.5769,0.5,0.9231,0.5128,0.4231,0.4359,0.4359,0.4359,0.4615,0.4359,0.4231,0.4359,0.4615,0.4487,0.4103,0.4487,0.4231,0.6667,0.6667	HG02106_hap2	Den	3518	0.821
HG02106_hap2_chr5	70642395	70834105	0.979	602	107	9	117	0.0714	98	303	0.2444	0.2298	PASS	den	0.4525,0.6052,0.6638,0.3561,0.372,0.3278,0.3698,0.3281,0.4538,0.3738,0.3392,0.2048,0.353,0.2286,0.3112,0.3131,0.5839,0.5899,0.4713	HG02106_hap2	Den	191710	0.979
HG02106_hap2_chr5	75478167	75502506	0.944	179	12	12	32	0.2727	0	108	0	0.2727	PASS	den	0.7722,0.7667,0.8111,0.6806,0.7,0.6833,0.6944,0.6861,0.6833,0.6861,0.6944,0.6944,0.7028,0.7972,0.7972,0.7806,0.8472,0.7639,0.8361	HG02106_hap2	Den	24339	0.944
HG02106_hap2_chr5	79077924	79083430	0.909	87	8	8	2	0.8	0	71	0	0.8	PASS	den	0.9091,0.8239,0.9773,0.8011,0.7614,0.7784,0.7784,0.7159,0.7727,0.6648,0.6989,0.7216,0.767,0.8636,0.7159,0.7557,0.7443,0.7216,0.767	HG02106_hap2	Den	5506	0.909
HG02106_hap2_chr5	88633867	88714199	0.932	334	30	29	68	0.299	1	57	0.0172	0.2896	PASS	den	0.6933,0.6383,0.7777,0.6478,0.6386,0.6433,0.6441,0.6395,0.6661,0.6544,0.6443,0.642,0.6558,0.6817,0.6513,0.651,0.6769,0.6528,0.6626	HG02106_hap2	Den	80332	0.932
HG02106_hap2_chr5	124476472	124485258	0.913	103	27	27	22	0.551	0	73	0	0.551	PASS	den	0.726,0.6298,0.7885,0.4615,0.4615,0.4423,0.4279,0.4567,0.4231,0.4567,0.4375,0.4615,0.4231,0.7067,0.7019,0.6779,0.7115,0.7115,0.7115	HG02106_hap2	Den	8786	0.913
HG02106_hap2_chr5	133015063	133036418	0.896	92	10	10	13	0.4348	0	10	0	0.4348	PASS	den	0.5806,0.6022,0.8495,0.5914,0.6022,0.6237,0.5968,0.6183,0.6022,0.5968,0.5914,0.5914,0.672,0.7634,0.7742,0.7742,0.7742,0.7527,0.7581	HG02106_hap2	Den	21355	0.896
HG02106_hap2_chr5	152254585	152256791	0.538	21	3	3	0	1	0	15	0	1	PASS	den	0.8636,0.6818,0.9318,0.6136,0.5455,0.5682,0.5,0.5455,0.5455,0.5909,0.5909,0.5682,0.6136,0.7045,0.5682,0.7045,0.6818,0.6364,0.5227	HG02106_hap2	Den	2206	0.538
HG02106_hap2_chr5	166784612	166792842	0.714	71	5	5	2	0.7143	0	9	0	0.7143	PASS	den	0.8056,0.6667,0.8958,0.6042,0.6111,0.6458,0.5903,0.5972,0.5972,0.6111,0.6181,0.6319,0.6181,0.7639,0.7639,0.7639,0.5972,0.7639,0.6181	HG02106_hap2	Den	8230	0.714
HG02106_hap2_chr5	176460902	176490687	0.832	114	6	6	6	0.5	0	94	0	0.5	PASS	den	0.8043,0.7348,0.9348,0.6565,0.6478,0.6826,0.6652,0.6609,0.6609,0.6435,0.5783,0.6043,0.6609,0.7391,0.7217,0.7304,0.6652,0.6739,0.7217	HG02106_hap2	Den	29785	0.832
HG02106_hap2_chr5	178964263	178980789	0.867	110	25	25	27	0.4808	0	39	0	0.4808	PASS	den	0.5405,0.518,0.7477,0.4505,0.4279,0.4279,0.4279,0.4369,0.4369,0.4505,0.4414,0.4279,0.473,0.6622,0.6712,0.4459,0.6712,0.6667,0.6802	HG02106_hap2	Den	16526	0.867
HG02106_hap2_chr6	210334	228647	0.858	102	23	0	15	0	23	41	0.3594	0.3594	PASS	den	0.3207,0.5399,0.4057,0.171,0.2164,0.1998,0.4359,0.1579,0.1423,0.1746,0.181,0.2183,0.1602,0.5767,0.1167,0.6411,0.2201,0.4858,0.3783	HG02106_hap2	Den	18313	0.858
HG02106_hap2_chr6	9812932	9857767	0.974	373	42	42	108	0.28	0	160	0	0.28	PASS	den	0.5749,0.5388,0.7045,0.5174,0.496,0.5013,0.4947,0.496,0.496,0.492,0.512,0.5094,0.4947,0.6898,0.4906,0.4906,0.5174,0.4947,0.5214	HG02106_hap2	Den	44835	0.974
HG02106_hap2_chr6	18417582	18442081	0.967	202	47	47	40	0.5402	0	47	0	0.5402	PASS	den	0.5172,0.4828,0.803,0.4335,0.4458,0.4704,0.4532,0.4507,0.4483,0.4631,0.4458,0.4433,0.4729,0.4606,0.4704,0.4286,0.4483,0.4236,0.4236	HG02106_hap2	Den	24499	0.967
HG02106_hap2_chr6	19479529	19484823	0.799	73	5	5	2	0.7143	0	64	0	0.7143	PASS	den	0.8919,0.9189,0.973,0.8446,0.7432,0.8243,0.8446,0.8311,0.7095,0.7095,0.7365,0.8514,0.7432,0.9257,0.8311,0.8378,0.9257,0.8986,0.8986	HG02106_hap2	Den	5294	0.799
HG02106_hap2_chr6	29209359	29214692	0.845	48	10	10	4	0.7143	0	39	0	0.7143	PASS	den	0.7551,0.6735,0.8878,0.5714,0.5612,0.5102,0.5102,0.5306,0.5408,0.5102,0.5306,0.5204,0.5204,0.5306,0.5714,0.5612,0.7245,0.5612,0.7245	HG02106_hap2	Den	5333	0.845
HG02106_hap2_chr6	30936179	30962041	0.97	374	20	20	2	0.9091	0	90	0	0.9091	PASS	den	0.8787,0.7787,0.9813,0.7227,0.7013,0.684,0.6867,0.7,0.704,0.652,0.704,0.5547,0.7373,0.676,0.6493,0.6733,0.6907,0.6867,0.7107	HG02106_hap2	Den	25862	0.97
HG02106_hap2_chr6	32592975	32595311	0.935	311	18	18	10	0.6429	0	281	0	0.6429	PASS	den	0.899,0.6394,0.9567,0.5128,0.4696,0.4792,0.5016,0.484,0.484,0.476,0.4535,0.4936,0.4952,0.4439,0.476,0.4631,0.4936,0.4375,0.4119	HG02106_hap2	Den	2336	0.935
HG02106_hap2_chr6	32602043	32602805	0.702	78	4	4	11	0.2667	0	76	0	0.2667	PASS	den	0.8165,0.6519,0.8608,0.462,0.3481,0.4114,0.4873,0.4557,0.519,0.3544,0.3671,0.2785,0.4747,0.4367,0.462,0.4937,0.462,0.4747,0.4684	HG02106_hap2	Den	762	0.702
HG02106_hap2_chr6	42084628	42086107	0.714	22	4	4	0	1	0	9	0	1	PASS	den	0.8913,0.7174,1.0,0.587,0.5652,0.5652,0.6304,0.5435,0.5435,0.5435,0.5652,0.5435,0.5217,0.6304,0.587,0.587,0.5435,0.6304,0.5652	HG02106_hap2	Den	1479	0.714
HG02106_hap2_chr6	51764714	51797714	0.955	179	65	63	5	0.9265	2	34	0.0556	0.8997	PASS	den	0.5887,0.5466,0.7922,0.5018,0.5174,0.4922,0.5059,0.5022,0.4999,0.4843,0.5025,0.5096,0.5222,0.5112,0.516,0.7048,0.5096,0.4939,0.6989	HG02106_hap2	Den	33000	0.955
HG02106_hap2_chr6	67947010	67958373	0.574	130	6	6	24	0.2	0	98	0	0.2	PASS	den	0.7252,0.7214,0.8092,0.7672,0.6183,0.7786,0.7748,0.7214,0.7557,0.7824,0.7443,0.771,0.7634,0.813,0.7366,0.7595,0.8206,0.8015,0.8168	HG02106_hap2	Den	11363	0.574
HG02106_hap2_chr6	98157443	98162951	0.878	60	7	7	7	0.5	0	50	0	0.5	PASS	den	0.8033,0.6148,0.8689,0.4262,0.541,0.418,0.5492,0.4098,0.418,0.5492,0.4262,0.418,0.418,0.4098,0.4098,0.418,0.4098,0.418,0.418	HG02106_hap2	Den	5508	0.878
HG02106_hap2_chr6	121086659	121094710	0.906	111	7	7	3	0.7	0	103	0	0.7	PASS	den	0.9152,0.8705,0.9732,0.7857,0.8125,0.7634,0.8214,0.7545,0.8393,0.817,0.7455,0.8125,0.6295,0.8393,0.8348,0.8438,0.8393,0.8482,0.8348	HG02106_hap2	Den	8051	0.906
HG02106_hap2_chr6	127499155	127504474	0.955	147	11	11	13	0.4583	0	120	0	0.4583	PASS	den	0.8615,0.7264,0.9122,0.6149,0.6318,0.6081,0.5473,0.5946,0.6453,0.5878,0.5709,0.6115,0.6216,0.6081,0.5912,0.6216,0.7061,0.6318,0.5912	HG02106_hap2	Den	5319	0.955
HG02106_hap2_chr6	134880412	134895312	0.821	72	5	5	3	0.625	0	23	0	0.625	PASS	den	0.8767,0.6712,0.9589,0.637,0.5411,0.6027,0.6096,0.5548,0.6027,0.6233,0.6096,0.6096,0.6164,0.7329,0.726,0.7329,0.6712,0.6849,0.6712	HG02106_hap2	Den	14900	0.821
HG02106_hap2_chr7	3664532	3665797	0.741	22	4	4	3	0.5714	0	7	0	0.5714	PASS	den	0.7391,0.5652,0.8696,0.587,0.5652,0.4783,0.4348,0.587,0.4783,0.6087,0.4348,0.587,0.4348,0.6957,0.6087,0.4565,0.6739,0.6957,0.6739	HG02106_hap2	Den	1265	0.741
HG02106_hap2_chr7	7454534	7459141	0.896	154	41	0	21	0	41	91	0.3106	0.3106	PASS	den	0.5836,0.7484,0.6727,0.1793,0.1614,0.16,0.1748,0.179,0.198,0.0612,0.1878,0.2006,0.3063,0.4421,0.345,0.4752,0.2329,0.1846,0.1825	HG02106_hap2	Den	4607	0.896
HG02106_hap2_chr7	10726533	10730114	0.773	45	4	4	2	0.6667	0	32	0	0.6667	PASS	den	0.8587,0.7391,0.9457,0.663,0.6413,0.7065,0.7174,0.7283,0.6848,0.6413,0.6739,0.6957,0.6957,0.7609,0.6957,0.7826,0.75,0.6739,0.75	HG02106_hap2	Den	3581	0.773
HG02106_hap2_chr7	19775711	19797335	0.824	166	9	8	17	0.32	1	46	0.0213	0.2868	PASS	den	0.7698,0.6794,0.8548,0.6113,0.6979,0.5936,0.628,0.6447,0.6487,0.6275,0.6654,0.6886,0.6879,0.694,0.7129,0.6755,0.6386,0.6396,0.6455	HG02106_hap2	Den	21624	0.824
HG02106_hap2_chr7	27853368	27870390	0.842	123	7	7	11	0.3889	0	40	0	0.3889	PASS	den	0.6573,0.7702,0.8871,0.7056,0.6815,0.7177,0.7097,0.6411,0.6935,0.6895,0.6855,0.6774,0.7097,0.629,0.7177,0.6331,0.6895,0.6734,0.6855	HG02106_hap2	Den	17022	0.842
HG02106_hap2_chr7	33062505	33092196	0.963	216	13	13	21	0.3824	0	69	0	0.3824	PASS	den	0.818,0.7212,0.8917,0.6982,0.6198,0.6982,0.7143,0.629,0.6959,0.6843,0.6889,0.6544,0.6889,0.7765,0.788,0.7834,0.7212,0.6912,0.7258	HG02106_hap2	Den	29691	0.963
HG02106_hap2_chr7	33332995	33341338	0.92	81	21	21	10	0.6774	0	26	0	0.6774	PASS	den	0.6341,0.6341,0.878,0.5366,0.5427,0.5549,0.5549,0.561,0.5305,0.5427,0.5061,0.5488,0.5549,0.5122,0.75,0.561,0.7134,0.7378,0.7134	HG02106_hap2	Den	8343	0.92
HG02106_hap2_chr7	46496795	46500886	0.781	29	4	4	0	1	0	27	0	1	PASS	den	0.9333,0.7667,1.0,0.6,0.6167,0.6833,0.6,0.5833,0.6,0.6167,0.6667,0.5833,0.6,0.5833,0.6,0.6667,0.65,0.5833,0.6667	HG02106_hap2	Den	4091	0.781
HG02106_hap2_chr7	48056764	48061889	0.767	37	4	4	1	0.8	0	6	0	0.8	PASS	den	0.8421,0.7368,0.9737,0.6447,0.6316,0.7237,0.6711,0.6842,0.7237,0.7237,0.6842,0.6711,0.6842,0.8158,0.6974,0.8158,0.7105,0.8158,0.6974	HG02106_hap2	Den	5125	0.767
HG02106_hap2_chr7	51185440	51235722	0.974	357	30	30	28	0.5172	0	67	0	0.5172	PASS	den	0.8492,0.7249,0.919,0.6341,0.648,0.6411,0.6439,0.5908,0.5936,0.6341,0.6061,0.6006,0.6299,0.6117,0.6201,0.6187,0.6131,0.5992,0.6089	HG02106_hap2	Den	50282	0.974
HG02106_hap2_chr7	69102369	69116427	0.889	85	7	7	3	0.7	0	57	0	0.7	PASS	den	0.8721,0.6686,0.9593,0.6453,0.6628,0.6279,0.5814,0.5116,0.6512,0.6512,0.6337,0.564,0.6105,0.5872,0.6105,0.6221,0.6453,0.7209,0.7209	HG02106_hap2	Den	14058	0.889
HG02106_hap2_chr7	74671419	74693007	0.703	52	4	4	7	0.3636	0	27	0	0.3636	PASS	den	0.8019,0.7642,0.8491,0.7736,0.7453,0.7453,0.7264,0.717,0.6604,0.7264,0.7453,0.7264,0.7547,0.7925,0.7547,0.7358,0.7453,0.7547,0.7736	HG02106_hap2	Den	21588	0.703
HG02106_hap2_chr7	79479967	79497342	0.879	59	6	6	9	0.4	0	19	0	0.4	PASS	den	0.7417,0.7167,0.85,0.6333,0.6583,0.6667,0.7,0.6583,0.6167,0.65,0.65,0.6583,0.6833,0.8,0.7917,0.7167,0.675,0.7417,0.6833	HG02106_hap2	Den	17375	0.879
HG02106_hap2_chr7	120708644	120728905	0.961	182	29	28	27	0.5091	1	51	0.0192	0.4922	PASS	den	0.7176,0.6433,0.833,0.6319,0.6432,0.6139,0.6102,0.6141,0.6343,0.5967,0.5974,0.6324,0.6314,0.6285,0.7608,0.7702,0.6331,0.6286,0.6435	HG02106_hap2	Den	20261	0.961
HG02106_hap2_chr7	130370342	130410866	0.956	187	12	12	14	0.4615	0	111	0	0.4615	PASS	den	0.8351,0.7287,0.9096,0.6941,0.6862,0.6729,0.6809,0.6888,0.6809,0.6356,0.6835,0.6915,0.6489,0.6303,0.6729,0.6941,0.6835,0.6729,0.6809	HG02106_hap2	Den	40524	0.956
HG02106_hap2_chr7	135808107	135818320	0.939	94	16	16	18	0.4706	0	67	0	0.4706	PASS	den	0.7263,0.5158,0.8105,0.3684,0.3684,0.3421,0.3947,0.3789,0.4053,0.3789,0.3737,0.3842,0.4,0.3526,0.6158,0.6053,0.6053,0.6053,0.3579	HG02106_hap2	Den	10213	0.939
HG02106_hap2_chr7	152054384	152078808	0.69	173	8	7	8	0.4667	1	126	0.0079	0.4093	PASS	den	0.8527,0.7197,0.9194,0.5908,0.5789,0.5607,0.566,0.6131,0.6505,0.5787,0.6049,0.5895,0.6018,0.6024,0.6107,0.6173,0.5983,0.6,0.5951	HG02106_hap2	Den	24424	0.69
HG02106_hap2_chr7	156091634	156096134	0.745	158	7	7	8	0.4667	0	120	0	0.4667	PASS	den	0.8585,0.7484,0.9403,0.544,0.5975,0.5126,0.5912,0.5755,0.5566,0.5377,0.5535,0.566,0.544,0.5535,0.6164,0.5723,0.6761,0.6006,0.6321	HG02106_hap2	Den	4500	0.745
HG02106_hap2_chr7	159222800	159252258	0.949	159	10	10	17	0.3704	0	35	0	0.3704	PASS	den	0.8219,0.6656,0.8875,0.6312,0.6469,0.6656,0.6687,0.6188,0.6875,0.6469,0.6281,0.6406,0.6438,0.7406,0.7406,0.6125,0.7469,0.7406,0.6125	HG02106_hap2	Den	29458	0.949
HG02106_hap2_chr8	323306	360755	0.988	1088	344	1	44	0.0222	344	700	0.3295	0.3286	PASS	den	0.2869,0.4524,0.3044,0.0765,0.0912,0.0697,0.0827,0.0802,0.0738,0.0856,0.0768,0.0699,0.0911,0.0835,0.0699,0.0807,0.0823,0.1289,0.0873	HG02106_hap2	Den	37449	0.988
HG02106_hap2_chr8	1503733	1508633	0.878	61	7	7	10	0.4118	0	5	0	0.4118	PASS	den	0.7097,0.5806,0.8387,0.4758,0.4597,0.4919,0.5645,0.4758,0.4758,0.5403,0.5645,0.5565,0.4758,0.6048,0.6935,0.629,0.6613,0.6694,0.6129	HG02106_hap2	Den	4900	0.878
HG02106_hap2_chr8	3983528	3985748	0.857	56	5	5	1	0.8333	0	48	0	0.8333	PASS	den	0.8947,0.8158,0.9825,0.5789,0.7368,0.6404,0.693,0.7105,0.7544,0.693,0.7281,0.7193,0.7544,0.7456,0.7632,0.8246,0.7544,0.7632,0.7719	HG02106_hap2	Den	2220	0.857
HG02106_hap2_chr8	7215422	7248206	0.979	635	229	2	32	0.0588	227	331	0.4068	0.4038	PASS	den	0.5293,0.6349,0.6266,0.1324,0.1239,0.1299,0.1547,0.1435,0.0895,0.1231,0.144,0.2554,0.1297,0.1223,0.1422,0.1264,0.1418,0.2003,0.1565	HG02106_hap2	Den	32784	0.979
HG02106_hap2_chr8	7263062	7439962	0.995	1744	765	2	267	0.0074	763	889	0.4619	0.4607	PASS	den	0.2098,0.4525,0.457,0.0493,0.0529,0.0436,0.0644,0.0387,0.0537,0.0451,0.0762,0.1433,0.0591,0.0629,0.2386,0.0759,0.0935,0.2006,0.0827	HG02106_hap2	Den	176900	0.995
HG02106_hap2_chr8	10097827	10132997	0.936	299	25	25	8	0.7576	0	35	0	0.7576	PASS	den	0.7633,0.6267,0.8733,0.605,0.5867,0.5817,0.5617,0.5833,0.5767,0.5717,0.585,0.61,0.565,0.615,0.5933,0.585,0.5883,0.5867,0.5733	HG02106_hap2	Den	35170	0.936
HG02106_hap2_chr8	11512886	11527506	0.928	125	49	0	15	0	49	66	0.4261	0.4261	PASS	den	0.4777,0.623,0.6186,0.0265,0.1167,0.0529,0.1011,0.0361,0.0423,0.0597,0.0826,0.1552,0.0607,0.1719,0.2603,0.2397,0.3882,0.3808,0.1928	HG02106_hap2	Den	14620	0.928
HG02106_hap2_chr8	11539787	11596917	0.973	797	182	2	85	0.023	180	457	0.2826	0.2797	PASS	den	0.5292,0.7229,0.6596,0.19,0.1837,0.1958,0.1031,0.154,0.1838,0.1715,0.2233,0.2763,0.1798,0.2075,0.4185,0.2049,0.247,0.3268,0.2284	HG02106_hap2	Den	57130	0.973
HG02106_hap2_chr8	16728090	16749443	0.906	238	26	26	17	0.6047	0	23	0	0.6047	PASS	den	0.864,0.6506,0.9268,0.5272,0.5565,0.5084,0.5628,0.5816,0.5272,0.5335,0.5586,0.5502,0.5314,0.5335,0.5251,0.5544,0.5293,0.6172,0.5	HG02106_hap2	Den	21353	0.906
HG02106_hap2_chr8	31846934	31902931	0.939	272	22	20	32	0.3846	2	31	0.0606	0.3552	PASS	den	0.7452,0.6731,0.7873,0.7067,0.6845,0.6649,0.6848,0.6838,0.6848,0.6718,0.6356,0.6773,0.6808,0.6883,0.6997,0.6783,0.6835,0.6818,0.6845	HG02106_hap2	Den	55997	0.939
HG02106_hap2_chr8	61977476	62007207	0.94	220	17	17	25	0.4048	0	25	0	0.4048	PASS	den	0.5837,0.5294,0.8778,0.4977,0.5769,0.5045,0.5158,0.5271,0.5226,0.4955,0.5158,0.5158,0.5136,0.5113,0.5588,0.7081,0.5136,0.5136,0.5181	HG02106_hap2	Den	29731	0.94
HG02106_hap2_chr8	81654033	81665869	0.933	89	33	33	6	0.8462	0	13	0	0.8462	PASS	den	0.8556,0.4778,0.9278,0.45,0.4389,0.45,0.4611,0.4444,0.45,0.45,0.4333,0.45,0.4389,0.4111,0.4444,0.4611,0.4111,0.4556,0.45	HG02106_hap2	Den	11836	0.933
HG02106_hap2_chr8	82116607	82126320	0.892	62	11	11	5	0.6875	0	9	0	0.6875	PASS	den	0.7381,0.5635,0.8968,0.5635,0.5635,0.5476,0.5635,0.5794,0.5714,0.5635,0.5635,0.5794,0.5714,0.5159,0.5238,0.5476,0.5635,0.5317,0.5238	HG02106_hap2	Den	9713	0.892
HG02106_hap2_chr8	100702532	100712325	0.87	49	7	7	9	0.4375	0	6	0	0.4375	PASS	den	0.66,0.65,0.8,0.64,0.61,0.65,0.68,0.67,0.65,0.63,0.62,0.63,0.66,0.78,0.8,0.75,0.67,0.67,0.67	HG02106_hap2	Den	9793	0.87
HG02106_hap2_chr8	101228055	101233176	0.838	43	5	5	2	0.7143	0	39	0	0.7143	PASS	den	0.8636,0.8068,0.9545,0.7045,0.6591,0.7273,0.7159,0.75,0.7614,0.7045,0.7045,0.75,0.6932,0.8295,0.7159,0.8409,0.7045,0.7273,0.7045	HG02106_hap2	Den	5121	0.838
HG02106_hap2_chr8	128868158	128869168	0.516	21	10	0	0	0	10	10	0.5	0.5	PASS	den	0.3331,0.3346,0.382,0.0972,0.1131,0.1252,0.1447,0.0943,0.1168,0.1274,0.0833,0.0457,0.1337,0.0983,0.0855,0.063,0.0758,0.1257,0.0971	HG02106_hap2	Den	1010	0.516
HG02106_hap2_chr8	128964896	129039104	0.916	426	56	56	50	0.5283	0	117	0	0.5283	PASS	den	0.6967,0.6194,0.8806,0.5808,0.5679,0.5761,0.5609,0.6276,0.582,0.5574,0.5644,0.6347,0.6054,0.6323,0.5691,0.5948,0.6276,0.5714,0.5761	HG02106_hap2	Den	74208	0.916
HG02106_hap2_chr8	145014778	145047676	0.96	185	25	23	38	0.377	2	55	0.0351	0.3497	PASS	den	0.6652,0.6771,0.766,0.5738,0.6035,0.5894,0.5785,0.5699,0.5634,0.5726,0.5798,0.5911,0.5855,0.5824,0.5985,0.599,0.5947,0.5899,0.5974	HG02106_hap2	Den	32898	0.96
HG02106_hap2_chr8	145160545	145162447	0.776	26	5	5	4	0.5556	0	18	0	0.5556	PASS	den	0.7407,0.7593,0.8519,0.6481,0.6667,0.6296,0.5926,0.6111,0.6296,0.6111,0.6111,0.6111,0.5556,0.6481,0.6296,0.6111,0.6667,0.6481,0.6296	HG02106_hap2	Den	1902	0.776
HG02106_hap2_chr9	30915574	30947685	0.912	289	12	12	21	0.3636	0	129	0	0.3636	PASS	den	0.6983,0.6603,0.9241,0.7138,0.6603,0.6569,0.6586,0.6638,0.6621,0.6845,0.6586,0.6448,0.6914,0.8121,0.8103,0.8155,0.6603,0.6603,0.6603	HG02106_hap2	Den	32111	0.912
HG02106_hap2_chr9	32698156	32709560	0.935	111	9	9	14	0.3913	0	72	0	0.3913	PASS	den	0.7991,0.7188,0.8616,0.6071,0.6027,0.6161,0.6384,0.5893,0.5804,0.5402,0.6027,0.6384,0.6027,0.6071,0.6027,0.6071,0.6161,0.75,0.7366	HG02106_hap2	Den	11404	0.935
HG02106_hap2_chr9	39600975	39601313	0.523	3	3	3	0	1	0	3	0	1	PASS	den	0.625,0.625,1.0,0.125,0.125,0.125,0.125,0.125,0.125,0.125,0.0,0.125,0.125,0.125,0.125,0.125,0.125,0.125,0.125	HG02106_hap2	Den	338	0.523
HG02106_hap2_chr9	67965347	67988959	0.94	197	15	15	36	0.2941	0	129	0	0.2941	PASS	den	0.7298,0.6187,0.798,0.5732,0.5126,0.5152,0.4924,0.4975,0.5076,0.4874,0.5732,0.4823,0.5429,0.6717,0.5051,0.5631,0.4899,0.6944,0.5076	HG02106_hap2	Den	23612	0.94
HG02106_hap2_chr9	73521816	73529126	0.911	86	6	6	7	0.4615	0	47	0	0.4615	PASS	den	0.8621,0.7011,0.9138,0.5977,0.6149,0.592,0.6034,0.6149,0.6149,0.5977,0.592,0.6092,0.5977,0.7414,0.6092,0.7241,0.5517,0.7184,0.592	HG02106_hap2	Den	7310	0.911
HG02106_hap2_chr9	86914192	86922342	0.746	37	4	4	4	0.5	0	19	0	0.5	PASS	den	0.8421,0.7632,0.8947,0.6842,0.6974,0.6974,0.6974,0.7105,0.6711,0.6974,0.6316,0.6974,0.6842,0.6579,0.6842,0.6579,0.6974,0.6842,0.6842	HG02106_hap2	Den	8150	0.746
HG02106_hap2_chr9	89988904	89996092	0.652	55	4	4	7	0.3636	0	41	0	0.3636	PASS	den	0.7679,0.6429,0.875,0.6161,0.625,0.6161,0.6071,0.6071,0.625,0.6339,0.5625,0.5893,0.5357,0.5893,0.6786,0.6696,0.4911,0.6786,0.6696	HG02106_hap2	Den	7188	0.652
HG02106_hap2_chr9	108048799	108078954	0.945	171	13	13	9	0.5909	0	39	0	0.5909	PASS	den	0.8924,0.814,0.939,0.7151,0.7238,0.718,0.7355,0.75,0.7442,0.6802,0.7035,0.7238,0.7384,0.7413,0.7326,0.811,0.7384,0.811,0.814	HG02106_hap2	Den	30155	0.945
HG02106_hap2_chr9	108439056	108471674	0.948	146	20	16	16	0.5	6	47	0.1132	0.3945	PASS	den	0.6207,0.5328,0.7289,0.552,0.571,0.5647,0.5481,0.5686,0.5706,0.5802,0.5367,0.5631,0.5274,0.5815,0.5878,0.531,0.5451,0.6955,0.6747	HG02106_hap2	Den	32618	0.948
HG02106_hap2_chr9	112315215	112323511	0.907	78	16	16	13	0.5517	0	23	0	0.5517	PASS	den	0.4557,0.4557,0.8291,0.4051,0.3987,0.3734,0.4873,0.3924,0.3924,0.3924,0.3797,0.3924,0.3987,0.3797,0.3861,0.3797,0.6013,0.3924,0.6772	HG02106_hap2	Den	8296	0.907
HG02106_hap2_chr9	131093058	131095044	0.795	28	7	7	0	1	0	27	0	1	PASS	den	0.8621,0.6379,1.0,0.2931,0.3276,0.3793,0.3621,0.5345,0.5172,0.3448,0.3793,0.3621,0.5345,0.5,0.5172,0.5172,0.3276,0.3276,0.3448	HG02106_hap2	Den	1986	0.795
